aid,anno,posizione,corrispondente,n_autori,wid
5000005424,2021,middle,False,6,W3196719896
5000009381,2022,middle,False,4,W4226365456
5000010949,2020,middle,False,4,W3119034563
5000026575,2021,middle,False,12,W3119786062
5000034551,2021,middle,False,8,W3142837074
5000037110,2021,middle,False,6,W3179680410
5000042874,2021,middle,False,5,W3217652996
5000048328,2022,middle,False,5,W4385573574
5000068719,2021,last,False,3,W3184980173
5000075012,2021,middle,False,7,W3212375254
5000078382,2021,middle,False,15,W3160766462
5000079751,2021,middle,False,5,W4205878222
5000080119,2021,middle,False,7,W3156394741
5000080545,2020,middle,False,8,W3110734869
5000082032,2022,middle,False,15,W4313251083
5000083284,2020,middle,True,12,W3094540663
5000087838,2022,middle,False,6,W4225642295
5000093992,2021,last,True,2,W3185676108
5000095574,2020,middle,False,13,W3117450517
5000102767,2021,last,False,3,W3204303572
5000106586,2021,last,False,4,W3198385690
5000111344,2022,last,False,5,W4285163830
5000115067,2021,first,False,4,W3185146124
5000121999,2021,first,False,4,W3211053344
5000122982,2022,middle,False,6,W4312493728
5000123568,2021,last,False,3,W3176887776
5000126238,2020,middle,False,22,W2979826702
5000136854,2020,last,False,3,W3204623544
5000141065,2020,middle,False,4,W3037285953
5000141628,2020,middle,False,3,W3094172275
5000141831,2022,last,False,10,W4285162243
5000166596,2022,middle,False,15,W4286480083
5000171798,2020,last,False,4,W3177839047
5000172750,2020,last,False,3,W3088822130
5000178744,2021,middle,False,6,W3201511955
5000188805,2021,middle,False,8,W3205927779
5000213321,2021,middle,False,7,W3205913984
5000214180,2022,middle,False,14,W4296886067
5000215170,2021,middle,False,4,W3197486099
5000215807,2022,middle,False,5,W4385572714
5000223629,2022,first,True,19,W4285211735
5000229374,2021,middle,False,3,W3156794988
5000232528,2021,middle,True,5,W3177219653
5000235008,2022,middle,False,10,W4226102430
5000263913,2019,last,False,4,W2990098892
5000298412,2019,last,False,4,W2968959040
5000312734,2020,last,False,7,W3103519070
5000314950,2020,middle,False,4,W3035407756
5000323469,2022,middle,False,5,W4212781518
5000327522,2022,middle,False,9,W4289985750
5000334344,2020,last,False,3,W3034849249
5000339878,2022,middle,True,5,W3095156104
5000345038,2022,middle,True,4,W3210380065
5000349069,2020,middle,False,5,W3035218869
5000357955,2021,middle,False,5,W3183579868
5000361724,2020,last,False,4,W3114980413
5000383993,2022,middle,False,11,W4229034605
5000400480,2022,first,False,3,W4312596239
5000408509,2022,middle,False,19,W4297977478
5000408865,2021,first,False,9,W3197349023
5000409439,2019,middle,True,5,W2991433488
5000416532,2022,last,False,3,W4289534020
5000436275,2022,middle,False,6,W4312965142
5000437338,2022,middle,False,3,W4226074601
5000444026,2021,middle,True,6,W3177599311
5000452220,2022,last,False,3,W4313854628
5000468844,2020,middle,False,3,W3117922048
5000475040,2021,last,False,3,W3153852290
5000475226,2021,middle,False,5,W4200182705
5000489917,2020,last,False,2,W3116902116
5000491132,2020,last,False,5,W3115198665
5000492580,2022,last,False,2,W4320801462
5000503591,2021,middle,False,11,W3189279073
5000527265,2021,middle,False,3,W3156293590
5000530309,2020,last,False,4,W3091973425
5000531950,2020,middle,False,9,W3011058458
5000537746,2020,middle,False,5,W3131290958
5000556967,2020,middle,False,3,W3087780320
5000560558,2022,middle,False,10,W3207878700
5000564739,2022,middle,False,5,W4289550913
5000615413,2022,last,False,3,W4309997703
5000617157,2020,last,False,4,W3121024243
5000629645,2022,last,False,7,W4320801657
5000649835,2022,middle,False,5,W4321510578
5000658598,2019,first,False,2,W2991227596
5000677611,2021,middle,False,4,W3157867677
5000683013,2021,first,True,3,W3156316299
5000683692,2020,last,False,5,W3106408139
5000684736,2021,last,False,3,W3173345969
5000688713,2022,last,False,9,W3138081324
5000692949,2022,middle,False,5,W4285045050
5000695937,2022,middle,False,9,W4312727366
5000707990,2020,middle,False,6,W3096650070
5000730473,2020,middle,False,6,W3096650070
5000731827,2022,first,False,3,W4224063383
5000753987,2019,last,False,4,W2978004179
5000755750,2021,first,True,14,W3172695159
5000756601,2022,middle,False,4,W4285820252
5000777798,2021,first,False,4,W4210999213
5000802351,2022,last,False,5,W4312480353
5000811147,2022,middle,False,9,W4312866343
5000812814,2022,middle,False,5,W4313229660
5000819439,2022,middle,False,5,W4224310864
5000822269,2020,last,False,4,W3005276590
5000830883,2022,first,False,4,W4313307261
5000831279,2021,first,True,8,W3207095490
5000839824,2021,middle,False,11,W3153662254
5000850685,2019,middle,False,7,W2911489562
5000851163,2022,last,False,5,W4386159765
5000872203,2022,middle,False,5,W4312177081
5000874697,2019,last,False,3,W2945236904
5000881869,2021,last,False,7,W3212290569
5000882682,2022,middle,False,7,W4282936491
5000905065,2022,middle,False,10,W4312068410
5000916925,2021,middle,False,10,W3201165747
5000933827,2022,middle,False,4,W4292847819
5000936680,2022,last,False,5,W4306317060
5000942192,2021,middle,False,7,W3152694464
5000942708,2021,middle,False,6,W3210221975
5000943271,2022,first,False,9,W4312656272
5000947559,2021,first,False,17,W4200213155
5000959052,2019,last,False,7,W2980867338
5000959775,2019,middle,False,6,W3004179129
5000963620,2019,last,False,2,W2995157073
5000966033,2021,middle,False,4,W3155937544
5000976863,2022,last,False,6,W4296312164
5000977599,2022,middle,False,7,W4284975662
5000985243,2021,middle,False,5,W3177275514
5000988425,2022,last,False,6,W4207010576
5000998458,2022,middle,False,3,W4312463730
5001012932,2022,first,False,6,W4301184456
5001013367,2021,first,False,7,W4206198736
5001022750,2022,last,False,3,W4283799640
5001027068,2022,middle,False,16,W4320024158
5001027226,2022,last,False,6,W4280631063
5001039604,2022,middle,False,5,W4287854446
5001048013,2022,middle,False,7,W4225497281
5001082066,2019,middle,False,4,W2970307457
5001082656,2019,middle,False,5,W2980216782
5001087917,2021,last,False,6,W3149762969
5001097474,2022,last,False,3,W4308424096
5001104882,2019,middle,False,6,W3016781606
5001117578,2021,middle,False,4,W4200232400
5001121325,2022,last,False,2,W4224243228
5001154916,2022,first,False,5,W4316021298
5001163027,2022,middle,False,4,W3205715971
5001187074,2020,first,True,1,W3115031019
5001188316,2022,middle,False,8,W4285306574
5001188748,2022,last,False,9,W4210827199
5001193136,2022,middle,False,5,W4226365911
5001201422,2020,last,False,3,W3037093597
5001203301,2022,middle,True,3,W4309647895
5001212991,2022,last,True,8,W4302009313
5001227032,2021,last,False,3,W3185008966
5001227049,2022,middle,False,3,W4226334468
5001237595,2019,middle,False,6,W2953612029
5001257681,2022,first,False,5,W4301146083
5001275374,2021,last,False,2,W3214664069
5001277622,2021,middle,False,7,W3170972077
5001279680,2020,last,False,14,W3122807568
5001291873,2020,middle,False,5,W3097882114
5001294898,2021,last,False,3,W3176409842
5001296486,2022,middle,False,15,W4226277421
5001300162,2021,last,False,3,W3163841364
5001306222,2021,middle,False,15,W3160766462
5001306335,2021,last,False,7,W3204995882
5001326226,2021,middle,False,4,W3157805235
5001364620,2022,last,True,2,W3193671171
5001366030,2020,first,False,3,W3116361778
5001371942,2021,last,False,4,W3175674388
5001373862,2022,middle,False,3,W4287854647
5001388944,2022,last,False,8,W4281875425
5001402526,2020,middle,False,5,W3080562041
5001408607,2020,middle,False,11,W3040155247
5001419875,2022,first,True,2,W4226229891
5001420166,2021,middle,False,4,W3207576805
5001421911,2022,middle,False,3,W4312547704
5001422049,2021,middle,False,3,W3213705241
5001438384,2021,last,False,3,W3153224075
5001443156,2021,last,False,3,W3165153695
5001445783,2022,last,False,3,W4294974793
5001453355,2021,middle,False,8,W3211356157
5001457706,2022,last,False,7,W4301392676
5001459748,2019,last,False,2,W2952570576
5001459810,2021,middle,False,6,W3201396039
5001467582,2022,first,True,4,W4313420306
5001473233,2022,middle,False,4,W4229079862
5001476445,2021,first,False,2,W3210728438
5001488518,2022,last,False,7,W4385573556
5001500450,2022,last,False,4,W4295904088
5001529504,2020,first,False,5,W3113610426
5001530562,2022,last,True,4,W4221152141
5001533038,2021,first,False,2,W3217329272
5001533588,2020,middle,False,5,W3035678232
5001571390,2020,middle,False,7,W2996854111
5001574496,2021,middle,False,18,W3164777966
5001584274,2021,middle,False,4,W3190162807
5001599037,2022,middle,False,11,W4287855194
5001599295,2019,middle,False,7,W2951221758
5001601327,2020,middle,False,7,W3015246548
5001607102,2022,middle,False,6,W4287512390
5001613337,2022,middle,False,3,W4294662652
5001616422,2022,middle,True,5,W4293092947
5001616788,2020,last,False,3,W3011510812
5001638640,2022,first,False,2,W4220906824
5001643829,2022,middle,False,5,W4281719801
5001647402,2022,first,False,3,W4287854890
5001656472,2022,middle,False,6,W4360996547
5001666028,2022,last,False,8,W4361020108
5001679413,2022,middle,False,9,W4313036289
5001681126,2021,middle,False,9,W3196890347
5001693750,2020,first,False,4,W3089573765
5001695309,2022,last,False,6,W4304099169
5001715707,2022,middle,False,8,W4285228085
5001715786,2021,middle,False,15,W3197281475
5001746215,2020,first,True,3,W2998738125
5001751044,2020,last,False,4,W3036914761
5001773781,2021,middle,False,8,W3193951565
5001795601,2022,last,False,8,W3207961486
5001822572,2021,middle,False,11,W3189279073
5001830342,2022,middle,False,15,W4313251083
5001841464,2022,middle,False,8,W4282049100
5001868646,2021,middle,False,7,W3153115344
5001872735,2022,middle,False,5,W4312265323
5001877137,2021,middle,False,6,W3208789749
5001889488,2019,middle,False,6,W2989400327
5001909797,2019,middle,False,5,W2984639880
5001914535,2019,last,False,3,W2988115511
5001947944,2020,last,False,5,W3089347855
5001948899,2022,middle,False,5,W4313330995
5001955372,2020,middle,False,6,W3101082165
5001956187,2020,middle,False,5,W3035449958
5001956210,2021,middle,False,4,W3214646912
5001961716,2020,last,False,4,W3103838460
5001981431,2021,last,True,6,W3176398418
5001984598,2022,last,False,4,W4385573265
5001984674,2021,middle,False,3,W3174499303
5002030503,2022,last,False,19,W4225164540
5002042909,2020,last,False,3,W3080238567
5002060759,2020,last,False,4,W3037285953
5002084962,2022,middle,False,3,W4286384723
5002085979,2022,middle,False,7,W4312678820
5002088499,2021,middle,False,7,W3152694464
5002103749,2021,last,False,2,W4206115791
5002115688,2020,middle,False,4,W3196747313
5002119636,2022,last,False,6,W4312931032
5002120708,2022,last,False,2,W4309080199
5002127716,2021,middle,True,6,W3213998394
5002149105,2019,middle,False,6,W3004179129
5002153093,2021,middle,False,5,W3130825283
5002165918,2022,middle,False,4,W4287887236
5002174692,2022,middle,False,5,W4385574062
5002182453,2019,middle,False,5,W2970521905
5002183883,2021,last,False,3,W4200565673
5002191410,2021,last,False,3,W4225808286
5002194830,2022,middle,False,7,W4313730715
5002196974,2021,middle,False,6,W3175306105
5002208999,2020,first,False,8,W3130911940
5002210013,2022,middle,True,5,W4303437844
5002212943,2021,first,False,3,W3206721867
5002218750,2021,first,False,2,W3183943918
5002220583,2022,middle,False,8,W4286368122
5002232506,2022,middle,False,5,W4292794834
5002241280,2020,first,False,5,W3037979089
5002275070,2022,middle,False,5,W4297818301
5002278578,2020,last,False,4,W3104788521
5002282690,2021,last,False,2,W3176995500
5002288369,2020,last,False,3,W3103699753
5002289161,2021,middle,False,3,W3162962341
5002291803,2022,middle,False,7,W4221043384
5002301422,2021,middle,False,7,W4205731455
5002311337,2019,first,False,6,W2970785793
5002340412,2021,middle,False,3,W3153852290
5002341443,2022,middle,False,7,W4293517975
5002360024,2022,middle,False,8,W4281756951
5002364120,2020,last,True,4,W3005576497
5002372483,2021,middle,False,4,W4200435900
5002373133,2021,middle,False,6,W4200051180
5002380437,2020,middle,False,15,W3037369528
5002381418,2022,first,False,12,W4280500332
5002391274,2022,last,True,5,W4283785634
5002394922,2021,last,False,4,W3212389293
5002398665,2021,middle,False,3,W3157513057
5002404808,2021,first,False,6,W3198763610
5002406417,2022,middle,False,5,W4312989333
5002418613,2022,last,False,2,W3206105327
5002419188,2020,last,False,4,W3034284249
5002419451,2019,last,False,5,W2984227554
5002426346,2020,last,False,4,W3101703188
5002433660,2021,first,False,6,W4210690962
5002442105,2020,last,False,5,W3173226725
5002462356,2021,last,False,4,W3210396964
5002474493,2022,last,True,3,W4285304803
5002474708,2022,last,False,2,W4308419420
5002475090,2022,middle,False,8,W4311812798
5002493210,2022,middle,False,18,W4310811141
5002499277,2020,middle,False,3,W3100727892
5002501266,2020,middle,False,5,W3093259129
5002503342,2019,last,False,3,W2998907024
5002518694,2019,middle,False,5,W2985881660
5002523892,2020,last,False,6,W3068336208
5002524545,2022,last,True,2,W4313415584
5002526108,2022,middle,False,5,W3166284356
5002528092,2021,first,False,6,W4205371973
5002528433,2022,first,False,2,W4385894658
5002528469,2022,middle,False,9,W3096436001
5002530990,2021,middle,False,7,W3205784907
5002536077,2022,last,False,2,W4224916926
5002539501,2022,middle,False,3,W4381248552
5002548520,2021,last,False,4,W3152019416
5002549511,2020,last,False,3,W3114208363
5002555329,2019,middle,False,5,W2970648896
5002571994,2022,middle,False,6,W4312814531
5002572296,2020,middle,False,4,W3116434366
5002599549,2022,last,False,4,W4318604498
5002601871,2021,first,False,5,W3127619158
5002603134,2022,middle,False,3,W4225726449
5002609594,2021,last,True,5,W3201554886
5002612388,2022,middle,False,3,W4281768709
5002623428,2022,middle,False,6,W4283266728
5002623953,2022,middle,False,9,W4385573007
5002625178,2022,middle,False,5,W4225136345
5002626040,2022,middle,False,5,W4361792302
5002627051,2021,middle,False,7,W3175991076
5002627939,2020,last,False,5,W3107973541
5002628427,2021,first,False,3,W3216452752
5002630102,2022,first,False,5,W4287887766
5002631807,2021,middle,True,9,W3137401156
5002634184,2022,middle,False,11,W4385573280
5002634808,2022,first,False,6,W4312253643
5002655608,2022,middle,False,9,W4303614118
5002661723,2020,middle,False,4,W3099215402
5002668522,2022,first,False,4,W4213084070
5002676236,2022,middle,False,20,W4281708620
5002684888,2022,middle,False,19,W4285211735
5002689250,2021,last,False,2,W4200023091
5002702999,2022,first,False,11,W4281779085
5002705720,2020,last,False,3,W3174294314
5002713029,2022,middle,False,7,W4285742007
5002719138,2022,last,False,2,W4312570309
5002740493,2021,first,False,4,W3177277450
5002746311,2020,middle,False,8,W3100262863
5002755684,2022,middle,False,17,W4292829068
5002764716,2022,middle,True,5,W4313531568
5002765890,2021,last,False,2,W3128963901
5002778538,2020,middle,False,6,W3104746486
5002795838,2021,last,False,5,W3181252431
5002797542,2021,middle,False,18,W3189296823
5002809454,2022,middle,False,4,W4294011860
5002810304,2022,middle,True,3,W4385573838
5002810541,2021,first,False,4,W3215143984
5002813297,2021,middle,False,5,W3136098199
5002822427,2021,first,False,3,W4206784538
5002836245,2021,middle,False,11,W3189205905
5002848015,2021,middle,False,5,W3155825510
5002855381,2022,middle,False,4,W4303628775
5002885872,2022,last,False,5,W4292829167
5002889503,2021,last,False,2,W3211848714
5002928269,2019,middle,False,3,W2970843291
5002942261,2019,middle,False,7,W2986629868
5002948518,2022,middle,True,6,W4292223319
5002971435,2022,middle,False,10,W4312501707
5002979461,2022,middle,False,4,W4283836186
5002981402,2021,middle,False,6,W3200851318
5003009126,2022,middle,False,6,W4221166007
5003022560,2022,last,True,4,W4311774868
5003025940,2021,middle,False,5,W3214816728
5003029072,2022,first,False,6,W4309344490
5003032564,2021,middle,False,11,W3189205905
5003032735,2021,middle,False,4,W3152120512
5003047329,2019,middle,False,9,W3004082545
5003076174,2020,last,False,4,W3090249280
5003076238,2021,middle,False,7,W3176721746
5003077083,2022,middle,False,5,W4285226694
5003092869,2022,middle,False,5,W4312454886
5003105685,2022,last,False,3,W4312894027
5003116834,2022,last,True,3,W4211090899
5003116915,2022,middle,True,7,W4311769525
5003125633,2019,middle,False,6,W2984008963
5003132155,2021,middle,False,5,W3138953784
5003140892,2020,first,False,2,W3161602381
5003152303,2022,first,True,3,W4210387393
5003156858,2020,middle,False,7,W3034731179
5003168176,2020,last,False,5,W3044384472
5003172151,2022,first,False,3,W4317382454
5003198271,2022,middle,False,6,W4226394973
5003203521,2022,middle,False,6,W4296312164
5003213649,2021,middle,False,9,W3209482800
5003217535,2019,middle,False,6,W2982275843
5003219699,2021,middle,False,3,W3174507191
5003220288,2021,middle,False,8,W3122060391
5003224545,2020,last,False,6,W3116711252
5003249945,2022,middle,False,7,W3093527386
5003257736,2021,last,False,5,W4205462791
5003269957,2021,first,False,7,W4231122779
5003275797,2020,middle,False,3,W3103298250
5003301022,2022,middle,False,6,W4283316904
5003304863,2022,last,False,5,W4313307622
5003317644,2019,first,False,5,W2970682957
5003324011,2020,middle,False,7,W2997585029
5003333136,2020,middle,False,4,W3116567268
5003335849,2019,last,False,3,W3098369808
5003354816,2022,first,True,3,W4287889470
5003384169,2021,middle,False,4,W3122542623
5003389639,2020,middle,False,5,W3099413717
5003393933,2022,last,False,4,W4225008299
5003396849,2022,middle,False,3,W4287887310
5003401464,2019,middle,False,8,W2970501962
5003416961,2020,middle,True,3,W3021523115
5003417915,2019,first,False,5,W2995969695
5003418485,2021,middle,False,6,W3196660344
5003420204,2021,middle,False,5,W3197324626
5003426221,2022,last,False,7,W4292794095
5003439569,2022,middle,False,7,W4309559560
5003446912,2020,middle,False,3,W3103370151
5003461093,2020,middle,True,4,W3026934743
5003473641,2021,middle,False,4,W3212021643
5003474730,2022,middle,False,8,W4287889957
5003483157,2020,last,False,2,W3012159372
5003484825,2021,middle,False,3,W4205388893
5003496440,2022,middle,False,4,W4283516025
5003520806,2022,last,False,4,W4220858660
5003528274,2020,first,False,3,W3012137864
5003550654,2019,last,False,6,W3005514250
5003557943,2021,middle,False,4,W3195666616
5003558571,2021,last,False,3,W4206348758
5003562224,2022,middle,False,10,W4285162243
5003566053,2021,middle,False,3,W3185274669
5003571051,2019,middle,False,5,W2990288623
5003578876,2022,first,False,6,W4306317833
5003587835,2021,middle,False,5,W4205091083
5003607066,2022,last,False,4,W4296068433
5003607819,2021,last,False,16,W3183988814
5003608618,2022,last,False,4,W4287854793
5003621523,2020,middle,False,6,W3100133897
5003625612,2022,last,False,4,W4296511187
5003632692,2021,middle,True,3,W3217564845
5003637850,2022,middle,False,4,W4385572854
5003638231,2021,last,False,3,W3118454585
5003640520,2021,last,False,10,W4248414713
5003653341,2019,last,True,3,W2973087366
5003673476,2020,last,False,2,W3109375587
5003679010,2022,last,False,2,W4285159263
5003690515,2021,middle,False,3,W3144667183
5003692107,2022,first,True,1,W4312450455
5003692270,2022,last,False,4,W4285605365
5003692772,2021,first,True,17,W3139150463
5003710781,2021,last,False,7,W3198233388
5003711513,2022,first,True,1,W4307492608
5003714034,2019,middle,False,3,W2953872833
5003717548,2022,middle,False,14,W4307582135
5003720552,2020,middle,False,6,W3119076394
5003725460,2022,middle,False,6,W4293253193
5003725957,2020,middle,False,8,W3016006013
5003730869,2020,middle,False,9,W3020206637
5003735433,2022,middle,False,8,W4301373587
5003737140,2022,middle,False,7,W4297818243
5003738065,2021,middle,False,6,W3177028045
5003746498,2022,middle,False,8,W4385574176
5003753939,2021,last,False,2,W3120249690
5003770809,2021,middle,False,6,W3153997766
5003774412,2021,middle,False,5,W3126315325
5003777693,2021,middle,False,3,W4226293266
5003777802,2021,middle,True,6,W3217728966
5003791447,2021,last,False,3,W3212869160
5003805192,2022,middle,False,9,W4214933845
5003809101,2021,last,False,3,W4205269420
5003814223,2021,last,False,3,W4226021270
5003830491,2020,first,True,3,W3101228803
5003833130,2021,middle,False,4,W4200232400
5003835661,2021,middle,False,5,W3174342531
5003853785,2021,middle,False,9,W3200523913
5003856741,2022,middle,False,7,W4296983878
5003870894,2019,last,False,2,W2953824385
5003875445,2021,last,False,7,W3157712880
5003884748,2021,first,False,3,W4210683284
5003885809,2020,middle,False,8,W2997793532
5003887059,2021,last,False,7,W4214701208
5003896409,2020,middle,False,3,W3045790525
5003924435,2019,first,False,7,W2972677859
5003933623,2019,last,False,3,W3004983594
5003948826,2021,last,False,3,W4200101290
5003964217,2020,middle,False,9,W4285751616
5003965204,2022,middle,True,13,W4310239597
5003976444,2021,middle,False,5,W4205888310
5003994256,2021,last,False,11,W3211148996
5003999741,2020,first,True,4,W3039423604
5004000951,2022,last,True,5,W4280503046
5004014878,2021,middle,False,8,W3204619801
5004036087,2021,middle,False,6,W4214663214
5004042624,2021,first,False,3,W4205471450
5004045226,2022,middle,False,3,W4297685754
5004081767,2021,last,False,6,W3207458021
5004086168,2020,last,False,4,W3012280586
5004094388,2020,first,False,3,W3032752329
5004096188,2021,middle,False,5,W3213250243
5004099467,2021,first,False,5,W4211178164
5004109655,2019,last,False,7,W2965536863
5004111307,2020,last,False,5,W3103522166
5004113066,2020,middle,False,5,W3104685001
5004115027,2022,middle,True,16,W4311711276
5004127158,2019,last,False,3,W3018965030
5004133705,2022,first,False,3,W4286266821
5004140094,2021,last,False,4,W3159890659
5004153371,2022,last,False,6,W4285242736
5004181572,2020,last,False,3,W3047140527
5004183420,2021,first,False,6,W3153973346
5004194238,2021,last,False,6,W3176472544
5004196006,2022,last,False,4,W4280547045
5004199452,2022,middle,False,9,W3197370269
5004201759,2022,middle,False,15,W4313251083
5004202420,2021,last,False,3,W3204949062
5004204048,2018,last,False,3,W2914655542
5004209720,2022,first,False,6,W4291908483
5004209770,2020,first,False,2,W3113924821
5004210985,2020,last,False,4,W3116878825
5004214531,2021,middle,False,4,W3136346046
5004217423,2022,middle,False,7,W4285283606
5004219694,2022,middle,True,5,W4229007392
5004224082,2019,last,False,3,W2972677162
5004229948,2022,middle,False,5,W4389009522
5004243536,2022,middle,False,6,W4385573177
5004245969,2020,middle,False,4,W3114968970
5004267853,2021,last,False,2,W3166204619
5004268590,2022,middle,True,4,W4385567355
5004281470,2021,last,True,2,W3156094121
5004286006,2021,middle,True,6,W3211959704
5004291375,2020,middle,False,13,W3016028808
5004292742,2020,middle,False,5,W3101111100
5004295653,2020,middle,False,6,W3035656139
5004299336,2020,middle,False,5,W3034668780
5004301353,2022,middle,False,14,W3205644108
5004305313,2019,first,False,3,W2977261044
5004305684,2022,last,False,2,W4283815582
5004324294,2020,last,False,6,W3113681927
5004328317,2021,last,False,2,W4206227781
5004328556,2021,first,False,6,W3175174987
5004352908,2022,middle,False,3,W4285148527
5004363895,2021,middle,False,7,W3113908264
5004365148,2021,middle,False,7,W3185041190
5004366934,2022,middle,False,3,W4293066609
5004372801,2022,first,False,6,W4311165836
5004384107,2019,middle,False,5,W2980813192
5004390455,2020,middle,False,6,W3012716314
5004393978,2022,middle,False,15,W4313251083
5004397011,2020,middle,False,4,W3015988193
5004398345,2020,last,False,3,W3102641573
5004402420,2022,middle,False,6,W4296069131
5004407926,2022,middle,False,7,W4287890983
5004412943,2019,last,False,4,W2898856000
5004418486,2022,middle,False,14,W4295761272
5004427885,2022,first,False,4,W4361733617
5004442899,2022,middle,False,4,W4281922639
5004444958,2022,middle,False,5,W4385567239
5004445404,2022,last,True,2,W3158663546
5004463973,2021,middle,False,6,W3129318751
5004474713,2022,middle,False,6,W4313527242
5004483487,2019,last,False,3,W2980731667
5004545243,2021,first,True,6,W3184285541
5004549615,2021,middle,False,3,W4210300724
5004569040,2022,first,False,3,W4285185775
5004579631,2020,middle,True,4,W3030056709
5004583134,2021,middle,False,6,W4200021102
5004590467,2022,middle,False,8,W4318147820
5004592091,2022,middle,False,3,W4313854628
5004596561,2021,first,False,4,W4206130444
5004599844,2021,middle,False,6,W4225688135
5004602106,2021,first,False,2,W3208821873
5004616142,2019,middle,False,8,W2941649920
5004625775,2021,middle,False,8,W4205384019
5004629670,2019,last,False,2,W2970485137
5004631854,2021,middle,False,11,W3203024440
5004643615,2022,last,False,6,W4310858572
5004652254,2022,middle,False,6,W4312602419
5004653709,2021,middle,False,9,W3137401156
5004655303,2021,first,False,5,W3192366713
5004659592,2022,middle,False,13,W3208687975
5004682067,2021,middle,False,5,W4213327237
5004688014,2020,middle,False,4,W3103089229
5004694827,2022,middle,False,7,W4285787147
5004699537,2021,middle,False,6,W4200440497
5004709508,2021,first,False,3,W4210300724
5004717608,2021,middle,False,7,W3170972077
5004720047,2021,middle,False,6,W4285355386
5004721205,2022,first,False,4,W4360765006
5004732284,2021,middle,False,6,W3126192030
5004732580,2021,middle,False,7,W3203961508
5004750246,2022,middle,False,5,W4214532801
5004753161,2022,first,False,6,W4312121033
5004759804,2020,last,False,6,W3114359485
5004760366,2022,last,False,2,W4293223548
5004770347,2022,last,False,12,W4285143611
5004770949,2019,first,False,3,W2974596429
5004777939,2022,middle,False,11,W4312142088
5004778663,2020,last,False,3,W3016042119
5004779687,2022,last,False,4,W4309122661
5004793184,2022,last,False,5,W4283797513
5004812994,2021,middle,False,4,W3212132373
5004829991,2021,last,False,3,W3202827312
5004857927,2020,middle,False,3,W3102042387
5004868515,2022,last,False,5,W4304080906
5004882141,2020,middle,False,6,W3034328552
5004894915,2021,first,False,2,W3204098685
5004895698,2022,middle,False,3,W4292787489
5004907832,2020,first,False,4,W3115599191
5004918186,2022,last,False,5,W4312708649
5004921249,2019,last,False,3,W2963188609
5004922965,2021,middle,False,6,W4205395483
5004924286,2021,middle,False,9,W3199079601
5004925367,2020,middle,False,3,W3143431740
5004946227,2021,middle,False,3,W3194795370
5004953265,2020,middle,False,3,W3035380217
5004953377,2021,last,False,3,W3199849862
5004959524,2022,middle,False,4,W4285227295
5004965166,2021,first,False,9,W3148246773
5004969615,2021,middle,False,6,W3209430997
5004970789,2022,middle,False,6,W4308146474
5004997843,2021,middle,False,8,W3206867815
5004999466,2022,middle,False,7,W4292295309
5005002693,2020,middle,False,6,W3107480012
5005003786,2022,middle,False,5,W4229082241
5005017697,2022,last,False,4,W4385573802
5005020376,2021,middle,False,25,W3204256746
5005027058,2021,last,False,2,W3208597397
5005040479,2022,last,True,2,W4295425581
5005050797,2020,last,False,6,W3116194881
5005052027,2021,middle,False,4,W3186778784
5005057675,2021,last,False,5,W3196778134
5005068793,2022,last,False,4,W4311167039
5005074637,2020,middle,False,4,W3095202034
5005088304,2021,first,False,3,W4210592015
5005091713,2020,last,False,5,W3090831139
5005092860,2022,middle,False,12,W4311863320
5005096692,2022,middle,False,6,W4284689326
5005107485,2021,middle,False,3,W4214894938
5005118558,2021,middle,False,3,W3210582988
5005130812,2020,middle,False,6,W3094741065
5005131176,2022,middle,False,10,W4316657902
5005135939,2020,middle,False,9,W3115081393
5005143333,2020,first,False,4,W3116807559
5005159978,2020,middle,False,6,W3105764023
5005163929,2020,middle,False,3,W3115653677
5005165943,2021,last,False,2,W4200259142
5005167596,2022,last,False,4,W4300054614
5005169817,2020,last,False,2,W3139347804
5005170146,2021,middle,False,7,W3172429379
5005192117,2022,last,False,5,W4292828962
5005207362,2019,middle,True,4,W2956138331
5005213202,2022,middle,False,3,W4287578763
5005221038,2022,middle,True,5,W4282922325
5005224649,2021,first,False,4,W4205430259
5005253980,2020,last,False,4,W3117527017
5005255629,2021,last,False,8,W3175096440
5005267835,2022,middle,False,5,W4312773760
5005274186,2021,last,True,3,W4200289363
5005277049,2021,middle,False,11,W4200627592
5005298264,2022,last,False,5,W4312317697
5005301360,2020,last,False,7,W3115990655
5005304261,2022,first,False,2,W4290995108
5005306821,2021,middle,False,6,W3186479087
5005315243,2019,last,False,4,W2970102799
5005328001,2022,last,False,6,W4385573951
5005333819,2022,middle,False,12,W4297914802
5005336295,2021,first,False,2,W3182483462
5005365762,2022,last,False,5,W4223560074
5005371696,2022,middle,False,15,W4287887979
5005377211,2020,middle,False,7,W3035365026
5005378965,2022,middle,False,4,W4221149301
5005382201,2020,middle,False,5,W3049185961
5005384561,2021,first,False,6,W4210817445
5005385745,2019,first,False,5,W2951211142
5005399871,2021,last,False,6,W3175986638
5005401414,2020,last,False,4,W3114100246
5005406384,2020,last,False,3,W3136112407
5005409420,2020,middle,False,4,W3104100020
5005411806,2019,middle,False,5,W2952682849
5005421447,2020,first,True,2,W3105470358
5005430934,2021,first,False,3,W3202995573
5005431144,2020,last,False,2,W3110543402
5005431772,2022,middle,False,8,W4385573045
5005432053,2020,middle,False,5,W3173226725
5005434807,2021,middle,False,5,W4206223745
5005438943,2021,middle,False,18,W3184780123
5005443526,2019,middle,False,4,W2971248291
5005448339,2022,middle,False,8,W3101447603
5005455141,2020,last,False,6,W3096315765
5005461040,2022,middle,False,4,W4285281193
5005463262,2022,middle,False,7,W4225342182
5005466925,2021,middle,False,6,W3207807747
5005486605,2022,first,False,3,W4312565955
5005500028,2021,last,False,3,W3184925421
5005505577,2022,middle,False,4,W4287854589
5005513786,2020,middle,False,5,W3034284720
5005516194,2020,middle,False,4,W3037903309
5005517707,2022,middle,False,6,W4214813689
5005525514,2022,last,True,6,W4283011315
5005529387,2021,last,False,6,W3208396733
5005530678,2022,last,True,2,W4385573704
5005531754,2019,first,False,4,W2970592413
5005533034,2022,last,False,2,W4285135404
5005533360,2022,middle,False,8,W4295868017
5005543131,2021,middle,False,5,W3182885581
5005554337,2020,middle,False,4,W3130660608
5005565161,2020,last,False,4,W3111939271
5005575421,2022,middle,False,6,W4285043710
5005578132,2020,middle,False,4,W3115633976
5005591013,2021,middle,False,5,W4205345281
5005591242,2022,middle,False,6,W4313489927
5005605270,2022,last,True,7,W3093527386
5005605700,2021,first,False,5,W3206360718
5005607315,2021,last,False,5,W3184082474
5005611002,2022,first,False,7,W4312748717
5005629683,2022,middle,False,4,W4360996640
5005632451,2019,first,False,3,W3003086891
5005663670,2021,last,True,7,W3212784736
5005666034,2021,middle,False,3,W3175183722
5005702955,2019,middle,False,8,W2954226438
5005715759,2022,middle,False,3,W4310814953
5005730523,2021,middle,False,4,W3176656282
5005735333,2020,middle,False,6,W3091713579
5005738289,2020,middle,False,5,W3026878185
5005741308,2020,first,False,5,W3089666805
5005744973,2021,middle,False,4,W3198711122
5005745382,2022,middle,False,4,W4385300489
5005752135,2022,last,False,3,W4312596239
5005758197,2020,middle,False,4,W3106219395
5005761664,2020,middle,False,5,W3090831139
5005765078,2021,first,False,2,W3129032528
5005769994,2021,middle,False,3,W3174784402
5005771535,2020,last,False,4,W3105669983
5005778444,2022,last,False,9,W3197370269
5005779128,2019,middle,True,7,W2970986510
5005790108,2021,last,True,2,W3135361293
5005791318,2020,last,False,3,W3105748297
5005800969,2022,middle,False,5,W4286542621
5005819073,2021,last,False,4,W3196140453
5005820786,2019,middle,False,6,W3004844052
5005823613,2022,first,False,3,W4309156326
5005827205,2020,first,True,5,W4390912388
5005828574,2022,last,False,6,W4366517598
5005832956,2021,middle,False,12,W3137689960
5005840801,2021,last,False,3,W3201295503
5005842784,2021,middle,False,6,W3122882518
5005848045,2022,first,False,4,W4281760582
5005866714,2021,middle,False,8,W3175096440
5005867844,2022,last,False,5,W4226342967
5005876470,2020,first,False,4,W3104974858
5005877741,2021,middle,False,25,W3204256746
5005881531,2021,last,False,3,W3199527474
5005887313,2022,last,False,3,W4220955183
5005888186,2022,middle,False,7,W4291208771
5005904043,2021,last,False,2,W4206525547
5005905514,2020,middle,False,6,W3089124799
5005909519,2022,middle,False,4,W4224926139
5005912060,2021,middle,False,3,W3111364951
5005939553,2021,last,False,4,W3155652963
5005945981,2022,middle,False,7,W4313042449
5005972298,2021,middle,False,7,W3203961508
5005982453,2022,middle,False,6,W4294878359
5005986773,2021,middle,False,4,W4205743786
5005989171,2022,last,False,5,W4210756135
5005991642,2021,last,True,3,W3183891373
5005999583,2021,middle,False,5,W3200127966
5006009919,2022,last,True,7,W4307923086
5006012039,2022,last,True,4,W4307050653
5006038667,2021,last,False,2,W3206213919
5006079410,2021,last,False,6,W3126192030
5006096139,2022,first,False,4,W4296068408
5006116691,2022,middle,False,9,W4295925316
5006117547,2020,middle,False,5,W3034693764
5006134055,2021,last,False,4,W3128539297
5006141263,2021,last,False,3,W4205098445
5006172625,2020,last,False,5,W3136503798
5006184120,2019,last,False,3,W2953553271
5006189599,2022,last,False,7,W4225101028
5006190887,2022,middle,False,5,W4307835584
5006191190,2019,last,False,3,W2984978596
5006199483,2021,last,False,8,W3193951565
5006206015,2019,middle,False,6,W2974299639
5006214126,2020,middle,False,5,W3106625509
5006218020,2020,last,False,3,W3118409559
5006219919,2020,middle,False,14,W3101223450
5006237017,2021,last,False,3,W3135465795
5006238145,2021,last,False,6,W4205196528
5006246484,2022,middle,False,6,W4313069807
5006250085,2022,first,False,4,W4283027008
5006250978,2020,middle,False,7,W3104142662
5006266154,2022,last,False,12,W4291652457
5006267512,2021,last,False,4,W3190162807
5006288178,2021,middle,False,4,W4206753514
5006289694,2022,middle,False,6,W4308216616
5006300825,2022,middle,False,9,W3194951844
5006314068,2021,last,True,6,W3158607076
5006334685,2020,middle,False,7,W3103592385
5006335513,2022,middle,False,5,W4290944423
5006336858,2020,middle,False,13,W3016028808
5006343148,2022,first,False,2,W4226200423
5006352222,2022,middle,False,6,W4213063565
5006355592,2020,last,False,4,W3091311542
5006360335,2021,middle,False,25,W3092136498
5006367043,2022,last,False,4,W4281384899
5006380227,2020,middle,False,5,W2996403597
5006385137,2022,middle,False,6,W3207149528
5006403799,2020,middle,False,7,W3113396957
5006404143,2021,middle,False,6,W3159843954
5006404928,2022,last,False,13,W4281569374
5006421650,2022,middle,False,4,W4385573871
5006431158,2022,middle,False,19,W4221066460
5006434149,2022,middle,False,3,W4309224960
5006444015,2021,middle,False,4,W4225583195
5006444565,2022,last,True,6,W4206505934
5006446756,2022,last,True,5,W4294631187
5006478379,2022,middle,False,7,W4296808098
5006497264,2021,last,False,5,W3207360435
5006504365,2022,middle,False,4,W4317419783
5006511969,2022,last,False,4,W4385567257
5006514629,2022,first,False,7,W4287887311
5006532598,2019,last,False,3,W4212932674
5006546107,2020,first,False,2,W3045544321
5006548118,2020,middle,False,5,W3035785882
5006556787,2022,last,False,5,W4210385504
5006557413,2020,last,False,3,W3044263831
5006559585,2022,middle,False,4,W4367048100
5006567612,2021,first,True,11,W3214785274
5006581225,2022,middle,False,3,W4385574351
5006587869,2019,middle,False,13,W3011949846
5006589025,2020,middle,False,6,W3118043957
5006589365,2020,middle,False,10,W3101300984
5006593097,2020,middle,False,3,W3092325673
5006604301,2022,middle,False,6,W4292202481
5006610576,2022,middle,False,7,W4220757565
5006626294,2021,first,False,2,W3161818506
5006630406,2021,first,False,2,W4206227781
5006631932,2019,middle,False,6,W2971415639
5006644924,2020,middle,False,5,W3035064549
5006650843,2019,last,False,4,W2985791984
5006669502,2022,middle,False,5,W3203162515
5006669765,2020,middle,False,4,W3115599191
5006670076,2021,middle,False,10,W3133566556
5006678542,2021,middle,True,5,W3127427447
5006683427,2020,last,False,3,W3031751180
5006685038,2020,middle,False,5,W3029497709
5006695326,2021,middle,False,9,W3211983116
5006698091,2021,first,True,1,W3167599680
5006714421,2022,middle,False,9,W4297648407
5006723758,2021,middle,False,6,W3040646053
5006729432,2020,middle,True,4,W3102606411
5006731035,2022,last,False,3,W4280560792
5006736245,2022,middle,False,8,W4224926216
5006749051,2020,middle,False,6,W3046053481
5006750002,2021,last,False,4,W3184385036
5006755109,2020,middle,False,6,W3015347994
5006766510,2022,middle,False,3,W4206962558
5006775135,2021,last,False,5,W4200548756
5006779728,2020,middle,False,5,W3034284720
5006784219,2022,middle,False,7,W4221141786
5006784495,2022,middle,False,5,W4284969060
5006784886,2022,last,True,3,W4386109402
5006792341,2019,first,False,5,W3000580701
5006794082,2020,first,False,3,W3034378323
5006795021,2022,last,False,2,W4296721002
5006802589,2022,last,False,5,W4385573574
5006805259,2022,middle,False,11,W4225713393
5006811625,2021,last,False,2,W4200036488
5006817088,2020,middle,False,13,W3117450517
5006827595,2020,middle,False,3,W3116104245
5006829613,2022,last,True,3,W4309474814
5006841485,2022,middle,False,5,W4312870949
5006844401,2022,middle,False,9,W4285308960
5006845983,2022,last,False,6,W4296993572
5006855037,2022,middle,False,12,W4309643839
5006866152,2020,last,False,5,W3116384449
5006888736,2021,middle,False,3,W3150290404
5006903719,2021,first,False,6,W3162799364
5006905045,2021,last,False,2,W3183887089
5006943206,2020,middle,False,4,W3125330360
5006943300,2022,middle,False,4,W4220798687
5006945148,2022,middle,False,9,W4312438583
5006953572,2021,first,False,2,W3156725333
5006963606,2021,middle,False,6,W4230252363
5006980420,2019,last,False,5,W2971031524
5007006341,2022,middle,False,6,W4292787292
5007006789,2020,middle,False,6,W3115242847
5007017103,2020,last,False,3,W3105459765
5007017640,2021,last,False,3,W3161697668
5007040136,2020,last,False,5,W3117403182
5007048284,2020,first,False,2,W3034456004
5007054746,2021,first,False,2,W3128209463
5007054949,2021,middle,False,6,W3146159709
5007061198,2021,last,False,4,W3183684358
5007067645,2022,middle,True,4,W4280598345
5007075153,2022,middle,False,7,W4385573463
5007102035,2021,middle,False,5,W3161690523
5007109351,2021,middle,False,7,W3207406691
5007109424,2021,middle,False,4,W4200118469
5007110472,2019,middle,False,3,W3018965030
5007121660,2022,middle,False,4,W4312007187
5007122446,2022,first,True,3,W4221096991
5007145568,2020,last,True,3,W3083513963
5007148856,2021,first,True,1,W3194139411
5007163341,2022,middle,False,5,W4281671178
5007171156,2021,first,True,1,W4200064278
5007175114,2022,middle,False,12,W4296179733
5007185917,2021,middle,False,3,W4205587335
5007203127,2020,last,False,4,W3095525213
5007217510,2022,first,False,6,W4224920289
5007225481,2021,middle,False,7,W3213562172
5007242549,2019,middle,False,4,W2978765427
5007285444,2021,first,False,7,W3168640669
5007288843,2022,last,False,4,W4312433629
5007294216,2021,middle,False,5,W3212246833
5007300551,2021,middle,False,10,W3189675328
5007305393,2021,middle,False,3,W3207987793
5007352170,2020,middle,False,5,W3096775731
5007354180,2021,middle,False,5,W4200083042
5007360513,2020,first,False,6,W3114359485
5007360737,2022,last,False,5,W4285602050
5007371983,2022,last,False,5,W4229456977
5007380154,2021,last,False,5,W3215241401
5007397162,2020,middle,False,8,W3092453057
5007412395,2019,last,False,3,W2984927260
5007419647,2022,middle,False,5,W4214532801
5007426493,2021,middle,True,6,W3197880231
5007426895,2019,middle,False,7,W2954444514
5007440245,2019,middle,False,3,W2979835384
5007472686,2022,middle,False,21,W4310957810
5007474906,2021,last,True,4,W3127917488
5007483551,2022,last,False,6,W4312401814
5007503250,2022,middle,False,5,W4296069128
5007513550,2022,middle,False,4,W4288809625
5007517701,2022,first,False,6,W4310608682
5007532004,2021,last,False,3,W3153509503
5007535678,2020,last,True,2,W3103272618
5007539735,2022,middle,False,4,W4313413340
5007558173,2019,first,False,8,W2971149816
5007559881,2022,middle,False,9,W4287854428
5007563817,2021,middle,False,11,W3212947338
5007578031,2021,middle,False,5,W3211311205
5007606170,2021,middle,False,6,W3161682586
5007611640,2022,first,False,3,W4282583617
5007620149,2021,last,False,9,W3158802984
5007622097,2022,middle,False,6,W4282924213
5007629138,2022,middle,False,5,W4312730918
5007639385,2020,middle,False,4,W3102613059
5007640861,2021,middle,True,4,W3170892757
5007653210,2022,middle,False,10,W4309642855
5007656938,2022,last,False,4,W4297312203
5007672179,2020,middle,False,6,W3139310403
5007686312,2020,middle,True,4,W3111896322
5007708616,2022,middle,False,6,W4309223340
5007717960,2020,middle,False,6,W3034956542
5007719477,2021,last,False,4,W3215389062
5007725093,2022,last,False,4,W4361732112
5007725540,2020,middle,False,6,W3115880855
5007727043,2021,middle,False,6,W3154059006
5007727128,2022,middle,False,6,W4210263566
5007730317,2022,middle,False,9,W4226544593
5007757643,2022,last,False,4,W4309344921
5007774813,2021,first,False,5,W3165514883
5007781745,2020,middle,False,7,W3039276721
5007781850,2021,middle,False,7,W3168834895
5007782249,2022,last,False,3,W4283793153
5007794565,2019,first,True,2,W2954841130
5007818509,2021,middle,False,6,W4200514525
5007832959,2021,middle,False,4,W4285335127
5007851620,2019,middle,False,5,W2970243238
5007861777,2022,middle,False,3,W3201174429
5007895165,2021,last,False,4,W4210471149
5007900487,2022,first,False,4,W4385572838
5007901825,2022,middle,False,13,W4293088946
5007903277,2019,middle,False,7,W2970986510
5007910628,2022,last,True,13,W4310239597
5007913294,2022,last,False,3,W4286110465
5007914769,2022,first,False,3,W3201174429
5007914848,2021,middle,False,5,W4206687743
5007928903,2019,last,False,4,W2973047874
5007937949,2021,middle,False,8,W3172583326
5007939424,2021,first,False,2,W3155998852
5007940049,2019,first,True,4,W2955018588
5007940211,2022,middle,False,4,W4308764913
5007945658,2021,last,False,3,W4200096432
5007947310,2022,last,False,4,W4313251027
5007952725,2021,middle,False,9,W3122244192
5007955173,2019,middle,False,6,W2963349408
5007962086,2022,middle,False,6,W4312977351
5007974064,2021,last,False,3,W4226320266
5007976764,2022,last,False,4,W4288781262
5007985173,2019,last,False,6,W2983845924
5008007155,2022,last,False,2,W4289639547
5008034417,2020,middle,False,3,W3091617927
5008037939,2022,last,False,2,W4301184261
5008056593,2020,last,False,4,W3100202074
5008064383,2022,middle,False,5,W4281571952
5008079520,2021,first,False,3,W3183820005
5008082945,2020,last,True,5,W3000598631
5008087825,2022,middle,False,7,W4281397735
5008098227,2020,middle,False,5,W3100719877
5008141914,2022,last,False,6,W4312294604
5008154497,2021,middle,False,4,W4285325211
5008156638,2019,middle,False,7,W2964067226
5008159987,2021,middle,False,8,W3176641036
5008171683,2022,last,False,4,W4292308186
5008175415,2022,middle,False,6,W4295038225
5008181744,2020,middle,False,4,W3043522163
5008194128,2019,middle,False,8,W2954696369
5008201587,2022,middle,False,4,W4206012352
5008205192,2021,last,False,3,W4207029555
5008207170,2021,last,False,2,W3208644849
5008208316,2020,last,False,7,W3117811146
5008223229,2020,last,False,3,W3089006272
5008256216,2022,last,False,6,W4213224833
5008264603,2019,last,False,2,W2995726956
5008269094,2021,middle,False,3,W4205269420
5008282588,2021,first,False,7,W3217456031
5008283931,2020,last,False,4,W3098302948
5008287867,2021,middle,False,5,W3130111320
5008289463,2021,last,True,4,W3154623504
5008305245,2021,last,False,3,W3185446084
5008309880,2020,middle,False,4,W3106534186
5008311951,2021,last,True,4,W4200325139
5008312239,2020,middle,False,4,W3117847620
5008316506,2020,last,False,4,W3094618205
5008325103,2020,last,False,4,W3012438487
5008327503,2021,middle,False,7,W3173259128
5008330501,2022,middle,False,16,W4287891169
5008331264,2020,middle,False,9,W3097588535
5008334059,2020,last,False,3,W3096655658
5008340710,2019,last,False,5,W2984268726
5008340880,2021,last,False,7,W4210684130
5008352161,2021,middle,False,4,W3123649662
5008354502,2019,last,False,11,W2984305408
5008359300,2022,middle,False,10,W4316657902
5008371533,2022,middle,False,11,W4214915423
5008382906,2021,middle,False,5,W3161554672
5008393937,2021,middle,False,9,W3211983116
5008408190,2022,last,True,7,W4293066616
5008411659,2019,middle,False,9,W2987241137
5008417257,2021,first,False,7,W3142806976
5008427326,2021,last,False,3,W3185054725
5008437446,2022,middle,False,6,W4212868710
5008444234,2021,middle,False,7,W3170719901
5008452854,2020,last,False,9,W3104964565
5008452943,2020,first,False,11,W3040155247
5008455605,2022,middle,False,4,W4286374862
5008461757,2020,first,False,5,W3024030678
5008463509,2020,middle,False,4,W3093545390
5008468618,2020,middle,False,4,W3213732068
5008471645,2020,last,False,5,W3043684480
5008486397,2019,last,False,3,W2970613633
5008490552,2022,last,False,5,W4293691696
5008547319,2021,middle,False,8,W3199643156
5008564522,2020,first,False,5,W3104712462
5008569306,2022,last,False,5,W4282922325
5008571201,2022,first,False,4,W4317815180
5008574874,2019,middle,False,6,W2970438359
5008576336,2021,middle,True,3,W3169394946
5008602639,2022,middle,False,14,W4404783489
5008605990,2020,middle,False,4,W2999215229
5008608420,2020,middle,False,5,W3101850416
5008608844,2022,middle,False,3,W4301184818
5008609009,2020,middle,False,4,W3116128708
5008609876,2022,middle,False,14,W4295761272
5008612863,2019,last,False,6,W2982275843
5008645127,2022,middle,False,19,W4297977478
5008645615,2020,middle,False,12,W3117238912
5008655688,2021,last,False,2,W3161239663
5008710152,2020,middle,False,4,W3117339789
5008715111,2019,last,False,3,W2972918955
5008721449,2019,last,False,10,W2970390493
5008726578,2020,middle,False,9,W3130333719
5008739586,2021,middle,False,6,W4200127191
5008747488,2021,middle,False,5,W3211887606
5008748003,2020,middle,False,4,W3037251733
5008772211,2019,first,False,6,W3010362629
5008776627,2022,middle,False,3,W4287889164
5008778016,2022,middle,False,6,W4312844731
5008779348,2021,last,False,3,W4285326639
5008786958,2022,middle,False,5,W4385574136
5008787209,2022,middle,False,7,W4362564979
5008788647,2022,middle,False,10,W4286566368
5008788676,2022,middle,False,5,W4303431180
5008805433,2019,middle,False,5,W2953427978
5008810162,2022,last,False,5,W4220805449
5008815275,2021,last,False,6,W3195483305
5008817714,2022,last,False,7,W4295442860
5008819561,2022,middle,False,6,W4220715933
5008842415,2019,middle,False,5,W2972381305
5008851653,2020,middle,False,9,W3106477919
5008865789,2021,last,False,3,W4200497746
5008874685,2019,middle,False,6,W2972712416
5008875255,2019,middle,False,4,W2935600242
5008886047,2022,first,True,4,W4224308227
5008896137,2021,middle,False,5,W3168261013
5008904412,2021,last,False,3,W3197388494
5008915336,2019,middle,False,4,W2989994479
5008922825,2020,middle,False,4,W3096099419
5008924726,2022,middle,False,14,W4312309136
5008928102,2021,first,False,4,W3160010952
5008929449,2022,middle,False,6,W4212831123
5008935760,2019,middle,False,5,W2970521905
5008941266,2021,last,False,6,W3153973346
5008944385,2020,last,False,5,W3035032094
5008958321,2022,last,False,3,W4282561308
5008960436,2022,middle,True,4,W4312097792
5008964848,2020,middle,False,10,W3150911603
5008965782,2021,middle,False,4,W3171841353
5008966109,2019,last,False,5,W3000580701
5008983384,2021,first,False,3,W3200626945
5008983457,2021,last,False,2,W4200142573
5008998082,2022,middle,False,4,W4313139852
5008998113,2020,middle,False,4,W3085009686
5009000289,2020,last,False,6,W3114925695
5009006026,2022,middle,False,6,W4310358279
5009012652,2022,middle,False,20,W4281708620
5009027177,2020,middle,False,6,W3099911888
5009032240,2022,middle,False,4,W4292794185
5009032328,2021,first,True,5,W3126263370
5009047364,2022,middle,False,4,W4220938970
5009075081,2022,middle,False,5,W4309675319
5009094578,2022,middle,False,4,W4320024068
5009102659,2022,last,False,3,W3189812816
5009105388,2020,middle,False,6,W3005650752
5009128577,2021,last,False,2,W4210352253
5009128737,2022,first,True,3,W4296005301
5009136371,2022,middle,False,11,W4385573970
5009143452,2022,middle,False,5,W4213224931
5009147954,2021,middle,False,6,W3209430997
5009164482,2021,last,False,6,W3204887981
5009178160,2020,middle,False,7,W3014247716
5009178588,2022,middle,False,5,W4312690931
5009184834,2020,middle,False,5,W2998173657
5009188443,2020,last,False,2,W3037416863
5009196756,2020,middle,False,5,W3114717762
5009199818,2021,last,False,2,W3200253633
5009201646,2021,middle,False,7,W3158816579
5009221204,2022,middle,False,7,W4385573274
5009225924,2020,last,False,5,W3028616679
5009231128,2020,last,False,8,W3088460296
5009232291,2022,middle,False,3,W4225308684
5009252576,2021,middle,False,6,W4205395483
5009256505,2022,last,False,4,W4312385228
5009277091,2021,first,False,4,W4205710429
5009285282,2021,middle,False,7,W3215994516
5009305938,2022,middle,False,4,W4303444760
5009310543,2022,last,False,5,W4289656123
5009322683,2022,middle,False,4,W4319978781
5009326885,2021,middle,False,7,W3212784736
5009328068,2022,middle,True,4,W3217578519
5009337280,2021,first,False,4,W3174672330
5009353311,2021,middle,False,4,W4210939787
5009358077,2022,middle,False,6,W4361732311
5009359355,2021,middle,False,4,W3175937250
5009361768,2020,last,False,8,W3102173443
5009363967,2022,middle,False,4,W4226142803
5009367259,2022,last,False,3,W4226327328
5009372982,2022,middle,False,5,W4221162872
5009374923,2022,last,False,6,W4318828902
5009376964,2022,middle,False,3,W4287854756
5009383312,2022,last,True,4,W4307166035
5009394818,2020,middle,False,4,W3034480528
5009404767,2022,middle,False,5,W3170545223
5009408707,2020,last,False,7,W3102187933
5009416808,2021,last,False,6,W3192807327
5009422676,2021,last,False,4,W3138386988
5009436227,2022,last,False,4,W3187787173
5009450999,2022,first,False,4,W4385573996
5009455484,2022,middle,False,5,W4283724880
5009455764,2022,middle,True,4,W4281760582
5009477620,2021,last,False,4,W3183434307
5009495520,2020,last,False,4,W3196747313
5009508070,2022,middle,False,21,W4310957810
5009512977,2022,last,False,4,W4285293681
5009514550,2021,middle,False,5,W3173176471
5009517063,2020,last,False,2,W2997616700
5009542542,2021,middle,False,3,W3213366236
5009554027,2021,first,False,4,W4200164199
5009555060,2022,middle,False,5,W4225166070
5009556478,2020,middle,False,5,W3097478601
5009564435,2020,middle,False,4,W3014075148
5009574640,2022,middle,False,3,W3150055540
5009587198,2022,middle,False,7,W4312854774
5009591817,2021,middle,True,5,W3195865364
5009604048,2021,middle,False,7,W3165195746
5009613609,2022,middle,False,4,W4311017889
5009623371,2018,last,False,5,W3015935667
5009634429,2021,middle,False,3,W4206123175
5009636964,2021,middle,False,14,W4226373198
5009644404,2022,middle,False,6,W4385573722
5009651653,2022,last,False,6,W4312097016
5009658255,2022,last,True,4,W4285133117
5009660759,2021,last,False,3,W3177006474
5009670109,2021,middle,False,4,W3154629988
5009676826,2020,middle,False,9,W3005811144
5009722403,2020,last,False,3,W3045662225
5009724893,2022,middle,False,7,W4385573778
5009732907,2020,middle,False,6,W2996987694
5009749238,2022,middle,False,7,W4225249629
5009750573,2021,middle,False,4,W3119155061
5009756622,2020,first,True,3,W3089287248
5009766673,2020,last,True,2,W3108297527
5009768180,2019,first,False,7,W2986728023
5009782388,2020,first,False,11,W3035718760
5009803618,2019,last,False,3,W3003379107
5009807039,2022,last,False,5,W4313527215
5009811167,2022,last,True,3,W4309780426
5009820747,2021,last,False,3,W4200510322
5009823475,2020,middle,False,4,W3098136301
5009826239,2022,middle,True,7,W4294991206
5009833007,2022,last,False,6,W4221166007
5009834334,2022,last,True,2,W4213439772
5009847434,2021,middle,False,5,W3191709143
5009856292,2019,first,False,4,W3006210542
5009878129,2022,middle,False,14,W4282587058
5009879041,2020,last,False,2,W3034912391
5009888316,2022,middle,False,6,W4288055447
5009898523,2022,middle,False,6,W4292215729
5009943536,2022,last,False,2,W4311184812
5009946045,2021,middle,False,5,W3161430317
5009954932,2022,middle,False,10,W4285609472
5009957887,2021,middle,False,9,W3125591643
5009961413,2021,last,False,2,W4226451390
5009969418,2020,middle,False,4,W3080321165
5009969845,2021,last,True,12,W3202043691
5009971165,2022,first,False,3,W4225966488
5009972149,2019,middle,False,3,W2998233576
5009987896,2019,first,False,5,W2966387645
5010007692,2022,middle,False,7,W4224925089
5010019122,2022,middle,False,6,W4310614814
5010019276,2022,middle,True,20,W4220895458
5010023744,2022,last,False,5,W4312964950
5010028928,2021,last,False,16,W3147637074
5010037501,2021,middle,False,8,W3213903504
5010044286,2021,last,False,3,W3172433548
5010051312,2021,middle,False,6,W3173222967
5010092389,2021,last,False,6,W3186000989
5010102166,2022,middle,False,5,W4224866872
5010103115,2020,last,False,3,W3107851623
5010120671,2022,first,True,2,W3197433089
5010124142,2020,last,False,5,W3106969213
5010124184,2022,middle,False,5,W4313525645
5010124716,2022,middle,False,14,W4210700580
5010124873,2019,middle,False,4,W2915128308
5010142833,2022,first,True,1,W4207041408
5010146682,2022,middle,False,4,W4376482922
5010147187,2022,middle,False,9,W4284681867
5010150000,2021,middle,False,6,W3177615549
5010156116,2022,middle,False,6,W4312121033
5010173604,2020,middle,False,3,W2997108628
5010173851,2021,last,False,2,W3182014883
5010175697,2020,first,True,3,W3106904896
5010175792,2021,middle,False,6,W3112172934
5010195947,2021,last,False,2,W4200370455
5010202250,2022,middle,False,6,W4292968575
5010209966,2020,middle,False,3,W3093415205
5010212355,2021,first,True,8,W3118630706
5010218141,2022,middle,False,4,W4297798726
5010220478,2022,middle,False,5,W4313350185
5010240403,2022,last,False,6,W4304142048
5010242241,2022,middle,False,3,W4312637863
5010253402,2019,last,False,12,W2947160092
5010279607,2020,last,False,6,W3036566622
5010293806,2021,last,False,3,W4206379437
5010311977,2022,middle,False,7,W4286253356
5010318999,2022,last,False,4,W4313452781
5010329048,2022,middle,False,5,W4281673407
5010337399,2022,last,False,3,W4281392692
5010340252,2022,last,False,7,W4312338350
5010341007,2020,middle,False,5,W3099950029
5010351903,2021,middle,False,5,W4210337481
5010351972,2022,middle,False,5,W4224216771
5010354377,2021,last,False,2,W3214576388
5010361101,2021,last,False,4,W3138303811
5010368277,2021,last,False,4,W3111711122
5010390189,2021,first,False,6,W3211276273
5010390572,2022,middle,False,7,W4287578560
5010394308,2020,last,False,7,W3103817618
5010395244,2022,last,False,2,W4285115126
5010396882,2022,last,True,10,W4283651323
5010420002,2022,middle,False,6,W4220769461
5010421115,2022,middle,False,7,W4225342182
5010424125,2021,last,False,5,W3213059131
5010426520,2019,last,False,5,W2984639880
5010430171,2022,first,False,5,W4312700771
5010430268,2021,middle,False,9,W3204150987
5010457539,2021,last,False,3,W3138407803
5010460625,2022,middle,False,10,W4285609472
5010473783,2020,last,False,6,W3090593301
5010481801,2020,first,False,6,W3117281880
5010485563,2021,first,False,3,W4205269420
5010494139,2022,middle,False,3,W4311597670
5010510744,2019,last,False,6,W3002226419
5010519247,2022,last,False,2,W4312227859
5010519567,2021,last,False,4,W3093721400
5010540039,2019,last,False,5,W2991433488
5010541683,2020,middle,False,4,W3082405519
5010543059,2022,last,False,3,W4221154622
5010548353,2022,last,False,3,W4225711758
5010551231,2022,last,False,5,W4214492518
5010557705,2022,middle,False,6,W4293519522
5010558184,2021,middle,False,9,W3212725701
5010560923,2022,middle,False,7,W4284895252
5010572136,2020,middle,False,6,W3115198855
5010578786,2022,middle,False,7,W4285239949
5010611913,2022,middle,True,5,W4311274712
5010621788,2022,last,False,4,W4319978781
5010623957,2021,middle,False,24,W3196831814
5010628266,2021,first,False,3,W3160648428
5010636698,2022,middle,False,7,W4224115290
5010639542,2021,middle,False,15,W3199246256
5010643037,2022,last,False,6,W4206693420
5010648323,2022,middle,False,4,W4312433898
5010649096,2022,middle,False,3,W3024622987
5010656224,2021,middle,True,7,W4200395878
5010676211,2021,middle,False,3,W3214600661
5010692853,2022,last,False,8,W4285271648
5010706593,2022,middle,False,8,W4281768282
5010715317,2022,middle,False,14,W4312309136
5010722067,2022,last,False,2,W4214925312
5010722442,2021,middle,False,3,W3208444943
5010725699,2020,middle,False,11,W3011906630
5010732717,2022,first,False,5,W4313307622
5010790447,2022,last,False,3,W4285143763
5010792548,2021,last,False,3,W4205569865
5010808261,2021,middle,False,17,W4200213155
5010840475,2021,middle,False,4,W4285335127
5010841999,2020,middle,False,5,W3034837210
5010842007,2021,middle,False,7,W4245688094
5010846765,2021,first,False,8,W3142837074
5010847400,2021,last,False,3,W3161590189
5010877916,2021,last,False,8,W3175038190
5010879920,2021,first,False,5,W3170644058
5010906829,2022,middle,False,8,W4281626394
5010928934,2022,middle,False,24,W4318603275
5010928963,2021,first,True,6,W3200498707
5010931397,2021,last,False,4,W3171617125
5010932917,2022,last,False,20,W4281708620
5010937599,2020,first,False,2,W3099462192
5010938190,2022,middle,False,8,W4294975626
5010949145,2019,last,False,4,W2979714393
5010964383,2021,last,True,2,W4205183939
5010965630,2020,first,False,6,W3098903979
5010966122,2021,first,False,7,W3205784907
5010968515,2021,middle,False,9,W3204150987
5010970485,2022,middle,False,8,W4281626394
5010984350,2020,middle,False,8,W3103341697
5010993930,2022,middle,False,4,W4296772919
5011000189,2022,middle,False,6,W4385572834
5011005510,2022,middle,False,5,W4285263655
5011007223,2022,middle,False,4,W4287854553
5011008665,2019,middle,False,6,W2963547127
5011009295,2022,middle,False,4,W4318148025
5011011359,2022,middle,False,5,W4321510578
5011022104,2022,middle,False,7,W4294658792
5011022538,2021,last,False,2,W3213850607
5011030952,2022,middle,False,4,W4312351537
5011043068,2021,last,False,6,W3155371471
5011052950,2021,first,True,3,W4205178592
5011058984,2021,last,False,2,W3133755372
5011106959,2021,middle,False,8,W3097660860
5011112944,2022,middle,False,10,W4312238419
5011123518,2022,last,False,2,W4313449037
5011129706,2020,first,False,4,W3005922161
5011141471,2020,middle,False,5,W3080411315
5011143345,2020,middle,False,4,W3112248285
5011149012,2022,last,False,4,W4221138494
5011150187,2019,last,False,4,W2964022985
5011163136,2021,last,False,5,W3208315018
5011166267,2022,middle,False,4,W4285102223
5011178134,2020,last,True,2,W3104169042
5011183160,2021,middle,False,6,W3184230151
5011184300,2021,last,False,8,W3214081646
5011185016,2021,middle,False,6,W3217119495
5011240842,2021,first,True,5,W3174995573
5011242138,2021,last,False,3,W3209201410
5011246145,2022,last,False,3,W4300122081
5011248160,2021,last,True,2,W3162348871
5011257199,2022,last,False,4,W4308216459
5011277985,2020,middle,False,7,W3103519070
5011279860,2020,first,False,5,W3035410788
5011281501,2019,middle,False,7,W2970504110
5011303680,2021,middle,False,4,W3216980854
5011314280,2022,last,False,6,W4310738370
5011324325,2022,middle,False,4,W4308995382
5011332528,2022,middle,False,15,W4286480083
5011336242,2021,last,False,6,W3214233465
5011336691,2020,last,False,6,W3107480012
5011349177,2020,middle,False,5,W3104657626
5011349649,2019,first,False,2,W2913352150
5011363617,2021,last,False,5,W3155632693
5011372918,2021,last,False,2,W4206588201
5011385427,2021,last,False,6,W3207382565
5011387710,2022,last,False,5,W4285174722
5011391948,2021,middle,False,4,W3158376750
5011407685,2021,last,False,2,W3142670650
5011408608,2022,first,False,6,W4294326309
5011417253,2019,middle,False,3,W3004288456
5011424640,2022,middle,False,4,W4213243564
5011425224,2020,last,False,4,W3015988193
5011434518,2022,last,True,10,W4293567576
5011435561,2020,middle,False,4,W3088331602
5011440310,2022,middle,False,5,W4328028774
5011442841,2022,middle,False,3,W4385573902
5011454815,2022,middle,False,5,W4312718759
5011455956,2022,last,False,5,W4318148415
5011458097,2022,middle,False,3,W4297005784
5011489319,2020,last,False,8,W2998653650
5011490261,2021,middle,False,10,W4200632007
5011492539,2022,first,False,4,W4317418591
5011504177,2020,middle,False,9,W3114611405
5011504932,2021,middle,False,6,W3175444045
5011505344,2022,middle,False,6,W4206505934
5011512751,2022,middle,False,11,W4221021785
5011523210,2021,middle,False,3,W4206417877
5011542448,2020,middle,False,4,W3034862440
5011542617,2022,last,True,3,W4292583675
5011543162,2021,middle,False,8,W3205927779
5011555779,2020,middle,False,5,W3103252638
5011559429,2022,first,False,9,W4317382084
5011567037,2021,middle,False,4,W3204733320
5011575768,2022,middle,False,10,W3205544360
5011576767,2022,middle,False,9,W4281384453
5011590035,2021,middle,False,5,W3203917633
5011609741,2021,middle,False,23,W3190761184
5011618403,2021,middle,False,9,W3148246773
5011618765,2020,middle,True,4,W3102401511
5011629374,2021,middle,False,5,W3176693244
5011636952,2022,middle,False,6,W4313263335
5011685742,2022,last,True,10,W4206221224
5011692902,2022,last,True,11,W4214915423
5011736896,2022,first,False,4,W4295204462
5011749347,2020,last,False,3,W3116092386
5011751975,2019,last,False,5,W2980874206
5011757745,2022,middle,False,13,W4287855085
5011760560,2021,last,False,5,W4200047557
5011779870,2022,middle,False,8,W4285228085
5011791240,2021,middle,False,7,W3184069441
5011810133,2020,middle,False,7,W3044312764
5011812136,2021,middle,True,3,W3187723961
5011827545,2022,last,False,3,W4287888492
5011843361,2019,middle,False,3,W2963188609
5011851707,2022,last,False,3,W4306694043
5011861720,2021,first,True,4,W3152120512
5011872278,2022,first,False,2,W4285115126
5011883201,2021,middle,False,6,W3207066760
5011884768,2020,last,False,14,W3010140913
5011887658,2020,last,False,4,W3000301330
5011889540,2022,middle,False,5,W4328028774
5011889606,2022,last,False,10,W4283704460
5011902043,2019,middle,False,10,W2946617802
5011903902,2019,last,False,8,W2954696369
5011905327,2022,middle,False,9,W3184599456
5011911239,2019,last,False,3,W2963058357
5011911779,2019,last,False,3,W2970684786
5011919726,2021,last,False,6,W3112391312
5011926448,2022,middle,False,21,W4310957810
5011947375,2022,middle,False,12,W4385573715
5011949101,2021,middle,False,3,W3216991452
5011949193,2022,first,False,2,W4308918501
5011970078,2022,middle,False,5,W4285134645
5011977440,2022,last,False,3,W4312508610
5011979629,2022,middle,False,5,W4320058635
5011981344,2021,middle,False,7,W3211796634
5011984520,2020,last,False,2,W3016792169
5011997254,2021,last,False,6,W3198763610
5012001512,2021,first,False,6,W3203911409
5012002926,2022,last,False,3,W4320060562
5012014905,2020,middle,False,5,W3104223418
5012026163,2022,last,True,4,W3203573929
5012055259,2019,middle,False,6,W2922580172
5012056326,2022,middle,False,21,W4310957810
5012059292,2021,first,False,4,W3138386988
5012060181,2022,middle,False,5,W4312937942
5012061450,2022,middle,False,8,W4281477951
5012073624,2021,last,False,3,W3177083341
5012075090,2020,middle,False,4,W3165613699
5012082714,2021,last,False,2,W4205311714
5012085281,2022,middle,False,4,W4328028691
5012086581,2022,first,False,2,W4221151671
5012087843,2021,middle,False,3,W4214487916
5012111443,2021,middle,False,7,W3177127579
5012117775,2022,middle,False,7,W4283771593
5012117790,2022,middle,True,3,W4206081398
5012129385,2022,first,False,3,W4385574385
5012139138,2022,middle,False,4,W4287855041
5012141433,2022,last,False,9,W4287854424
5012147485,2020,middle,False,6,W3117737817
5012153296,2021,last,False,5,W3183764363
5012165852,2022,last,False,3,W4287887636
5012198006,2021,last,False,3,W4200425328
5012201029,2022,middle,False,3,W4309474814
5012224052,2022,last,False,14,W4296886067
5012234955,2019,first,False,2,W2979776054
5012244910,2022,middle,False,11,W4312142088
5012273973,2021,first,False,6,W3184784418
5012277801,2022,last,True,4,W4285736278
5012285335,2021,middle,False,5,W3170450419
5012293028,2020,middle,False,4,W3100202074
5012293053,2022,middle,False,4,W4385567083
5012294395,2022,middle,False,6,W4312960102
5012302243,2022,middle,False,7,W4225326644
5012306782,2022,first,False,2,W4385574045
5012311258,2019,last,False,3,W2973038827
5012313708,2022,last,False,3,W4328028645
5012323997,2021,last,False,4,W3162462834
5012351801,2020,middle,False,3,W3116040647
5012354366,2022,middle,False,5,W4385573103
5012354397,2022,middle,False,6,W4293690638
5012367814,2020,middle,False,3,W3175860345
5012372013,2022,middle,False,5,W4287887714
5012384188,2022,middle,False,8,W4226479820
5012388103,2022,middle,False,6,W4220652374
5012395898,2020,last,False,4,W3029432124
5012395966,2022,last,False,7,W4321462155
5012396877,2021,last,False,5,W4205991280
5012396885,2021,middle,False,5,W3174830053
5012416914,2021,last,False,2,W3167311979
5012429784,2022,middle,False,5,W4360764237
5012437460,2022,middle,False,4,W4313420701
5012455275,2019,middle,False,5,W2964314715
5012455357,2022,middle,False,7,W4287888906
5012456515,2021,middle,False,7,W3217463528
5012473597,2022,middle,False,6,W4298164033
5012512008,2019,middle,False,3,W2955348530
5012518350,2022,middle,True,5,W4296306361
5012527861,2022,middle,False,4,W4317515974
5012558214,2022,middle,False,6,W4312468670
5012564810,2020,middle,False,8,W3103786884
5012566120,2022,last,False,3,W4221063350
5012567911,2022,last,False,9,W4284681867
5012569039,2021,last,True,2,W3160554854
5012585076,2020,first,False,4,W3081019734
5012588229,2021,last,True,5,W4200063988
5012595591,2021,last,False,6,W3162799364
5012596151,2021,last,False,5,W4210337481
5012597518,2020,middle,False,9,W3106803824
5012606974,2022,first,False,3,W4285102191
5012622155,2022,last,False,2,W4282963876
5012633404,2020,middle,False,7,W3015246548
5012638803,2022,middle,False,17,W4292829068
5012659280,2022,middle,False,20,W4281708620
5012669709,2021,middle,False,3,W3179785202
5012674107,2022,last,False,3,W4293868530
5012686882,2022,middle,False,6,W4361732311
5012693173,2021,middle,False,12,W3200887081
5012696256,2022,last,False,5,W4281670935
5012700373,2022,last,False,7,W4214886308
5012701510,2022,first,False,4,W4220673115
5012709797,2021,middle,True,7,W3205913984
5012709800,2022,middle,True,6,W3192770954
5012718881,2021,last,False,2,W3156725333
5012727269,2022,last,False,6,W4385572922
5012728152,2021,middle,False,7,W3152694464
5012730104,2021,middle,False,5,W3174888375
5012738320,2022,middle,False,3,W4322731876
5012744232,2022,first,True,1,W4311987334
5012747021,2022,last,False,3,W4285306212
5012766481,2019,last,False,6,W2992123140
5012773199,2021,middle,False,5,W3160871654
5012794465,2020,last,False,5,W3104890489
5012814261,2022,middle,False,12,W4291127651
5012824535,2022,middle,False,4,W4289713454
5012840710,2022,last,False,4,W4312965073
5012845043,2022,last,False,5,W4213132893
5012855077,2022,middle,False,4,W3201331835
5012871437,2021,middle,False,7,W3214260033
5012886826,2022,last,True,2,W4309267672
5012890130,2022,middle,False,6,W4283317907
5012907875,2021,first,False,7,W3201234832
5012930597,2022,middle,False,3,W4385573262
5012932387,2021,middle,False,7,W3211995690
5012932724,2022,middle,False,4,W4317515974
5012941367,2022,middle,False,6,W4285589483
5012962057,2021,last,False,5,W3177470889
5012965551,2021,middle,False,5,W3204999449
5012994151,2022,middle,False,5,W4285603001
5012994458,2022,middle,False,6,W4385573754
5012994834,2020,middle,False,6,W3092142868
5013005646,2022,last,False,4,W4307716637
5013015057,2022,middle,False,4,W4214876417
5013019306,2021,last,False,6,W3201511955
5013021382,2021,middle,False,7,W3155701937
5013027848,2021,last,False,2,W3164350664
5013041264,2020,first,False,7,W3102187933
5013050263,2021,middle,False,3,W4226021270
5013050862,2020,first,False,5,W3080555119
5013053606,2022,middle,False,10,W4385573061
5013068067,2022,last,False,2,W4287891060
5013075695,2021,first,False,4,W3125516434
5013095233,2021,first,False,4,W3171750356
5013102925,2022,middle,False,6,W4311679548
5013117780,2022,first,False,2,W4312595222
5013120140,2022,middle,False,5,W4312177081
5013135203,2019,last,False,2,W2949276121
5013135449,2019,last,False,4,W2989994479
5013151488,2020,middle,False,6,W3116443551
5013173651,2019,middle,False,4,W3005961436
5013188461,2020,middle,False,8,W2997557049
5013192526,2022,last,True,4,W4312064860
5013201771,2022,middle,False,6,W4312339891
5013212213,2022,middle,False,5,W4285490371
5013219255,2020,middle,False,5,W3129113349
5013240918,2022,last,False,4,W4312525742
5013246959,2020,middle,False,7,W3115990655
5013250925,2020,middle,False,4,W3015302318
5013259491,2020,last,False,3,W3144734784
5013266148,2021,middle,False,9,W3197349023
5013277420,2022,middle,False,6,W4285820921
5013297655,2022,middle,False,6,W4283803938
5013305919,2021,middle,True,16,W3200545562
5013322606,2022,middle,False,6,W4313186194
5013323586,2022,middle,False,6,W4220913575
5013340793,2022,middle,False,6,W4304098231
5013357764,2020,middle,False,3,W3116539365
5013378631,2020,first,False,2,W3117034213
5013409335,2020,first,False,4,W3111962842
5013414039,2022,middle,False,4,W3214002750
5013420855,2021,middle,False,7,W3174911914
5013431623,2021,last,False,9,W3174980024
5013438739,2022,middle,False,9,W4385572741
5013454454,2022,first,False,4,W4312941176
5013464242,2022,last,False,3,W4361019846
5013467305,2020,middle,False,6,W3117815199
5013477562,2021,middle,True,6,W3033077667
5013485138,2022,last,False,4,W4293345163
5013514693,2021,last,False,10,W3201165747
5013522667,2019,last,False,3,W2970368801
5013530533,2020,middle,False,6,W2997464781
5013533662,2022,first,False,5,W4320058635
5013535721,2022,last,True,6,W4296100810
5013537395,2021,first,False,2,W3162940635
5013546854,2022,last,False,2,W4296885322
5013558219,2022,middle,False,4,W4205973286
5013567208,2022,middle,False,18,W4234577219
5013599940,2020,middle,False,11,W3118356387
5013616253,2022,last,False,2,W4310145519
5013616545,2022,middle,False,3,W4292994080
5013618541,2020,middle,False,5,W3092634529
5013639574,2020,middle,False,5,W3035032094
5013649368,2022,middle,False,6,W4206505934
5013651865,2020,middle,False,3,W3095395418
5013658527,2022,last,False,3,W4285266802
5013665827,2021,first,False,4,W3198359393
5013666739,2021,first,False,10,W3208668155
5013670321,2022,middle,False,9,W4312877428
5013670342,2021,last,False,2,W3187154355
5013670630,2021,last,False,2,W3156952428
5013675579,2020,last,False,3,W3098812086
5013692772,2021,first,False,4,W3169179648
5013704823,2021,middle,False,7,W3174148569
5013713821,2022,first,True,4,W4303628775
5013718591,2021,middle,False,10,W3202078810
5013719267,2019,first,False,3,W3015963989
5013723764,2021,middle,False,3,W3184487499
5013725152,2022,middle,False,4,W4213422824
5013734579,2022,last,False,4,W4285269119
5013759262,2019,last,True,5,W2972715831
5013768600,2022,middle,False,4,W4225275515
5013773397,2022,middle,False,4,W4294672496
5013781881,2022,middle,False,4,W4289824098
5013785156,2020,middle,False,7,W3114986498
5013786579,2021,first,False,4,W3160439235
5013789759,2021,last,False,3,W4205914569
5013792358,2021,middle,False,5,W3111099392
5013799481,2021,middle,False,18,W3189296823
5013807499,2021,middle,False,4,W3164693331
5013809895,2020,middle,False,6,W3105764023
5013828170,2022,middle,False,6,W4292869146
5013830811,2022,last,False,6,W4294878359
5013834379,2020,last,False,9,W3101767999
5013835523,2021,middle,False,6,W3154059006
5013841570,2020,last,True,2,W3102184674
5013847092,2021,middle,False,6,W3173606101
5013854812,2021,last,True,5,W3198923619
5013863229,2021,middle,False,7,W4205342995
5013867024,2021,middle,False,7,W3194740358
5013872183,2019,middle,False,7,W2972736338
5013884470,2022,last,True,3,W4283034871
5013911108,2019,first,False,5,W3007253646
5013911439,2022,last,False,6,W4223651117
5013926864,2020,last,False,3,W3033887037
5013946520,2021,last,False,4,W3168597991
5013947981,2021,middle,False,8,W3173156538
5013958949,2019,middle,False,5,W2970713124
5013981258,2020,first,False,4,W3083846691
5013984140,2021,last,False,4,W4200320509
5013989240,2020,last,False,3,W3016441316
5013989913,2020,middle,False,3,W3090635823
5013999263,2020,last,False,5,W3115650992
5014007202,2021,middle,False,3,W3163571828
5014008069,2021,last,False,2,W3212104396
5014035752,2021,middle,False,5,W4214648142
5014037992,2022,last,True,24,W4220888452
5014054572,2022,middle,False,8,W4221160683
5014070150,2020,middle,False,6,W3045780055
5014092184,2022,last,False,2,W4312725824
5014100784,2022,last,True,5,W4385572813
5014104390,2022,last,False,4,W4285294019
5014109600,2021,middle,False,7,W3166384340
5014118666,2022,first,False,4,W4385573695
5014128597,2020,first,False,4,W3037576402
5014138496,2022,last,False,3,W4313389698
5014176390,2020,middle,False,3,W3049565363
5014183999,2022,last,False,5,W4294974856
5014190404,2019,last,False,2,W2988125365
5014199725,2022,last,False,5,W4312096005
5014215269,2021,middle,False,4,W3156008792
5014216586,2022,middle,False,12,W4280500332
5014220847,2022,middle,False,6,W4283768917
5014221630,2022,middle,False,4,W4296350506
5014223717,2022,middle,False,5,W4283209308
5014224452,2020,middle,False,8,W3033685272
5014225579,2022,last,False,3,W4312558560
5014238603,2019,last,False,6,W2972833053
5014243831,2021,first,False,3,W4200565673
5014244388,2020,middle,False,4,W3081073185
5014255932,2020,last,False,5,W3129516397
5014260664,2021,middle,False,6,W3199890931
5014269891,2022,middle,False,13,W4298009285
5014271344,2022,first,True,1,W4226187670
5014304350,2019,first,True,1,W4285771357
5014306537,2021,middle,False,14,W4226373198
5014309771,2020,middle,True,7,W3042199843
5014316659,2021,middle,False,5,W3201427974
5014317244,2021,middle,False,4,W3182095804
5014322854,2019,middle,False,7,W2952352518
5014324079,2022,last,True,3,W4293733590
5014333753,2019,last,False,2,W2970035587
5014342555,2021,last,False,5,W3214816728
5014348910,2020,middle,False,6,W3085277538
5014352159,2020,last,False,4,W3041591073
5014352202,2022,first,False,2,W4385573769
5014360467,2022,middle,False,10,W4283071620
5014362734,2019,middle,False,7,W2963057320
5014372166,2020,middle,False,3,W3120720763
5014375244,2021,last,False,3,W3153577847
5014381743,2021,first,False,8,W3201342367
5014388425,2020,middle,False,7,W3035490055
5014388962,2021,last,False,3,W4210691130
5014397444,2022,middle,True,5,W4213089501
5014398832,2022,last,False,3,W4287888480
5014414626,2021,middle,False,13,W3160231559
5014426410,2021,last,False,3,W3216916209
5014436524,2021,last,False,6,W3204077273
5014448875,2022,middle,False,6,W4308216616
5014459589,2020,middle,False,6,W3036566622
5014460968,2022,last,False,2,W4385567031
5014482509,2021,middle,False,5,W4285325391
5014483434,2022,first,False,3,W4205809857
5014483986,2021,middle,False,9,W3161113899
5014490044,2020,middle,False,6,W3088025278
5014498545,2020,middle,False,7,W3100714086
5014517163,2019,middle,False,13,W3011949846
5014529529,2022,first,False,3,W4281768709
5014530586,2020,middle,False,3,W3114469455
5014532726,2021,first,False,5,W3201319578
5014534985,2021,last,False,2,W3202208631
5014548132,2022,middle,False,4,W4226142803
5014549564,2022,last,False,3,W4312102553
5014555076,2022,last,False,4,W4293523262
5014579261,2022,first,False,5,W4385573441
5014580424,2020,last,False,3,W3096141267
5014581579,2019,last,False,6,W2922580172
5014586199,2022,middle,False,7,W4362647183
5014587525,2022,first,True,4,W4385573193
5014589091,2022,middle,False,3,W4312912241
5014600496,2021,last,False,2,W3172497214
5014601549,2020,last,True,3,W3034356621
5014642766,2021,middle,False,3,W4200530755
5014643514,2021,first,False,5,W3173306993
5014648528,2020,middle,False,5,W3114544027
5014652465,2022,middle,False,14,W4210700580
5014653405,2021,middle,False,9,W3200523913
5014654309,2020,middle,False,6,W3090593301
5014655081,2022,last,False,4,W4311040600
5014661259,2021,middle,False,6,W3164370402
5014661690,2022,middle,False,5,W4312718759
5014672057,2021,middle,False,7,W3205913984
5014673075,2020,middle,False,5,W3159992200
5014682058,2019,last,False,2,W2971170463
5014714438,2021,middle,True,6,W4200563083
5014727040,2022,middle,False,6,W4293415087
5014748363,2019,middle,False,3,W3003461461
5014753277,2020,first,False,3,W3127369476
5014763370,2022,middle,True,9,W4295925316
5014763831,2020,first,False,3,W2998320111
5014777126,2020,middle,False,6,W3034328552
5014779317,2022,last,False,2,W3130295820
5014783996,2022,first,False,5,W4293541940
5014788276,2022,last,False,4,W4311783867
5014793020,2019,first,False,5,W2990188683
5014803465,2020,middle,False,7,W3035490055
5014822993,2020,last,False,2,W3098480005
5014825654,2020,middle,False,8,W3088460296
5014842586,2022,middle,False,6,W4288057740
5014855689,2020,middle,False,7,W3098495697
5014858583,2022,middle,True,4,W4310398100
5014860636,2022,middle,False,8,W4290725230
5014866912,2019,middle,False,3,W3104723404
5014873401,2022,last,False,2,W4312049904
5014874624,2022,last,False,2,W4319778585
5014888283,2021,middle,False,5,W3195645898
5014903441,2021,middle,False,4,W3173361789
5014911160,2021,last,False,5,W4206280908
5014918159,2021,first,False,3,W3163827866
5014920685,2022,middle,False,24,W4318603275
5014921416,2021,last,False,4,W3209028787
5014935641,2022,last,False,4,W4291710825
5014937762,2020,last,False,2,W3089183458
5014957271,2021,middle,False,6,W3174264667
5014958566,2020,last,False,3,W2997702627
5014963035,2022,middle,False,10,W4287887652
5014968146,2020,last,True,9,W3024368629
5014969186,2022,first,False,12,W4306646496
5014978336,2022,middle,False,8,W4311812798
5014981734,2022,last,False,15,W4313251083
5014990977,2020,middle,False,8,W3103264768
5014993071,2022,middle,False,5,W4308579532
5015010820,2019,last,False,3,W2997204042
5015011245,2022,middle,False,6,W4212831123
5015033283,2022,middle,False,5,W4287854380
5015055839,2020,middle,False,4,W2999481648
5015056626,2019,middle,False,11,W2972437240
5015061573,2022,last,False,2,W4385574058
5015062918,2022,last,True,8,W4308129966
5015068403,2022,middle,False,8,W4295868017
5015070080,2019,last,False,2,W2985678088
5015072777,2020,middle,False,3,W3117242703
5015078046,2021,middle,False,4,W3174935611
5015079616,2021,middle,False,9,W4200285122
5015094039,2020,last,False,2,W3018768760
5015107056,2021,middle,False,7,W4206318191
5015158048,2021,middle,False,4,W3189012540
5015158455,2021,last,False,2,W3200764460
5015168873,2022,first,False,8,W4281696987
5015173188,2022,last,False,2,W4225294552
5015174369,2021,last,False,2,W4205618586
5015183832,2021,last,False,3,W3194720354
5015189229,2020,middle,False,3,W3127869043
5015193029,2020,middle,False,6,W3090807995
5015201177,2021,first,True,3,W3199493219
5015201403,2021,last,True,3,W3199468579
5015217651,2022,middle,False,9,W4285116174
5015222609,2022,middle,False,7,W4313730715
5015225562,2020,middle,False,9,W3037190798
5015227261,2020,last,False,2,W3112073245
5015238052,2021,middle,False,5,W4205206694
5015246388,2022,first,False,2,W4323059979
5015247840,2022,middle,False,6,W4285502320
5015250468,2022,last,False,4,W4312358089
5015257149,2022,middle,True,5,W4285207474
5015263485,2021,middle,False,6,W3212611071
5015273609,2022,last,False,3,W4283793412
5015275781,2022,middle,False,4,W4226550712
5015281367,2022,last,False,2,W4311536997
5015286159,2020,middle,False,10,W3037991407
5015297206,2021,middle,False,4,W3184553911
5015301071,2022,last,False,4,W4294975890
5015301115,2021,middle,False,6,W4230384986
5015304965,2022,last,False,9,W4212804866
5015311126,2021,middle,False,6,W3186814609
5015317495,2021,last,False,8,W3142837074
5015326123,2021,middle,False,5,W3198343357
5015334291,2020,last,False,8,W4287779450
5015347934,2022,last,False,2,W4312395043
5015357698,2021,middle,False,5,W3132185473
5015358968,2022,first,False,4,W4287888120
5015360935,2021,last,False,13,W3188270315
5015363344,2019,middle,False,4,W2970871182
5015369081,2022,middle,False,6,W4220783184
5015394916,2021,last,False,5,W4205493721
5015396057,2021,middle,False,7,W4225512842
5015401462,2020,last,False,3,W4206955619
5015407411,2022,middle,False,18,W4310811141
5015410834,2022,last,False,3,W4285185775
5015414891,2021,last,False,4,W3175501901
5015431603,2021,middle,False,7,W3161959914
5015435362,2021,last,False,2,W4205908967
5015449918,2022,last,False,5,W4313135996
5015455705,2020,first,False,6,W3099206682
5015457657,2022,middle,False,6,W4299711627
5015470472,2021,first,False,4,W3159682551
5015473486,2021,middle,False,4,W4205743786
5015477867,2019,middle,True,3,W2984927260
5015481306,2022,last,False,2,W4285800181
5015481325,2022,middle,False,11,W4286267600
5015497545,2021,middle,False,16,W2759088880
5015500789,2021,middle,False,5,W3196651696
5015502433,2022,last,False,4,W4310398100
5015505425,2019,last,False,3,W2970556829
5015515154,2022,middle,False,10,W4313339841
5015518638,2019,middle,False,4,W2970789589
5015520404,2022,middle,False,8,W4285228085
5015525872,2021,last,False,3,W4200527712
5015527515,2022,middle,False,5,W4316924423
5015529786,2022,middle,False,5,W4312264811
5015531707,2020,middle,False,3,W3099215710
5015531950,2021,first,False,5,W3209176733
5015548774,2021,middle,False,4,W3170186701
5015550942,2021,last,False,3,W4211004577
5015567019,2022,last,False,4,W4311008816
5015567592,2020,middle,False,4,W3029428654
5015574447,2021,middle,False,6,W3189953745
5015577064,2022,middle,False,6,W4211071725
5015578080,2021,first,False,2,W3162249256
5015581611,2022,middle,False,19,W4225164540
5015585920,2020,middle,False,13,W3117450517
5015586553,2020,middle,False,7,W2997088366
5015589360,2022,last,False,2,W4310632024
5015592473,2022,middle,False,13,W4293088946
5015602781,2020,last,False,3,W3003875258
5015605407,2022,middle,False,15,W4224903494
5015608384,2020,first,True,4,W4234325645
5015612169,2022,last,False,3,W4313286866
5015631143,2021,last,False,6,W3207807747
5015636374,2021,first,False,6,W3212028098
5015639955,2019,middle,False,7,W2951221758
5015656536,2019,middle,False,5,W2986623211
5015677036,2020,first,False,4,W3088624469
5015694492,2021,first,False,3,W3215177868
5015709853,2020,middle,True,3,W3083513963
5015710172,2021,last,True,2,W3112395368
5015727828,2022,last,True,3,W4309721822
5015732743,2021,middle,False,5,W3201554886
5015741470,2022,last,False,5,W4316021298
5015742012,2022,last,False,2,W4296986890
5015748230,2022,last,False,2,W3199225381
5015773859,2020,middle,False,8,W3103425602
5015773896,2022,middle,False,4,W4312244595
5015785399,2021,last,False,6,W3203033219
5015785439,2020,last,False,4,W3101683892
5015789129,2020,first,False,5,W3115022302
5015792060,2021,middle,False,5,W3164106291
5015800938,2021,last,False,2,W3152905003
5015811754,2022,middle,False,16,W4312799098
5015817857,2022,middle,False,6,W4312361117
5015823419,2022,middle,False,6,W4287890940
5015832018,2019,middle,False,6,W2952065032
5015857371,2018,middle,False,7,W2891555348
5015869752,2021,middle,False,10,W3159535809
5015873217,2020,middle,False,7,W3103996868
5015878311,2022,middle,False,11,W4287854423
5015927589,2020,middle,False,8,W3016006013
5015928651,2021,middle,False,6,W4205961906
5015940339,2022,middle,False,4,W4313396375
5015942916,2021,middle,False,6,W3158697642
5015943518,2020,last,False,2,W3115684975
5015947297,2020,middle,False,3,W3134378410
5015964929,2019,first,False,6,W2983608826
5015991234,2021,middle,False,9,W3175463116
5015996266,2021,last,False,3,W3199350934
5016000456,2020,middle,False,8,W3110734869
5016007570,2022,last,False,4,W4283792377
5016028127,2021,middle,False,3,W3211819767
5016038454,2020,last,False,5,W3035020961
5016039620,2020,first,False,3,W3186133614
5016041013,2020,middle,True,3,W3116871949
5016050003,2022,first,False,6,W4352981353
5016051066,2022,middle,False,5,W4285168515
5016054994,2022,middle,False,7,W3177765786
5016058087,2021,last,True,3,W3172340245
5016074532,2022,middle,False,8,W4312046073
5016075689,2021,middle,False,4,W3165022283
5016080094,2020,middle,False,8,W3092903587
5016087648,2022,last,False,5,W4285603397
5016115576,2022,middle,False,6,W4225004701
5016123060,2020,middle,False,8,W3095243247
5016127800,2022,first,False,2,W4285144981
5016135743,2019,last,False,9,W2951025536
5016146221,2022,last,False,7,W4281479341
5016147947,2021,middle,False,24,W3170806096
5016157034,2021,last,False,4,W3164024373
5016164633,2022,middle,False,6,W4224308582
5016169662,2022,middle,False,11,W3205816523
5016175345,2020,middle,False,5,W3101372913
5016176687,2021,middle,False,12,W3156754237
5016183535,2022,middle,False,11,W4294597159
5016184654,2019,last,False,4,W2971350424
5016193325,2021,middle,False,4,W3211532300
5016194897,2020,middle,False,5,W2998006249
5016197750,2022,middle,False,5,W4285307137
5016210851,2019,last,False,4,W3011616235
5016211231,2022,middle,False,7,W4306292704
5016213975,2021,middle,False,14,W3172695159
5016214778,2022,middle,False,6,W4312709938
5016242562,2021,first,False,2,W3210560621
5016246137,2022,middle,False,24,W4318603275
5016256230,2021,first,True,1,W4211055302
5016267591,2022,middle,False,6,W4313179570
5016279564,2021,middle,False,13,W3162347631
5016281730,2021,last,False,4,W3157905252
5016287426,2022,middle,False,13,W3208687975
5016291944,2022,last,False,2,W4308236023
5016302450,2021,last,False,3,W3176514068
5016317255,2022,first,False,6,W3121354667
5016326349,2020,middle,False,8,W2998184481
5016330764,2021,last,False,2,W3183943918
5016337773,2022,last,False,3,W4320029458
5016345745,2021,last,False,3,W3213705241
5016360933,2019,middle,False,7,W2963057320
5016384155,2022,last,False,3,W3130527742
5016388137,2020,middle,False,7,W3136102709
5016391596,2019,last,False,3,W2986220368
5016394820,2022,middle,False,19,W4221066460
5016399094,2021,last,False,6,W3122818000
5016416963,2022,middle,False,6,W4381322416
5016424155,2021,middle,False,7,W3158816579
5016425387,2021,last,False,5,W3137108338
5016430366,2022,first,False,2,W4385573756
5016435353,2022,last,False,3,W4280493558
5016437592,2021,last,False,2,W4226225296
5016446179,2020,first,True,2,W2959296439
5016447988,2022,middle,False,19,W4285211735
5016461327,2022,last,False,4,W3204250176
5016497108,2021,middle,False,9,W3200523913
5016501875,2021,first,False,9,W3169113923
5016512818,2022,last,False,4,W4285042490
5016523759,2022,middle,False,8,W4287854669
5016543371,2019,last,False,6,W2971415639
5016547091,2022,last,False,2,W4386159687
5016557721,2022,middle,False,9,W4284681137
5016563574,2021,middle,False,5,W3208315018
5016565634,2022,middle,False,7,W4225249629
5016587469,2021,middle,False,10,W3087028093
5016589120,2021,first,False,3,W3173585224
5016603628,2021,middle,False,5,W3134486524
5016617263,2022,middle,False,4,W4297841747
5016617643,2022,last,False,8,W4221163971
5016618602,2019,middle,False,4,W2962910668
5016640472,2022,middle,False,24,W4318603275
5016643106,2020,middle,False,7,W2997983205
5016645765,2022,last,False,2,W4312784261
5016648929,2021,middle,False,6,W3216561679
5016651990,2019,first,False,3,W2951886778
5016673752,2022,middle,False,4,W4317419064
5016675333,2022,last,False,4,W4285288507
5016677170,2022,last,False,5,W4312249682
5016681542,2021,middle,False,6,W3184784418
5016685507,2020,last,False,4,W3103975738
5016704080,2021,last,False,4,W4206060246
5016722544,2022,last,False,2,W4312948242
5016726543,2021,middle,False,5,W4206366381
5016741813,2022,first,True,2,W4309232742
5016823997,2020,middle,False,5,W3098320838
5016824543,2021,last,False,3,W3211819767
5016835023,2020,last,False,3,W3107640582
5016839456,2020,last,False,3,W3035225773
5016848207,2022,first,False,3,W4385574287
5016855957,2021,last,False,3,W3152662672
5016859647,2021,first,True,2,W3216454937
5016864296,2022,middle,False,5,W4360764237
5016877422,2020,middle,False,7,W3098694757
5016879516,2022,middle,True,6,W4308529129
5016881389,2021,first,False,2,W3175938739
5016892586,2019,last,False,2,W2955315229
5016894977,2021,middle,False,6,W3122882518
5016901770,2022,middle,False,4,W4307475401
5016908661,2022,middle,False,4,W4220693311
5016923656,2022,first,True,20,W4289521415
5016928206,2020,middle,False,4,W3093198074
5016930939,2021,last,True,6,W3194625338
5016933525,2022,middle,False,6,W4287890936
5016933602,2020,middle,False,6,W3114688549
5016936747,2021,middle,False,5,W3174459789
5016939864,2022,first,False,4,W3203164699
5016943900,2021,first,False,6,W3213670254
5016948754,2021,middle,False,5,W2981875947
5016956470,2019,middle,False,10,W2970252402
5016956860,2022,middle,False,9,W4210827199
5016957740,2021,last,False,4,W3210848536
5016964202,2020,first,False,6,W3115547597
5016991967,2022,first,False,2,W4225370732
5016995269,2021,middle,False,7,W3175287561
5017008767,2021,middle,False,10,W3087028093
5017020887,2019,last,False,6,W2972712416
5017032904,2020,middle,False,4,W3102999298
5017048122,2020,middle,False,6,W3085277538
5017064237,2019,middle,False,6,W2970812170
5017071421,2022,first,False,6,W4385574336
5017081490,2020,last,False,6,W3010593057
5017082774,2021,first,True,7,W3158816579
5017096005,2022,middle,False,7,W4283688199
5017102020,2020,last,False,9,W3130333719
5017102724,2021,middle,True,6,W4200563083
5017116027,2022,middle,False,9,W4385324086
5017116858,2020,middle,False,8,W3088460296
5017147857,2020,middle,False,5,W3104081646
5017159143,2019,last,False,9,W2970566229
5017168859,2022,middle,False,5,W4385573655
5017171970,2022,middle,False,5,W4312317697
5017184564,2022,middle,False,3,W4285258139
5017196205,2021,middle,False,5,W4213327237
5017205177,2020,last,False,8,W3034808961
5017231364,2021,middle,False,6,W4205961906
5017246112,2021,last,False,3,W3215944763
5017251198,2022,last,False,3,W4225279541
5017252969,2021,last,False,2,W4205610697
5017253539,2020,middle,False,3,W3107851623
5017253547,2022,first,True,3,W4297000055
5017273810,2022,middle,False,4,W4285253024
5017277245,2022,first,False,6,W4229334288
5017283574,2021,last,False,3,W3180382384
5017286061,2020,first,False,2,W3134991535
5017300759,2020,first,True,1,W3120353715
5017302758,2022,middle,False,5,W4312069033
5017303429,2021,last,False,3,W3210341484
5017305201,2022,middle,False,4,W3128826916
5017306717,2021,last,False,4,W3214169736
5017310157,2021,first,False,4,W3209028787
5017310324,2022,last,False,3,W4385574278
5017323241,2021,middle,True,14,W3200391510
5017326180,2021,last,False,2,W4206469504
5017326471,2021,middle,False,9,W3129056955
5017348970,2019,middle,False,5,W3013805123
5017366507,2020,middle,False,9,W3011058458
5017370310,2021,last,False,7,W4200411988
5017372434,2022,last,False,5,W4320801492
5017387514,2020,middle,False,5,W3102260352
5017404634,2019,last,False,7,W3099440025
5017409643,2020,middle,False,3,W3082603752
5017409996,2019,last,False,4,W2974794596
5017414370,2022,last,False,4,W4375809650
5017416692,2021,middle,False,6,W3213670254
5017426085,2020,last,True,3,W3129096424
5017440090,2022,last,False,2,W4313527186
5017453183,2022,middle,False,9,W4285143468
5017455302,2019,middle,False,4,W2963768241
5017459474,2021,last,False,2,W3168481435
5017464054,2020,middle,False,4,W3034323081
5017467259,2021,last,False,3,W3192476286
5017471987,2022,middle,False,9,W4289985750
5017489211,2022,middle,False,3,W4286544524
5017503188,2022,first,False,4,W4312244595
5017516541,2022,last,False,2,W4302762935
5017523558,2022,middle,False,10,W4385573191
5017525527,2020,last,False,3,W3022388210
5017526842,2022,middle,False,9,W4229455170
5017532046,2022,last,False,4,W4213072767
5017539576,2022,middle,False,4,W4280547045
5017544218,2022,middle,False,4,W4297312203
5017553001,2019,last,False,4,W2973071945
5017553029,2020,first,False,3,W3101286153
5017558628,2020,first,False,4,W3161760609
5017566347,2021,last,False,3,W3209855825
5017570709,2020,middle,False,5,W3107580171
5017578261,2021,first,False,6,W3176362845
5017580201,2021,first,False,6,W3159843954
5017588481,2020,middle,True,4,W3095226752
5017591415,2022,middle,False,6,W4312895349
5017591427,2020,middle,False,6,W3101509328
5017594053,2020,last,False,9,W3115903740
5017596591,2022,first,True,1,W4385573173
5017597537,2022,last,False,6,W4282964635
5017601806,2021,middle,False,6,W3173765306
5017608892,2021,middle,False,4,W4205243694
5017619650,2020,middle,False,4,W2997588435
5017619842,2020,last,False,3,W3038047799
5017626590,2020,middle,False,6,W2998653236
5017634301,2022,middle,False,9,W4313468495
5017638432,2021,last,False,4,W3207678513
5017645655,2022,middle,True,7,W4282925187
5017647508,2021,first,False,6,W3171827422
5017650667,2021,middle,False,3,W3176806368
5017664927,2022,first,False,4,W4285604348
5017668310,2022,middle,False,7,W4297818243
5017669384,2021,middle,False,6,W3213675203
5017671620,2019,middle,False,6,W2970224261
5017683801,2020,last,False,17,W3102660905
5017694287,2021,middle,False,8,W3129895333
5017713240,2019,first,False,2,W2987680467
5017716773,2022,first,False,2,W4286277022
5017722922,2022,middle,False,6,W4385300730
5017732456,2022,middle,True,10,W4220729493
5017734144,2021,middle,False,7,W3118964795
5017740629,2020,last,False,9,W3105741911
5017741794,2022,last,False,9,W4284681137
5017743551,2022,last,False,3,W4200631851
5017745259,2022,last,False,2,W4294975107
5017750023,2020,last,False,3,W3132235657
5017783286,2022,first,False,5,W4294974928
5017806490,2020,middle,False,5,W3097791920
5017810904,2022,first,False,4,W4283653444
5017810911,2021,last,False,5,W3174622107
5017817734,2020,first,False,4,W3005576497
5017821899,2022,middle,False,4,W4285137726
5017822547,2022,last,False,2,W4313174575
5017832889,2021,first,False,3,W3158543275
5017835517,2020,first,False,6,W3035422387
5017837328,2020,last,False,4,W3112739920
5017861176,2022,middle,False,10,W4285162243
5017862559,2022,last,False,6,W4224921414
5017862925,2022,last,False,3,W4293220829
5017863793,2021,last,False,3,W3199321767
5017867321,2020,middle,False,4,W3033904515
5017877491,2021,first,False,3,W3157975787
5017880637,2022,middle,False,16,W4311711276
5017886809,2022,middle,False,3,W4366724302
5017887249,2021,middle,False,23,W3190761184
5017893281,2022,last,True,4,W4220967830
5017899846,2022,middle,False,6,W4283369524
5017900355,2020,middle,False,4,W3004922004
5017918038,2021,middle,False,5,W3212341733
5017923507,2022,last,False,2,W4224264919
5017927919,2022,middle,False,3,W4226481123
5017940779,2020,first,False,2,W3081965855
5017943466,2019,last,False,4,W2970539732
5017944645,2021,middle,True,5,W3205248144
5017958057,2021,last,False,2,W3179335881
5017964015,2022,middle,False,4,W4286541435
5017986169,2022,middle,False,13,W4293088946
5018008959,2020,middle,False,3,W3105459765
5018025509,2021,last,True,3,W3204648240
5018033573,2022,middle,False,6,W4287889449
5018039983,2021,last,True,4,W3122438992
5018048694,2019,first,False,4,W2972732386
5018050173,2021,middle,False,5,W4205401592
5018053861,2022,middle,False,7,W4309339960
5018062280,2021,last,False,5,W4206740323
5018064043,2022,middle,False,3,W4366674457
5018077195,2021,first,False,6,W3185106531
5018077979,2020,middle,False,4,W2997505754
5018084268,2021,middle,False,9,W3184309109
5018115197,2021,first,False,7,W3156559819
5018126799,2022,first,True,1,W4297841508
5018128809,2022,middle,False,7,W4294975745
5018138946,2019,last,False,3,W3104723404
5018149714,2021,last,False,7,W3213053518
5018161559,2021,middle,False,7,W4225512842
5018162534,2022,middle,False,4,W4385572838
5018175815,2022,middle,False,5,W4318812474
5018181832,2022,middle,False,6,W4310358279
5018207350,2022,middle,False,14,W4282587058
5018211585,2020,last,False,3,W2998009309
5018241237,2021,first,False,6,W3188341083
5018252802,2021,last,False,4,W4225583195
5018256474,2020,last,False,5,W3101658985
5018264265,2021,middle,False,7,W4205731455
5018267399,2022,middle,False,7,W4290998851
5018267482,2019,middle,False,5,W2970916293
5018275477,2021,middle,False,8,W3193951565
5018282808,2022,middle,False,7,W4312612915
5018283565,2020,first,False,4,W3086837474
5018286848,2021,first,False,4,W3121163724
5018287566,2020,last,False,3,W3093592644
5018288181,2019,last,False,5,W2964529779
5018300421,2022,middle,False,6,W4328028485
5018302371,2021,first,False,3,W3154898820
5018320806,2022,last,False,4,W4205412178
5018343158,2021,first,False,2,W3174501435
5018352758,2021,last,False,7,W3158783012
5018362446,2021,middle,False,6,W3192807327
5018385255,2021,middle,False,5,W4226096048
5018390407,2020,middle,False,4,W3115965961
5018395569,2020,last,False,4,W3110548345
5018396769,2020,last,False,4,W3103223797
5018403324,2022,middle,False,6,W4285210452
5018404822,2020,first,False,7,W3113396957
5018416641,2022,last,False,2,W4285412683
5018424374,2022,middle,False,4,W4287855128
5018424525,2020,last,False,5,W3119079778
5018425984,2022,middle,False,5,W4310524018
5018428974,2022,last,False,4,W4317418591
5018444527,2021,last,True,2,W3213103699
5018458084,2022,middle,False,4,W4226471298
5018465759,2022,middle,False,7,W4321462155
5018468480,2021,last,False,4,W3160998848
5018481328,2021,last,False,3,W3216155842
5018487853,2021,last,False,4,W3196729500
5018488866,2022,last,False,3,W4382238410
5018493240,2022,last,False,3,W4282933239
5018493716,2020,first,False,9,W3112505875
5018493892,2022,middle,False,4,W4312433629
5018513384,2021,middle,False,4,W4229966936
5018516368,2022,last,False,4,W4319586819
5018518655,2021,last,False,3,W3210262137
5018522833,2022,middle,False,6,W4281390172
5018532037,2022,middle,False,5,W4385573661
5018548772,2020,first,False,7,W3137099164
5018553457,2021,middle,False,5,W3159832730
5018558381,2021,middle,False,11,W3160540087
5018559332,2021,last,False,2,W3166058466
5018582154,2019,last,False,4,W2985056549
5018582738,2019,middle,False,7,W2962904809
5018606896,2021,middle,False,6,W3169633657
5018607913,2022,middle,True,6,W4210598544
5018630988,2022,middle,False,8,W4385573976
5018632091,2020,last,False,5,W3036678145
5018635864,2022,middle,False,7,W4312388782
5018642309,2022,middle,False,6,W4296069131
5018647644,2021,last,False,3,W3201800682
5018647892,2021,first,False,3,W3198875413
5018649943,2022,middle,False,4,W4360995939
5018655903,2020,middle,False,5,W4390912388
5018666047,2020,middle,False,6,W3090807995
5018668377,2020,middle,False,6,W3117737817
5018684508,2022,middle,False,6,W4213243595
5018688029,2020,middle,False,4,W3117059669
5018689123,2021,first,False,3,W3211500712
5018717759,2021,middle,False,4,W3154300230
5018723138,2022,middle,False,8,W4287849789
5018729840,2022,last,False,4,W4285179112
5018730140,2020,last,False,3,W3041665432
5018731744,2022,middle,False,7,W4385573816
5018740222,2022,last,False,5,W4224991290
5018744978,2022,middle,False,7,W4210592951
5018749138,2019,middle,False,5,W2991433488
5018762275,2021,first,True,1,W4205284209
5018773113,2021,last,False,2,W3177443055
5018787960,2021,middle,False,4,W3190460602
5018791184,2022,last,False,5,W4313038764
5018795881,2020,middle,False,5,W3041464920
5018800118,2019,first,False,2,W2963297649
5018806323,2022,middle,False,4,W4368228571
5018809423,2021,middle,False,6,W3213748123
5018813049,2021,last,False,3,W3160009589
5018820623,2019,middle,False,10,W2996005046
5018821033,2022,middle,False,3,W4308216606
5018823718,2022,middle,False,3,W4281556885
5018826118,2020,middle,False,5,W3136503798
5018846256,2019,middle,False,7,W2972736338
5018851913,2019,first,True,2,W2995768639
5018860616,2022,first,False,3,W4293694533
5018862389,2021,middle,False,15,W3199246256
5018867983,2022,middle,False,3,W4285279870
5018876909,2021,last,False,4,W3175991541
5018879445,2022,middle,False,17,W4292829068
5018881921,2021,middle,False,7,W3175316843
5018887199,2022,middle,False,7,W4320029053
5018888157,2020,last,False,2,W3097500243
5018894843,2021,middle,False,6,W3184285541
5018896387,2021,middle,False,3,W3176796859
5018899731,2022,middle,False,5,W4309120790
5018906358,2022,last,True,3,W4320062476
5018909455,2022,first,False,2,W4362681977
5018925225,2022,middle,False,7,W4291208771
5018928362,2022,middle,True,7,W4285744810
5018931712,2019,middle,False,5,W2985848674
5018970859,2022,last,False,6,W4312747482
5018976680,2019,first,False,7,W2970716846
5018977183,2021,last,True,2,W3170012708
5018999058,2022,middle,False,14,W4308025419
5019003578,2021,middle,False,6,W3168217275
5019008916,2022,middle,False,6,W4312443061
5019027088,2021,middle,False,7,W3204411660
5019048236,2021,middle,False,5,W4226339160
5019048636,2021,middle,False,6,W3199694500
5019051241,2022,middle,False,5,W4312008226
5019068861,2022,middle,False,6,W4313563529
5019072702,2019,middle,False,11,W2984305408
5019100753,2021,last,False,5,W3190460267
5019101777,2020,last,False,5,W3081571138
5019106673,2020,middle,False,5,W3100894295
5019108029,2019,middle,False,5,W2971167298
5019110555,2021,last,False,4,W3173650973
5019111542,2022,last,False,4,W4206958985
5019115817,2020,last,False,3,W3087613136
5019126151,2021,first,True,6,W3033077667
5019134461,2022,middle,False,5,W4284969060
5019177183,2020,last,True,5,W3035807844
5019180907,2020,last,False,8,W3035309733
5019197893,2022,middle,False,5,W4297841533
5019214533,2021,middle,False,15,W3197281475
5019215236,2022,first,False,13,W3208687975
5019218714,2021,middle,True,6,W3185979432
5019220178,2020,middle,False,11,W3040155247
5019241553,2020,middle,False,4,W3104410689
5019243136,2021,middle,False,9,W3209482800
5019248666,2022,last,False,4,W4385567070
5019259019,2019,first,False,4,W2989033444
5019283275,2021,last,False,3,W3174237804
5019292332,2021,middle,False,4,W3217490106
5019297976,2020,middle,False,6,W3035296331
5019298277,2021,last,False,2,W3161323257
5019299318,2021,middle,False,3,W3107681958
5019307205,2022,middle,False,18,W4289523162
5019313200,2022,last,False,4,W4313052647
5019332628,2021,first,False,5,W3186786053
5019363025,2019,middle,False,3,W2953526793
5019368074,2021,middle,False,4,W3155936402
5019377864,2021,middle,False,5,W3163714381
5019398608,2021,last,True,2,W3211403530
5019400837,2022,last,True,7,W4309559560
5019410243,2022,middle,False,5,W4297904465
5019419036,2022,middle,False,3,W4385270576
5019424852,2021,first,False,3,W3153479395
5019427144,2021,last,False,2,W3198327836
5019444857,2021,middle,True,5,W3174851372
5019444969,2022,last,False,5,W4385326487
5019447834,2020,middle,False,3,W2998009309
5019448772,2022,middle,False,6,W4287512390
5019452689,2021,middle,False,11,W4206496297
5019458385,2019,last,False,6,W3010888783
5019466280,2020,middle,False,5,W3116384449
5019469492,2020,middle,False,9,W3090814594
5019481782,2021,first,False,3,W3210262137
5019485118,2021,middle,False,4,W3176042808
5019489674,2021,last,True,5,W3121620998
5019494985,2020,middle,False,11,W3037624666
5019498183,2021,middle,False,3,W3171754973
5019514645,2022,middle,False,5,W4281673407
5019520928,2021,middle,False,7,W3193699827
5019527258,2020,first,False,5,W3037636427
5019530089,2019,middle,False,8,W2941649920
5019536884,2020,first,False,3,W3087780320
5019539533,2019,last,False,6,W2971039193
5019540386,2022,last,False,2,W4225245175
5019559411,2021,middle,False,3,W3172564883
5019572093,2022,middle,False,7,W4297818243
5019587984,2021,last,False,3,W3169219518
5019594660,2022,middle,False,8,W4288367246
5019596252,2020,last,False,3,W3098968529
5019602951,2022,middle,False,8,W4297841899
5019603699,2022,middle,False,6,W4285212850
5019633275,2020,middle,False,6,W3114725666
5019634453,2022,first,False,4,W4328028672
5019636088,2022,middle,False,6,W4223926712
5019641005,2022,middle,False,3,W4295308457
5019654595,2022,last,True,4,W4226412672
5019670221,2022,middle,False,5,W4316021298
5019675297,2022,middle,False,3,W4221154622
5019678322,2022,middle,False,4,W4311167039
5019683255,2021,middle,False,6,W3184285541
5019686897,2020,middle,False,3,W3117682495
5019701501,2021,last,False,5,W3181833619
5019715118,2020,middle,False,6,W2997518171
5019716362,2022,last,False,5,W4391763983
5019722690,2022,middle,False,8,W4285601618
5019735658,2022,last,True,3,W4226334468
5019735737,2021,first,False,3,W3196696248
5019738080,2022,last,False,3,W4293024028
5019739449,2022,middle,True,5,W4229007392
5019739552,2022,middle,False,4,W4284689801
5019767181,2021,last,False,7,W3174263371
5019787390,2022,first,True,1,W4226251802
5019802248,2021,middle,False,6,W4205633160
5019807694,2022,last,False,6,W3174851253
5019810499,2022,first,True,2,W3205276005
5019824207,2022,middle,False,10,W4304689276
5019825395,2020,middle,False,13,W4233923317
5019830361,2022,middle,False,9,W4293051825
5019840216,2021,middle,False,7,W3184069441
5019849300,2021,middle,False,10,W3156031277
5019866365,2022,middle,False,9,W4223458030
5019867041,2020,last,False,3,W3102042387
5019868556,2022,first,False,7,W4210592951
5019873574,2020,last,True,2,W3114176606
5019897482,2022,middle,False,4,W4317382108
5019899855,2021,middle,False,5,W3200721874
5019901083,2022,middle,False,5,W4292828961
5019905167,2022,middle,False,10,W4321636758
5019906616,2021,last,False,5,W4200380281
5019906827,2022,last,False,3,W4309345802
5019924950,2022,middle,False,6,W4385574560
5019927724,2022,middle,False,6,W4285254085
5019928111,2020,middle,False,5,W3104196282
5019929457,2020,last,False,8,W3110734869
5019931011,2022,middle,False,6,W4213328902
5019932437,2022,middle,False,6,W4366310519
5019933387,2020,middle,False,8,W3103786884
5019935805,2022,first,True,8,W4285271575
5019945208,2021,middle,False,7,W3214234195
5019950167,2021,middle,False,4,W3215579887
5019953360,2020,last,False,3,W3080563675
5019968969,2019,last,True,2,W2988257285
5019969308,2019,last,False,4,W2989523826
5019988958,2020,last,False,3,W3041897721
5019991170,2021,middle,False,3,W3212745554
5019996096,2021,last,False,4,W3193714822
5019996443,2022,middle,False,5,W4294811651
5019999253,2022,last,False,4,W4205572457
5020000412,2020,first,False,6,W3090593301
5020004345,2020,last,False,2,W3108415498
5020006712,2019,middle,False,4,W2883891001
5020010821,2022,middle,True,24,W4220888452
5020020080,2022,middle,True,20,W4220895458
5020020314,2020,last,False,5,W3101860364
5020021079,2021,last,True,3,W2964941017
5020022037,2022,middle,False,5,W4206485217
5020022791,2020,first,False,8,W3015646649
5020025718,2019,middle,True,6,W2970925677
5020048803,2021,first,False,5,W3152800438
5020054157,2021,middle,False,3,W3197744542
5020065129,2021,middle,True,5,W3159224251
5020068498,2022,first,False,2,W4285181207
5020072191,2022,last,False,3,W4213060092
5020085226,2021,first,False,16,W3213187978
5020085889,2019,middle,False,6,W2972833053
5020090846,2022,middle,False,6,W4312228356
5020093775,2020,middle,False,4,W3093865413
5020094404,2022,first,False,8,W4318147820
5020101447,2022,last,True,6,W4293048708
5020123717,2020,middle,False,11,W3011906630
5020137630,2022,middle,False,3,W4328028645
5020147099,2020,last,False,4,W3117977211
5020151253,2021,middle,False,7,W3171540545
5020181962,2020,middle,False,4,W3048636527
5020182574,2022,last,False,2,W4312271187
5020195559,2021,last,False,4,W3196854172
5020197064,2021,last,False,5,W3213782110
5020208493,2020,last,False,7,W3129502917
5020216791,2021,middle,False,3,W3162345085
5020224649,2019,last,True,2,W2995768639
5020226245,2022,last,False,4,W4300861533
5020247368,2022,middle,False,3,W4286110465
5020249052,2020,middle,False,4,W3115326384
5020259169,2021,middle,False,3,W3197659403
5020263683,2021,first,False,5,W3197236059
5020267037,2021,last,False,4,W3123649662
5020273312,2021,middle,False,9,W3215776227
5020275989,2020,middle,False,12,W3012939329
5020277024,2021,middle,False,4,W3175526286
5020285461,2022,first,False,5,W4385574062
5020289098,2022,middle,False,6,W4308643083
5020301327,2021,middle,False,3,W4232141518
5020320447,2022,middle,False,16,W4320024158
5020329481,2021,middle,False,6,W3171010408
5020340417,2022,middle,False,4,W4309588718
5020347604,2019,last,False,2,W2951899185
5020353093,2021,middle,False,5,W3162311522
5020353138,2022,middle,False,5,W4317600370
5020359610,2022,last,False,3,W4223650768
5020360433,2019,middle,False,5,W2971461915
5020365705,2022,middle,False,8,W4220978177
5020366067,2020,first,False,3,W3030045769
5020370754,2021,middle,False,6,W3208789749
5020377010,2020,last,False,2,W3106782753
5020385352,2022,middle,False,9,W4385573076
5020392160,2021,middle,False,4,W3197407562
5020400305,2021,middle,False,7,W2978036638
5020404017,2021,last,False,4,W3156622799
5020409015,2021,middle,False,15,W3199246256
5020409408,2022,first,True,3,W4306732251
5020415668,2019,last,False,4,W3005587429
5020429493,2020,middle,False,6,W3023470214
5020441658,2021,last,False,3,W3129357366
5020449921,2022,middle,False,6,W4312383860
5020451338,2022,middle,False,6,W4366517598
5020470519,2022,last,False,4,W4317382108
5020474806,2021,last,False,2,W4207058816
5020481922,2020,last,True,4,W3112870511
5020485354,2020,middle,False,5,W3113679501
5020493245,2020,last,False,4,W3111277931
5020500064,2019,middle,False,15,W2970279348
5020501435,2019,first,False,7,W2963057320
5020511097,2021,last,False,3,W3203684173
5020523652,2022,middle,False,12,W4291652457
5020527092,2022,last,False,6,W4312361117
5020529014,2022,last,False,5,W4312340546
5020532873,2022,last,False,5,W4224979365
5020533147,2021,last,False,4,W3157805235
5020541310,2022,first,False,4,W4308475331
5020546469,2022,middle,False,4,W4291710825
5020570496,2020,last,False,2,W3043983603
5020574706,2020,middle,False,5,W3035785882
5020580909,2022,middle,False,5,W4308517725
5020597757,2022,middle,False,7,W4225370003
5020611138,2022,middle,True,3,W4308871212
5020625328,2021,middle,False,7,W4226434268
5020634590,2022,last,False,3,W4303021240
5020637789,2021,middle,False,3,W3135352592
5020665735,2021,last,False,5,W3154670582
5020679327,2020,last,False,2,W3091053693
5020679643,2020,first,False,9,W3106803824
5020681500,2020,last,False,4,W3135349591
5020682113,2022,middle,False,23,W3169341408
5020697231,2019,middle,False,5,W2963614864
5020700841,2019,middle,False,3,W2883206022
5020710247,2022,first,True,3,W4225760239
5020713789,2020,last,False,2,W3095340127
5020716844,2022,middle,False,4,W4200629408
5020723168,2020,middle,False,4,W3080213329
5020727991,2021,middle,False,3,W3173949779
5020766468,2018,first,False,3,W2810397803
5020772870,2022,middle,False,10,W4224918069
5020773624,2021,middle,False,8,W3138559567
5020775577,2020,middle,False,5,W3009654469
5020786167,2022,last,False,4,W4285684853
5020802697,2021,last,False,2,W3196499124
5020822487,2021,middle,False,25,W3204256746
5020836177,2022,middle,False,6,W4213224833
5020849374,2022,middle,False,4,W4312941176
5020864885,2019,middle,False,5,W2990188683
5020873493,2021,middle,False,4,W3193120685
5020880385,2020,middle,False,5,W3013642887
5020881468,2019,last,False,4,W2970869018
5020888824,2020,middle,False,6,W3115198855
5020896290,2022,first,False,5,W4285309825
5020902076,2021,first,False,2,W4200023091
5020908862,2022,first,False,3,W4296641137
5020909684,2022,last,False,6,W4283317907
5020934904,2020,first,False,2,W3109375587
5020936420,2021,last,False,3,W3208444943
5020938231,2021,middle,False,5,W3216631677
5020945377,2022,last,False,5,W4283399282
5020953714,2020,last,False,3,W3173006506
5020962335,2022,first,False,3,W4288422235
5020975010,2019,last,False,3,W3005795155
5020976830,2022,middle,True,5,W4287147696
5020987552,2020,first,True,1,W3101735592
5020991141,2019,last,False,4,W3003923175
5020994673,2020,last,False,3,W3034489696
5020998500,2022,middle,False,4,W4226193340
5021026262,2022,first,True,1,W4224213755
5021026351,2022,last,False,3,W4311128791
5021030351,2022,last,False,5,W4225658837
5021040346,2021,middle,False,4,W3204088617
5021052588,2021,middle,False,7,W4207035043
5021055773,2019,middle,False,3,W2946417913
5021057186,2020,last,False,5,W3102654237
5021069086,2022,middle,False,5,W4328028837
5021073698,2022,middle,False,4,W4282980673
5021080053,2022,last,False,4,W4283831718
5021080594,2020,middle,False,5,W3104713013
5021090590,2022,last,False,6,W4328028694
5021091177,2022,last,False,3,W4223895293
5021095324,2020,middle,False,6,W3104442086
5021101350,2022,last,False,5,W4287887904
5021107714,2022,last,False,5,W4292794834
5021120517,2022,middle,False,8,W4313270255
5021122269,2022,last,False,8,W4211219865
5021123104,2021,middle,False,4,W3175533348
5021124418,2022,middle,False,9,W4226455589
5021128017,2020,last,False,11,W3116407756
5021140826,2020,middle,False,5,W3034500398
5021166773,2021,last,False,2,W4205147579
5021174667,2021,middle,False,6,W4200156962
5021180431,2020,first,True,9,W3084095723
5021187328,2021,last,False,5,W4210604289
5021195199,2021,middle,False,4,W3198711122
5021205602,2021,first,False,9,W3197754921
5021211836,2021,first,False,2,W3201427244
5021212312,2022,middle,False,12,W4309643839
5021220108,2022,last,False,5,W4321512592
5021242300,2022,last,True,6,W4296777590
5021246376,2019,middle,False,4,W2884574958
5021250548,2022,last,False,5,W3214728958
5021251779,2021,first,False,4,W3214600742
5021256099,2022,middle,False,5,W4313164946
5021259488,2020,last,False,3,W3034802203
5021273980,2020,first,True,2,W3091759883
5021283579,2021,last,False,3,W3184394178
5021285403,2022,middle,False,18,W4234577219
5021287757,2019,middle,False,7,W2952352518
5021338648,2022,middle,False,3,W4385573857
5021345648,2020,last,False,3,W2595186334
5021355026,2022,last,False,4,W4291237172
5021357107,2019,middle,False,10,W2971355343
5021358528,2020,last,False,3,W3032084709
5021380974,2022,first,False,4,W4289878414
5021381399,2021,middle,False,4,W3164693331
5021389231,2022,middle,False,5,W4309101696
5021394822,2020,middle,False,4,W3092568562
5021400024,2022,last,True,8,W4207067088
5021403239,2021,middle,False,6,W3196401837
5021416216,2021,middle,False,12,W3158873112
5021432664,2022,middle,False,5,W4360995892
5021438219,2022,middle,False,8,W4312591085
5021449557,2021,last,False,3,W3161587393
5021453391,2022,middle,False,5,W4300167402
5021459300,2020,middle,False,5,W3101853775
5021468662,2020,last,False,2,W3031484690
5021491998,2022,middle,False,7,W4320029053
5021531143,2019,middle,False,5,W2952682849
5021534206,2019,last,False,4,W2984030454
5021545074,2022,first,False,4,W4213140462
5021549473,2021,middle,False,4,W3214480544
5021554615,2019,middle,False,4,W2979144850
5021557805,2020,middle,False,7,W3114035504
5021568197,2020,first,False,5,W3116968030
5021568693,2020,last,False,6,W3102549534
5021570308,2020,last,False,8,W3139403840
5021570324,2020,last,False,7,W3095166428
5021573612,2020,middle,False,5,W3101860364
5021580320,2021,middle,False,7,W3129336662
5021605006,2020,middle,False,4,W3104982372
5021631420,2021,middle,False,5,W3165530421
5021634114,2022,middle,False,4,W4308216459
5021644682,2022,first,False,4,W3199098260
5021652198,2022,middle,False,19,W4221066460
5021661678,2019,first,False,5,W2964529779
5021662681,2020,middle,False,4,W3095839900
5021667085,2019,middle,False,6,W2950428495
5021678540,2021,middle,False,16,W3147637074
5021680636,2020,first,False,3,W3114055400
5021681759,2020,middle,False,6,W3139035125
5021682643,2022,last,True,3,W4223456432
5021688106,2022,middle,True,5,W4312177081
5021693730,2022,middle,False,8,W3201849546
5021717958,2022,middle,True,4,W4220705979
5021722017,2021,first,False,5,W3217467230
5021723305,2022,first,False,2,W4313375727
5021726620,2022,middle,False,4,W4315606042
5021729611,2022,middle,False,10,W4229370390
5021733732,2020,first,False,5,W3102577836
5021750511,2021,middle,False,24,W3196831814
5021751767,2022,last,True,2,W4385573163
5021755144,2021,last,False,3,W3160798240
5021757437,2022,last,False,4,W4297841714
5021766012,2022,last,False,2,W4283314456
5021769068,2020,middle,False,5,W3083728776
5021781616,2022,middle,False,6,W4285286324
5021788449,2021,middle,True,4,W3174361912
5021789878,2021,middle,False,11,W4205508242
5021790939,2022,middle,False,7,W4221151441
5021802342,2022,middle,False,3,W4309204637
5021807054,2020,middle,False,5,W2998456908
5021825932,2022,middle,False,7,W4313730715
5021827481,2021,middle,False,6,W3217728966
5021843919,2021,first,False,3,W3139172628
5021845515,2021,middle,False,6,W4230597592
5021852735,2022,last,False,4,W4316925060
5021852786,2021,middle,False,9,W3200523913
5021862101,2022,middle,False,5,W4214663417
5021863801,2022,middle,False,19,W4285211735
5021874293,2022,middle,False,9,W4223458030
5021896449,2021,last,False,3,W3165850266
5021897885,2022,middle,False,4,W4283591063
5021900623,2022,last,False,6,W4225635674
5021903186,2021,middle,False,6,W3170886857
5021911747,2022,middle,False,5,W3205717164
5021920057,2022,last,False,5,W4295934596
5021935248,2022,first,True,4,W3199901511
5021938376,2020,middle,False,6,W3118434027
5021952588,2019,middle,False,7,W2954444514
5021975286,2021,middle,False,8,W3161127962
5021981517,2022,first,False,8,W4307090970
5021983750,2019,middle,False,5,W3004302692
5022011099,2021,middle,False,11,W3160540087
5022014033,2019,last,False,7,W2972736338
5022017027,2022,middle,False,8,W4285208881
5022052915,2021,middle,False,25,W3204256746
5022062855,2022,last,False,2,W4225320784
5022074764,2021,middle,False,5,W4200192202
5022077395,2022,first,False,3,W4309997606
5022078199,2022,middle,False,24,W4318603275
5022120449,2022,middle,False,6,W3121354667
5022145072,2021,middle,False,4,W4212887236
5022152853,2020,middle,False,5,W3030678071
5022153057,2022,last,False,6,W4211192082
5022170150,2020,middle,False,4,W3095175338
5022190846,2022,middle,False,19,W4221066460
5022191527,2021,last,True,9,W3154275519
5022201149,2022,middle,False,12,W4297914802
5022216838,2022,middle,False,4,W4307444957
5022222926,2022,last,False,4,W3199098260
5022257357,2022,middle,False,5,W4293101460
5022267948,2022,middle,False,3,W4312307060
5022278329,2022,middle,False,12,W4311426701
5022279488,2020,first,False,6,W3119349118
5022290876,2021,last,True,6,W3185979432
5022293663,2022,middle,True,6,W4292265045
5022297444,2021,middle,False,5,W4205401592
5022324613,2019,middle,False,7,W2952352518
5022325814,2020,middle,False,3,W3091338744
5022326820,2020,middle,False,8,W3098608326
5022355568,2021,first,True,3,W3154927178
5022359423,2020,last,False,2,W3037907898
5022362167,2022,first,False,7,W4320024180
5022371052,2021,middle,False,6,W3172028705
5022385009,2019,last,False,4,W2983408952
5022393623,2021,middle,False,8,W4231780944
5022407073,2022,middle,False,4,W4285125091
5022408570,2021,middle,False,6,W4200082383
5022416424,2021,middle,False,12,W3119786062
5022422213,2022,middle,False,11,W4286267600
5022424856,2021,middle,False,4,W4207028133
5022428964,2022,first,False,7,W4211026163
5022448274,2021,first,False,4,W4206590096
5022457368,2022,middle,False,13,W4310239597
5022461927,2022,middle,False,8,W4385567294
5022465625,2020,middle,False,4,W3114239721
5022483402,2022,last,False,3,W4301184818
5022485068,2022,middle,False,4,W4283792550
5022488945,2019,first,False,4,W3005961436
5022489629,2020,first,True,1,W3028018682
5022489655,2020,last,False,4,W3034383590
5022491386,2020,middle,False,8,W3110734869
5022495891,2021,middle,False,9,W3160160137
5022496550,2022,middle,False,6,W4385573177
5022501326,2022,middle,False,4,W4319587062
5022507249,2020,middle,False,3,W3093592644
5022518029,2022,middle,False,4,W4281743053
5022520503,2022,middle,False,5,W3128494784
5022533797,2022,first,False,6,W4296777590
5022536844,2022,middle,False,6,W4287888044
5022565589,2020,middle,True,3,W3016441316
5022571340,2022,middle,False,6,W4308236201
5022574607,2020,middle,False,7,W2996854111
5022574838,2019,middle,False,6,W3091390616
5022581623,2021,middle,False,5,W3203053806
5022590472,2021,last,False,12,W3210322523
5022594750,2022,last,False,2,W4281626039
5022595726,2019,last,True,3,W2953526793
5022600135,2022,first,True,1,W4312590785
5022601535,2022,last,False,6,W4281564455
5022608288,2021,middle,False,5,W3203781993
5022616566,2022,last,False,6,W4319718049
5022619382,2020,first,False,3,W3028754898
5022636178,2021,last,False,5,W3156558703
5022638931,2020,middle,False,6,W3012716314
5022645695,2021,last,False,3,W4285420590
5022655938,2021,first,False,3,W4200120588
5022672030,2019,middle,False,5,W2985115890
5022673825,2021,middle,False,6,W3209079307
5022683388,2021,last,False,6,W3138523474
5022683477,2022,middle,False,4,W4226353085
5022686531,2022,last,True,2,W4313375727
5022692056,2022,middle,False,5,W4313419997
5022698890,2020,middle,False,3,W3034341146
5022703491,2019,first,False,7,W3046423960
5022731366,2022,first,False,6,W4225986972
5022736687,2022,middle,False,6,W4289533864
5022754114,2020,middle,False,3,W3035428952
5022761201,2021,middle,False,12,W3137689960
5022780948,2019,last,False,3,W2970452639
5022799473,2021,last,False,8,W4226373076
5022800038,2019,last,False,4,W2966070016
5022805973,2022,last,False,3,W4387096116
5022828079,2022,last,False,4,W4296425700
5022834069,2021,middle,False,5,W3163714381
5022837496,2022,middle,False,9,W4229455170
5022844115,2022,middle,False,16,W4312799098
5022846665,2022,middle,True,3,W4312221869
5022865376,2019,middle,False,7,W2962829230
5022869475,2022,middle,True,6,W4286470556
5022877637,2020,middle,False,6,W3129048826
5022888361,2021,middle,False,5,W3183764363
5022888378,2022,last,True,2,W4281719181
5022902229,2021,middle,False,23,W3190761184
5022903591,2021,first,False,6,W4200359811
5022905724,2021,middle,False,5,W3211102095
5022915126,2019,middle,False,8,W2989186566
5022916498,2021,middle,False,5,W3161782335
5022924513,2022,first,False,3,W4226361124
5022934605,2021,middle,False,4,W3188120558
5022935102,2022,middle,False,7,W4313496563
5022959238,2021,middle,False,6,W3118907996
5022961965,2022,middle,False,5,W4287889747
5022973212,2019,middle,False,7,W2995514860
5022998651,2021,last,False,5,W3209586129
5022999126,2021,first,False,4,W3213508244
5023007633,2021,last,False,5,W3209176733
5023013526,2022,last,False,3,W4320067774
5023014733,2021,last,False,3,W3186370775
5023026501,2021,middle,False,4,W4210354423
5023028746,2022,middle,False,3,W4282573562
5023053982,2020,last,False,2,W3037963377
5023057388,2022,middle,False,12,W4210833614
5023059609,2019,last,False,2,W2972809973
5023083273,2020,middle,False,8,W3033685272
5023089209,2020,last,False,2,W3091662078
5023089434,2021,first,False,16,W3183988814
5023092411,2022,first,False,4,W4385572966
5023107088,2021,middle,False,6,W3167698605
5023113072,2020,middle,False,4,W3132983178
5023121476,2022,last,True,6,W4212868710
5023123863,2021,middle,False,9,W3046375318
5023125955,2022,middle,False,10,W4283651323
5023126889,2021,middle,False,3,W4285335404
5023135578,2019,middle,False,3,W2977942273
5023142004,2022,middle,False,14,W4210700580
5023143758,2022,first,False,5,W4385574071
5023155010,2021,last,False,3,W3202037236
5023158018,2021,first,False,2,W4226451390
5023158517,2022,last,False,6,W4308732727
5023160093,2022,last,False,5,W4221122204
5023165780,2020,last,False,3,W2998997307
5023167307,2022,middle,False,7,W4313030848
5023171091,2020,middle,False,6,W3032423893
5023177983,2022,middle,False,4,W4285252511
5023183059,2020,middle,False,5,W3037422790
5023185891,2022,middle,False,6,W4285820921
5023195984,2021,last,False,3,W3162003518
5023201445,2022,last,False,2,W4312823645
5023209130,2020,last,False,2,W3116202362
5023213398,2022,middle,False,5,W4300167402
5023224071,2021,last,False,4,W3211807947
5023224900,2022,last,False,2,W4226530580
5023235306,2022,first,False,5,W4313531568
5023250445,2020,first,False,3,W3102233600
5023252002,2020,middle,False,5,W3034669235
5023264151,2022,last,False,6,W4283317348
5023264395,2022,middle,False,8,W4297841899
5023264894,2022,first,True,1,W4360764623
5023273506,2022,last,False,3,W4282573562
5023274785,2022,middle,False,7,W4226248135
5023282399,2022,middle,False,5,W4318826026
5023283860,2021,middle,False,5,W3198270377
5023286630,2022,middle,False,3,W4380589964
5023301307,2022,middle,False,9,W4311243316
5023313904,2020,last,False,4,W3145915485
5023339675,2021,first,False,6,W3158733382
5023359433,2019,middle,False,8,W2970374239
5023362889,2021,last,False,6,W3167699097
5023365550,2020,middle,False,4,W3105977045
5023371171,2022,first,False,7,W4285606464
5023397694,2020,middle,False,7,W3033585268
5023418635,2022,middle,False,9,W4225319257
5023422312,2022,last,False,5,W4319586062
5023425558,2021,middle,False,8,W3205927779
5023438344,2022,last,False,5,W4312008226
5023448998,2022,last,False,3,W4285214572
5023493215,2020,last,False,3,W3118193270
5023496425,2022,last,False,5,W4223965482
5023498056,2022,middle,False,8,W4290725230
5023499084,2022,middle,False,5,W4310893549
5023500196,2019,middle,False,9,W2997522493
5023501811,2020,middle,False,3,W3106118243
5023506057,2021,last,False,4,W3211457251
5023506216,2022,last,True,5,W4288457208
5023507685,2022,first,False,4,W4285161221
5023508792,2019,middle,False,8,W2964915587
5023517546,2021,first,False,6,W3168564952
5023518080,2021,middle,False,5,W3125507956
5023525580,2021,middle,False,3,W4200012584
5023526748,2022,middle,True,4,W4226284351
5023527433,2022,middle,True,5,W4295813601
5023542938,2022,middle,False,7,W4288057735
5023545041,2022,middle,False,7,W4225299129
5023556869,2021,first,False,3,W3199527474
5023557586,2022,middle,False,7,W4285298235
5023562009,2022,middle,False,3,W4297798768
5023565753,2020,last,False,2,W3082961718
5023573950,2021,middle,False,7,W3211383439
5023578096,2021,middle,False,5,W3168690788
5023583976,2020,middle,False,3,W3035758001
5023591414,2020,first,False,3,W3102659883
5023595778,2021,last,False,3,W4206700508
5023599556,2022,first,False,5,W4285147227
5023605306,2019,last,False,2,W2970474271
5023606467,2021,middle,False,5,W3195385865
5023619547,2022,middle,False,6,W4223432929
5023621766,2019,middle,False,5,W2964306921
5023638340,2020,middle,False,4,W3034870693
5023644827,2022,last,False,5,W4226451629
5023679744,2020,last,False,3,W3103099263
5023692269,2022,middle,True,5,W3186916054
5023695406,2021,middle,False,6,W4225688135
5023696818,2019,middle,False,7,W2970645034
5023705114,2022,middle,False,3,W4313286866
5023705881,2021,first,False,5,W3177457301
5023708568,2022,middle,False,8,W4283790955
5023718997,2020,last,False,2,W3115842509
5023724461,2021,last,False,2,W3214999930
5023725893,2022,middle,False,6,W4292787292
5023750515,2020,first,False,2,W3034723486
5023750808,2020,first,False,4,W3037251733
5023752172,2022,last,False,4,W4224916206
5023760520,2022,middle,False,4,W4283792377
5023761803,2021,middle,False,5,W3211102095
5023774940,2022,last,False,7,W4313496563
5023775139,2019,last,False,7,W2970645034
5023777406,2019,first,False,4,W2970454332
5023784427,2022,last,False,4,W4289655563
5023785113,2022,middle,False,6,W4223889796
5023797933,2022,middle,False,4,W4309478457
5023802054,2019,last,False,3,W2970200208
5023815884,2022,middle,False,8,W4226087293
5023824766,2020,middle,False,8,W3012639927
5023840296,2022,middle,False,6,W4292787292
5023841356,2022,middle,False,7,W4211173354
5023852923,2020,last,False,2,W3116579043
5023856625,2022,middle,False,7,W4210592951
5023859439,2019,last,False,3,W2990536557
5023868166,2021,middle,False,4,W4226291738
5023882015,2020,last,False,5,W3115197695
5023888994,2021,last,False,2,W3195623089
5023894100,2022,middle,False,5,W4205601573
5023894377,2022,middle,False,5,W4313562700
5023899090,2022,last,False,3,W4293998982
5023899172,2022,middle,False,7,W4220979049
5023913868,2021,middle,False,4,W3122438992
5023918894,2021,last,False,4,W3213639431
5023924528,2021,first,False,3,W3167049841
5023925931,2021,last,False,3,W3155728828
5023931221,2020,middle,False,6,W3006428138
5023944464,2021,last,False,3,W3156316299
5023948588,2019,middle,False,4,W2985808369
5023964815,2020,last,False,3,W3024259856
5023968294,2022,middle,False,9,W4225319257
5023969133,2022,last,False,3,W4287887933
5023969203,2022,last,True,2,W4220974974
5023972426,2022,first,False,2,W4205484635
5023977688,2019,last,False,2,W2914177045
5023978319,2020,middle,False,24,W3102483398
5023982052,2022,middle,False,6,W4315750526
5023990637,2021,middle,False,5,W4226109440
5023992845,2020,first,False,7,W3120329789
5024008212,2022,middle,False,8,W4224921333
5024010116,2021,middle,False,6,W3174110202
5024032794,2022,last,False,2,W4229083684
5024040521,2019,last,False,2,W2966765144
5024048679,2022,last,True,4,W4226269280
5024050253,2022,middle,False,11,W4225156065
5024050806,2019,last,False,5,W2970029631
5024059541,2022,middle,False,11,W4224939843
5024066643,2021,middle,False,6,W3119880013
5024072185,2022,middle,False,3,W4220695049
5024075990,2021,first,True,4,W3133361432
5024077875,2020,last,False,7,W3017848151
5024078415,2019,last,False,4,W3011187180
5024081062,2021,middle,False,6,W3129318751
5024087930,2020,middle,False,3,W3114981953
5024090300,2022,last,False,2,W4308236284
5024097240,2020,middle,False,10,W2998036008
5024101914,2022,first,False,4,W4312124100
5024102664,2021,last,False,10,W3175518369
5024120099,2021,middle,False,3,W3172397280
5024123401,2022,last,False,3,W4225308684
5024126057,2022,middle,True,8,W4296356594
5024130715,2020,last,False,3,W3045877325
5024161267,2021,middle,False,7,W3176264844
5024165645,2022,first,True,1,W4315750556
5024169758,2019,middle,False,5,W3125615400
5024171000,2022,last,False,4,W4292213097
5024171815,2022,last,True,4,W4296068408
5024175675,2021,last,False,5,W3131423379
5024176415,2021,middle,False,4,W3200760931
5024181286,2021,first,False,2,W3199047597
5024181945,2020,first,True,1,W3034020579
5024181978,2021,middle,False,3,W3198756156
5024192538,2022,middle,False,5,W4210820433
5024193112,2020,last,False,5,W3049185961
5024194480,2022,middle,False,4,W4210371902
5024198505,2022,last,False,4,W4312359447
5024203789,2020,last,False,6,W3104442086
5024206808,2022,middle,False,4,W4312427753
5024214059,2021,middle,False,6,W3209174365
5024220094,2021,middle,False,6,W4205518118
5024230879,2021,middle,False,8,W3203711169
5024268798,2020,middle,False,4,W3103163889
5024270810,2021,middle,False,6,W3128562462
5024280658,2019,last,False,2,W2979739940
5024280969,2022,last,False,3,W4280568388
5024284822,2022,middle,False,3,W4366307840
5024289387,2022,last,True,4,W4311546891
5024291487,2022,middle,False,3,W4225891318
5024292688,2021,middle,False,7,W3160843161
5024298278,2022,middle,False,6,W4312383860
5024324604,2021,last,False,6,W3185106531
5024330889,2022,last,True,5,W3203162515
5024338002,2022,last,False,3,W4281611690
5024338348,2021,middle,False,7,W3184088840
5024345043,2021,first,False,4,W3162632914
5024361922,2022,middle,False,6,W3213754525
5024373783,2022,last,False,2,W4210391403
5024383883,2022,last,False,2,W4312441209
5024383984,2022,middle,False,6,W4319978676
5024395125,2019,middle,False,3,W2984978596
5024408306,2022,last,False,12,W4297035359
5024409281,2022,last,False,8,W4311883742
5024424191,2021,middle,True,6,W3088682948
5024436944,2022,middle,False,4,W3168068147
5024437840,2019,last,False,2,W2970854433
5024442295,2022,last,False,7,W4362647183
5024453737,2022,last,True,2,W4292409471
5024459386,2021,middle,False,4,W3160596727
5024466638,2022,middle,False,14,W4312309136
5024477949,2022,last,True,2,W4229049386
5024478685,2022,last,False,4,W4312802610
5024483115,2022,middle,False,8,W4294295833
5024490909,2022,middle,False,4,W4293209991
5024502896,2021,last,False,3,W3163014027
5024515193,2021,middle,True,4,W3206011792
5024519127,2020,middle,False,3,W3108702526
5024521937,2019,first,False,3,W2950883770
5024546524,2022,last,False,5,W4287889747
5024583659,2019,first,False,2,W2970035587
5024587960,2021,middle,False,16,W3200545562
5024593355,2022,middle,False,6,W4225004043
5024599321,2019,middle,False,3,W2949442961
5024613828,2021,middle,False,21,W3162479984
5024617531,2022,last,False,6,W4312443061
5024624933,2022,middle,False,14,W4308025419
5024626821,2022,last,False,5,W4312035739
5024631382,2021,last,False,4,W3207576805
5024634557,2020,last,False,4,W3043816006
5024644016,2020,middle,False,6,W3116480233
5024646639,2021,last,False,5,W3160157873
5024647487,2021,middle,False,14,W4226373198
5024664299,2019,last,False,7,W2970716846
5024664329,2019,middle,False,8,W2954226438
5024673660,2021,middle,False,4,W3212809695
5024679224,2022,last,False,5,W4313172969
5024681645,2021,last,False,8,W3129895333
5024686404,2021,middle,False,6,W3185487872
5024700821,2022,last,True,5,W4213243301
5024704138,2020,middle,False,7,W3106488531
5024707647,2022,last,False,2,W4303982380
5024709170,2022,last,False,5,W4294974800
5024721011,2022,last,False,5,W4312095967
5024721944,2020,middle,False,4,W3014960999
5024730098,2022,middle,False,5,W4225401239
5024733648,2022,middle,False,8,W4385572975
5024735754,2021,middle,False,6,W3175892112
5024736091,2022,middle,False,7,W4285158365
5024736417,2022,middle,False,4,W4319586819
5024741305,2022,last,False,4,W4229036562
5024744661,2022,middle,False,5,W4281673407
5024746221,2019,last,False,7,W2954444514
5024752776,2022,middle,True,6,W4306693632
5024757596,2022,last,False,7,W4313042636
5024767797,2021,last,False,4,W3188120558
5024772368,2021,first,False,5,W3174693043
5024773257,2022,last,False,5,W4285132953
5024791074,2021,last,False,3,W3163621007
5024795670,2021,middle,False,11,W3214785274
5024810938,2020,middle,False,4,W3104982372
5024825692,2020,middle,False,6,W3034337319
5024831674,2020,middle,False,4,W3109752844
5024834377,2022,middle,False,7,W4312430353
5024842056,2022,last,False,4,W4312604799
5024848448,2022,last,False,6,W4385573301
5024849044,2019,middle,False,6,W2970450228
5024857449,2020,middle,False,4,W3147816291
5024864770,2022,middle,False,6,W4287887928
5024869142,2020,last,False,4,W3000521887
5024873601,2020,last,False,4,W3104564752
5024879161,2019,middle,False,5,W2970062726
5024879682,2022,last,False,6,W4289827868
5024881923,2019,first,False,7,W2964642604
5024882547,2019,first,True,3,W2999099260
5024883783,2019,last,True,2,W2996388263
5024891882,2020,last,False,3,W3006485868
5024892041,2022,last,False,6,W4282576498
5024896990,2022,middle,False,5,W4311661986
5024902296,2020,middle,True,3,W3101228803
5024910644,2022,middle,False,4,W4385573680
5024913801,2022,middle,False,7,W4226120743
5024924150,2021,middle,False,6,W3176398418
5024936464,2022,middle,False,7,W4309476636
5024937008,2019,first,True,6,W2922580172
5024939512,2022,middle,True,11,W4294578455
5024939530,2022,middle,False,5,W4285269519
5024956640,2021,middle,False,7,W3150149671
5024965898,2019,last,False,5,W2988294541
5024981683,2022,middle,False,8,W4312162373
5024981898,2021,last,False,2,W3211138367
5024983536,2020,first,False,8,W3099793224
5025000908,2022,last,False,6,W4321512646
5025001772,2020,middle,False,4,W3014765019
5025019727,2022,middle,False,7,W4313042449
5025026239,2021,middle,False,16,W3147637074
5025028660,2019,last,False,5,W3008904141
5025034643,2022,last,False,3,W4291340619
5025044299,2019,first,False,2,W2995726956
5025062647,2021,middle,False,8,W3205927779
5025075066,2022,last,False,4,W4285813069
5025079639,2019,middle,False,4,W2985482647
5025080623,2021,last,False,7,W3217456031
5025084930,2020,middle,False,6,W3093657314
5025085845,2021,last,False,7,W3177353800
5025088118,2021,middle,False,5,W3204783485
5025099559,2021,middle,False,8,W3211801722
5025103425,2021,first,False,3,W4213330083
5025104684,2022,middle,False,21,W4389009538
5025111079,2021,middle,False,5,W3211771663
5025114648,2021,middle,False,8,W3138516171
5025115299,2022,middle,False,6,W4312339891
5025118710,2019,middle,False,5,W2971126690
5025119324,2022,middle,False,4,W4309391683
5025119831,2019,first,False,3,W2971016963
5025122230,2022,middle,False,5,W4220717634
5025128323,2019,middle,False,5,W2971167298
5025132856,2022,middle,True,10,W4229019698
5025147385,2020,last,False,12,W3113692644
5025148084,2022,middle,False,9,W4229455170
5025153128,2021,middle,False,5,W3212246833
5025156794,2019,first,True,1,W2982756572
5025157025,2020,middle,False,6,W3092142868
5025175160,2022,last,False,5,W4287888655
5025184050,2020,middle,True,4,W3102782538
5025187681,2019,middle,False,17,W2970731908
5025203334,2022,first,False,3,W4210816395
5025205227,2020,last,False,4,W3099204253
5025206583,2022,first,False,6,W4224919704
5025212353,2020,middle,False,7,W2997645422
5025212823,2022,middle,False,3,W4286359908
5025213473,2021,middle,False,5,W3176047499
5025219154,2022,first,False,6,W4312581984
5025221854,2022,last,False,6,W4308390527
5025229650,2021,first,False,6,W3183659444
5025230449,2022,first,False,6,W4213063565
5025234902,2020,middle,False,6,W3102455836
5025240237,2021,middle,False,4,W3170034074
5025240664,2022,middle,False,4,W4308685963
5025255782,2019,last,True,2,W2970862333
5025257282,2020,last,False,4,W3136275640
5025270956,2021,middle,False,16,W2759088880
5025274226,2022,middle,False,6,W4285296644
5025287610,2021,middle,False,3,W3163273505
5025290203,2021,middle,False,7,W3216820670
5025292786,2020,last,False,7,W3098266846
5025307528,2019,last,False,3,W2985777934
5025310174,2021,middle,False,4,W3177201695
5025314362,2021,middle,False,6,W3126192030
5025314679,2019,first,False,3,W2996151885
5025331455,2021,last,False,5,W4205443225
5025335641,2021,middle,False,6,W4200156962
5025337002,2022,last,False,5,W4226336705
5025342178,2022,middle,False,6,W4308083911
5025349009,2021,last,False,4,W3134057412
5025368107,2022,last,False,2,W4287854324
5025368177,2022,last,False,2,W4287887950
5025375391,2022,last,False,2,W4292003000
5025376488,2021,middle,False,5,W3156140152
5025385531,2021,last,False,3,W3171872983
5025398783,2019,last,False,6,W2984008963
5025406642,2022,middle,False,19,W4296068815
5025426825,2021,last,False,3,W3160341587
5025438126,2021,last,False,3,W4210572096
5025450606,2021,last,False,2,W3198300623
5025452586,2022,middle,False,6,W4385572712
5025475037,2022,last,False,4,W4313420701
5025488444,2021,last,True,10,W3148898323
5025496307,2022,middle,False,8,W4297142486
5025500234,2019,first,False,5,W2939380783
5025513252,2020,last,False,5,W3035193825
5025542785,2021,last,False,3,W4226237817
5025554387,2022,middle,False,9,W4385573803
5025554629,2019,middle,False,7,W2970152385
5025559955,2021,middle,False,25,W3213458975
5025565222,2020,last,False,5,W3116312348
5025573101,2022,last,False,5,W4309632567
5025574483,2021,last,False,6,W4214864271
5025594135,2021,middle,True,9,W3129056955
5025607157,2022,middle,False,4,W4312717156
5025611672,2021,middle,False,9,W3202528722
5025619401,2022,middle,False,6,W3149806960
5025626453,2022,last,False,3,W4296885300
5025631695,2020,last,False,7,W3105056409
5025633053,2019,last,True,3,W2972369255
5025636130,2022,last,False,3,W4205809857
5025640070,2022,middle,False,6,W4312300665
5025642074,2022,last,False,6,W4297497034
5025648321,2021,middle,False,7,W3159675196
5025648848,2022,middle,False,18,W4289523162
5025649527,2022,last,True,6,W4307844970
5025649906,2022,last,False,6,W4220652374
5025651569,2022,middle,False,8,W4293339592
5025657112,2020,first,False,13,W3105763789
5025660951,2021,middle,True,3,W3200079339
5025685051,2021,first,False,6,W3128120479
5025693806,2022,middle,False,7,W3215180973
5025694490,2020,last,False,3,W3160392517
5025701458,2021,last,False,2,W3185922622
5025703949,2020,first,True,6,W3100138344
5025707429,2022,middle,False,6,W4311423650
5025736898,2022,middle,False,8,W4225308800
5025777936,2020,first,False,2,W3116902116
5025795866,2022,middle,False,6,W4312550429
5025796706,2021,middle,False,6,W3175306105
5025809080,2021,last,False,3,W3200507345
5025824247,2022,middle,False,6,W4318603353
5025827839,2019,last,False,4,W2970871182
5025832925,2021,middle,False,7,W3174089676
5025842562,2022,middle,False,7,W4282925187
5025844977,2019,middle,False,4,W3005961436
5025856009,2019,middle,False,4,W2971051558
5025857432,2021,last,True,2,W3211440389
5025866583,2022,first,False,7,W4312544224
5025879389,2022,middle,False,4,W4285820252
5025916530,2020,middle,False,3,W3113923032
5025922937,2022,last,False,7,W4312911211
5025935520,2021,middle,False,6,W4210690962
5025938663,2020,last,False,4,W3090536330
5025940525,2020,last,True,15,W3035833355
5025948040,2022,last,False,7,W4309679223
5025976094,2021,middle,False,7,W3185041190
5026005294,2020,last,False,3,W2998738125
5026007789,2020,last,False,5,W3123375411
5026008785,2021,middle,False,5,W3217005823
5026008808,2021,first,True,2,W3112395368
5026015539,2020,middle,False,6,W3115880855
5026015679,2020,middle,False,3,W3115116643
5026022035,2020,middle,False,4,W3037503597
5026024648,2021,first,False,6,W3216582288
5026025555,2021,last,False,7,W3163032678
5026030305,2021,middle,False,7,W3212290569
5026039796,2020,last,False,7,W3110566755
5026050333,2019,first,False,4,W2973071945
5026062107,2021,middle,False,5,W3172932970
5026063666,2021,middle,False,6,W4200021102
5026089310,2020,middle,False,6,W3116636225
5026091724,2020,middle,True,5,W3104292258
5026092031,2022,middle,False,8,W4226144204
5026092302,2022,middle,False,6,W4301184505
5026106169,2022,last,False,6,W4307002205
5026113034,2020,last,False,5,W3104579227
5026126465,2021,last,False,3,W3153594481
5026147454,2022,last,False,3,W4381248552
5026149273,2022,last,False,3,W4385573519
5026151059,2021,last,True,6,W3128120479
5026151620,2022,first,False,4,W4309374292
5026157285,2019,last,False,7,W2952352518
5026159722,2021,middle,False,23,W3190761184
5026167547,2022,middle,False,7,W4312981036
5026167838,2022,middle,False,4,W4385872295
5026174702,2022,first,False,2,W4281719181
5026189399,2021,first,True,1,W4200176690
5026198819,2020,first,False,2,W3046158644
5026204977,2020,last,True,3,W3107569919
5026212820,2022,middle,False,4,W4292308186
5026220468,2021,last,False,4,W4226225515
5026239594,2022,middle,True,6,W3135485589
5026267605,2021,first,False,4,W3180663735
5026287089,2022,last,False,6,W4226394973
5026305513,2021,middle,False,5,W3184899963
5026310569,2022,last,False,5,W4285306609
5026327666,2020,middle,False,4,W3004825995
5026334888,2021,middle,True,4,W3215943979
5026376235,2019,last,False,2,W2970156576
5026379933,2019,last,False,3,W3019442090
5026383442,2021,last,False,2,W4200492472
5026383998,2022,last,True,2,W4297105730
5026411021,2021,middle,True,4,W3199468887
5026419519,2021,middle,False,4,W3111216701
5026429562,2022,middle,False,7,W4206594836
5026464027,2022,last,False,6,W3152268000
5026464816,2022,middle,False,4,W4320024060
5026474173,2022,middle,False,4,W4285265795
5026474942,2021,middle,False,3,W3217801277
5026486701,2022,middle,False,4,W4293581809
5026492466,2022,middle,False,4,W4294672427
5026496503,2021,middle,False,11,W3189205905
5026498734,2022,last,False,7,W4285298235
5026501335,2022,middle,False,7,W4226329156
5026516214,2022,first,False,5,W4311631201
5026518919,2022,middle,False,4,W4220923854
5026524349,2021,first,False,3,W3161590189
5026526428,2021,middle,False,5,W3162979765
5026528524,2022,middle,False,9,W4221033952
5026532752,2021,last,False,6,W3189953745
5026537267,2021,middle,False,8,W3203898052
5026548328,2022,middle,False,5,W4284959527
5026561247,2020,last,False,2,W3098960752
5026587704,2021,last,False,4,W3212275514
5026608819,2021,first,False,6,W4200082383
5026616191,2022,middle,False,3,W4287730617
5026616323,2022,middle,False,6,W4285286324
5026617079,2019,last,False,4,W2975296967
5026622212,2021,middle,False,6,W3193034122
5026628133,2021,middle,False,4,W4200575386
5026629742,2021,first,False,3,W3213597559
5026638047,2020,middle,False,12,W3100307207
5026642385,2020,last,False,2,W3101925939
5026643759,2022,middle,False,4,W4300861533
5026648049,2020,last,False,3,W2997292130
5026654079,2022,middle,True,4,W4285298706
5026660809,2022,first,False,3,W4287854485
5026661061,2021,middle,False,6,W3207458021
5026666926,2021,first,False,8,W3206651063
5026674783,2021,middle,False,5,W3151410070
5026675870,2022,middle,False,5,W4385573941
5026692089,2022,middle,False,8,W4311883742
5026693619,2022,last,False,4,W4289397461
5026693971,2021,last,False,3,W3214876250
5026694449,2019,middle,False,4,W2971845883
5026696284,2022,last,False,5,W4311410615
5026702753,2021,middle,True,5,W3196359847
5026710474,2019,middle,False,9,W3004082545
5026719663,2019,middle,False,5,W2971014768
5026725002,2021,last,False,5,W3199252595
5026728988,2022,middle,False,4,W4297094598
5026739162,2019,middle,False,7,W3010765510
5026770433,2022,middle,False,5,W4366308381
5026771763,2021,last,True,5,W3164453494
5026780176,2022,middle,False,3,W4285280093
5026783387,2020,middle,False,5,W3036422752
5026813633,2019,middle,False,4,W2970742161
5026823429,2022,middle,False,5,W4287889356
5026825380,2021,last,False,8,W3175855397
5026825612,2020,middle,False,13,W3016028808
5026840397,2021,middle,False,9,W3210951978
5026850757,2022,last,False,10,W4206105765
5026865205,2019,middle,False,13,W3011949846
5026880795,2020,middle,False,8,W3092903587
5026883675,2021,middle,False,6,W4213229048
5026887037,2020,last,False,3,W3113565049
5026890738,2022,last,False,5,W4308876860
5026896241,2022,first,False,5,W4285191490
5026898425,2022,middle,False,6,W4313531423
5026904268,2021,first,True,3,W3185446084
5026905080,2021,middle,False,5,W3192366713
5026907508,2019,middle,False,3,W2988022164
5026910217,2021,middle,False,8,W3210923133
5026913044,2021,first,True,1,W3210910634
5026923999,2020,last,False,8,W3112302456
5026927275,2022,first,False,3,W4226327328
5026933067,2021,middle,False,18,W3189296823
5026947055,2021,middle,False,5,W3198952405
5026950398,2020,middle,False,4,W3014075148
5026956396,2022,middle,False,7,W4226400527
5026962283,2020,last,False,5,W3102428543
5026963407,2022,middle,False,4,W3206324399
5026972189,2021,middle,False,7,W3152700969
5026990786,2019,last,False,5,W2985108934
5027001546,2020,last,False,3,W3104250403
5027009667,2020,last,False,4,W3096160408
5027010923,2021,middle,False,5,W3178077565
5027015251,2022,middle,False,5,W4285200511
5027015677,2021,last,False,4,W3214505465
5027016896,2022,middle,False,8,W4385573258
5027026724,2020,middle,False,5,W3104910720
5027028450,2021,last,False,2,W4200284922
5027036879,2020,last,True,10,W3012624518
5027041248,2020,last,False,3,W3118258541
5027051500,2022,middle,False,6,W4294878359
5027055000,2021,last,False,7,W3194740358
5027064196,2022,first,False,6,W4229020587
5027068731,2022,middle,False,5,W4212820322
5027072710,2022,first,False,3,W4292560052
5027084430,2022,last,False,7,W4297499142
5027095105,2021,middle,False,12,W3156754237
5027101473,2019,last,False,3,W3098566014
5027114416,2022,last,False,4,W4362650860
5027120172,2022,last,False,2,W4285108790
5027123850,2020,middle,False,13,W3016028808
5027124439,2019,last,False,2,W2973016322
5027130404,2022,middle,False,6,W4311167834
5027133048,2022,first,False,9,W4284681867
5027138711,2020,first,False,4,W3104597016
5027158588,2020,last,False,2,W3116064479
5027158729,2022,middle,False,8,W4286368122
5027174211,2019,last,False,5,W2986889260
5027206285,2021,last,False,5,W2981875947
5027217976,2019,middle,False,5,W3008736151
5027223167,2021,first,False,8,W4210448435
5027237940,2020,middle,False,5,W3036678145
5027242690,2021,middle,False,3,W4206275111
5027254419,2022,middle,False,5,W4293541940
5027259278,2022,middle,False,8,W4285306574
5027260017,2020,middle,False,4,W3176513918
5027260515,2021,last,False,2,W3152736451
5027264064,2022,first,False,4,W4285596740
5027267621,2019,first,False,2,W2951925285
5027273039,2020,last,False,2,W3115087542
5027292126,2022,last,False,8,W4287888487
5027296372,2020,middle,False,5,W3034693764
5027297183,2022,first,False,3,W4312681164
5027298172,2022,middle,False,7,W4385573211
5027307064,2022,middle,False,7,W4292649791
5027312442,2020,middle,False,5,W3041134523
5027313930,2021,middle,False,12,W3200887081
5027324128,2021,last,False,2,W3214366840
5027328044,2022,last,False,5,W4312989333
5027329007,2022,first,False,6,W4312361117
5027337246,2020,middle,False,7,W3101680040
5027341076,2020,first,False,15,W3087926002
5027344619,2022,first,False,10,W4225835448
5027363073,2021,first,False,4,W4214940728
5027370662,2022,last,False,3,W4320802106
5027377957,2021,last,False,5,W3138953784
5027381037,2022,middle,False,15,W4286480083
5027389805,2021,middle,False,7,W3211796634
5027410770,2022,middle,True,8,W4211219865
5027417114,2020,last,False,2,W3121122840
5027422071,2020,last,False,3,W3102144021
5027428789,2022,middle,False,6,W4385572834
5027442034,2022,first,False,4,W4283321394
5027447596,2021,middle,False,5,W3165244476
5027450194,2019,last,False,2,W2970641574
5027452875,2020,middle,False,3,W3096580779
5027482160,2022,middle,False,8,W4285306574
5027494724,2022,last,False,11,W4296069286
5027497366,2022,middle,False,8,W4308540792
5027498880,2021,first,False,3,W3183458966
5027503619,2022,middle,False,5,W4294974856
5027512813,2020,middle,False,3,W3102970018
5027520226,2021,middle,False,6,W3137581839
5027520256,2022,middle,True,5,W4311180795
5027540915,2022,middle,False,7,W4283800873
5027544576,2022,last,False,6,W4312253643
5027565657,2021,middle,False,11,W3153662254
5027569258,2019,middle,False,7,W2970152385
5027572002,2021,last,False,8,W3174365743
5027582055,2022,last,False,4,W4317382419
5027593663,2022,last,False,4,W4313562957
5027600524,2020,first,False,6,W2997464781
5027601597,2022,middle,False,10,W4366310523
5027616639,2022,first,False,6,W4221166168
5027620760,2022,middle,False,6,W4283011315
5027627793,2020,middle,False,3,W3126655516
5027634697,2022,middle,False,4,W4295015035
5027639981,2019,first,False,7,W2965497726
5027646333,2022,first,False,4,W4319587062
5027647989,2020,last,False,4,W3096690837
5027674774,2021,middle,False,6,W3211093388
5027681716,2022,first,False,3,W4385573784
5027686521,2021,last,False,3,W3208359950
5027694435,2021,middle,False,5,W4238104757
5027701438,2022,middle,False,8,W4297976341
5027702007,2022,last,False,9,W4306909285
5027755752,2019,middle,False,8,W2941649920
5027761977,2021,middle,False,3,W3164120900
5027763497,2021,middle,False,15,W3160766462
5027770821,2020,middle,False,5,W3135956001
5027772072,2021,middle,False,7,W3129336662
5027784371,2021,first,False,2,W3208191409
5027788069,2021,last,True,3,W3207821200
5027824010,2022,last,False,4,W4313420323
5027830067,2020,last,True,2,W3117728958
5027849780,2022,last,False,5,W4287511926
5027850521,2022,last,False,2,W4213436253
5027851405,2021,middle,False,8,W3173220247
5027859418,2022,middle,False,5,W4385573568
5027874987,2020,first,True,1,W3011873915
5027890106,2022,first,False,4,W4311769512
5027890236,2022,last,False,2,W4312615167
5027907258,2021,first,False,7,W3129336662
5027908099,2022,last,False,3,W4309922686
5027915931,2020,last,False,8,W3097797955
5027931515,2020,middle,False,4,W3035183289
5027938867,2020,last,False,8,W3015646649
5027945041,2020,middle,False,4,W3039423604
5027949836,2022,last,False,3,W4308627320
5027977314,2021,last,False,6,W3171827422
5027999872,2022,middle,False,6,W4287888115
5028011485,2022,middle,True,6,W4282924213
5028016065,2020,middle,False,4,W3035552787
5028028879,2021,last,False,4,W3210254398
5028031104,2021,middle,True,5,W4205635927
5028035720,2019,last,False,3,W2969298437
5028046901,2019,middle,False,6,W2982944182
5028055226,2020,middle,False,8,W3100710793
5028082686,2022,last,False,2,W4312953214
5028083798,2021,last,False,4,W3214679437
5028101938,2020,middle,False,6,W3103488586
5028114802,2022,last,False,6,W4285210452
5028115096,2020,last,False,4,W3039423604
5028120333,2022,middle,False,6,W3186518286
5028124265,2021,middle,False,4,W3185221362
5028127124,2022,middle,False,4,W4310398100
5028129446,2022,last,False,3,W4221022609
5028134056,2022,middle,False,8,W3175027510
5028134655,2021,middle,False,3,W4200044348
5028148644,2022,middle,False,6,W4313174897
5028159435,2020,first,True,3,W3083515246
5028160430,2022,last,False,3,W4385574391
5028161029,2021,last,False,6,W3161513287
5028163457,2022,last,False,2,W4312694282
5028174137,2022,last,False,5,W4309120790
5028176318,2021,first,True,6,W3161513287
5028178400,2022,last,False,4,W4328028632
5028180523,2022,middle,False,14,W4282936228
5028182466,2019,last,False,2,W2972777589
5028185085,2022,middle,False,23,W3169341408
5028185671,2022,last,False,4,W4283516025
5028188095,2020,middle,True,9,W3024368629
5028194980,2022,middle,False,4,W4385572737
5028196993,2021,middle,False,3,W4210845174
5028204979,2022,middle,True,4,W4306252592
5028212732,2022,middle,False,14,W4282936228
5028229824,2021,middle,False,6,W3190534097
5028233523,2021,first,False,3,W3164871893
5028258863,2020,middle,False,6,W2996923239
5028261970,2020,middle,False,4,W2997789497
5028262029,2021,first,False,4,W3185374994
5028272316,2022,middle,False,9,W4221033952
5028272399,2019,first,False,7,W2964067226
5028272442,2019,first,False,3,W3004288456
5028277225,2020,middle,False,6,W3112116031
5028279177,2022,middle,False,4,W4296340242
5028279799,2021,middle,False,7,W3212784736
5028289642,2021,first,False,4,W4206657811
5028289735,2022,middle,False,17,W4281696767
5028297277,2020,first,False,5,W3036678145
5028302461,2021,last,False,5,W3163714381
5028311006,2022,first,False,6,W4319978490
5028323106,2021,middle,False,6,W3212611071
5028332151,2022,middle,False,4,W4206543746
5028336223,2022,middle,False,6,W4226283960
5028338673,2022,last,False,2,W4299536805
5028376389,2022,last,False,7,W4226350219
5028377581,2022,middle,False,3,W4296641137
5028387093,2022,last,True,5,W4285606364
5028396045,2021,last,False,4,W3212697960
5028406899,2020,last,False,8,W3103264768
5028418236,2022,middle,False,9,W4306909285
5028421346,2019,middle,False,6,W3008363190
5028432086,2021,last,False,3,W3211500712
5028432601,2021,middle,False,3,W3134087023
5028437800,2022,first,False,4,W4361858163
5028454093,2021,last,False,6,W3199674352
5028467074,2020,middle,True,4,W3111445527
5028482151,2020,first,False,2,W3116413464
5028493601,2022,middle,False,17,W4285250921
5028500121,2021,first,False,2,W3176522074
5028504321,2022,first,True,2,W4283314456
5028518494,2020,middle,True,3,W3105038888
5028520338,2020,middle,False,3,W3108158635
5028526834,2020,middle,False,5,W3099780882
5028531406,2020,last,False,6,W3119106255
5028541034,2020,middle,False,4,W3109752844
5028542466,2022,last,False,5,W4313229660
5028546502,2022,middle,False,7,W4306292704
5028562219,2021,first,False,4,W3212044575
5028564314,2020,middle,False,9,W3100135685
5028569535,2021,middle,False,6,W3176937211
5028578280,2021,last,True,5,W3169406593
5028582317,2020,middle,False,14,W3101223450
5028592451,2022,first,False,4,W4285392187
5028602237,2019,first,False,5,W2963078909
5028607263,2022,first,False,3,W4224266081
5028614249,2022,last,False,2,W4312663931
5028623584,2020,first,True,1,W3036237515
5028641941,2019,last,False,3,W2970335496
5028658870,2022,middle,False,9,W4293732080
5028668367,2020,middle,False,10,W3103769805
5028678648,2022,middle,False,8,W4294295833
5028686941,2021,last,False,2,W4206096095
5028689934,2022,first,False,5,W4281671178
5028709353,2021,middle,False,4,W3122349645
5028712568,2022,middle,False,19,W4297977478
5028716858,2022,middle,False,10,W4285141508
5028724616,2021,last,False,2,W3186952742
5028758097,2022,last,False,4,W4287888090
5028772801,2020,last,False,3,W3114055400
5028776484,2021,last,False,4,W3201755784
5028789964,2022,middle,False,9,W4297648407
5028794004,2022,first,False,2,W4312634378
5028801665,2021,middle,False,14,W4226373198
5028803159,2022,last,True,2,W4210293141
5028823648,2021,first,False,6,W4205961906
5028836340,2019,last,False,4,W2945465473
5028836596,2022,middle,False,3,W4213256221
5028846094,2022,middle,False,3,W4205809857
5028849516,2022,last,False,3,W4225891318
5028862918,2020,middle,False,4,W3092173171
5028904438,2022,middle,False,6,W4313489927
5028905152,2022,middle,False,6,W4285310604
5028909680,2021,middle,False,9,W3173891391
5028922084,2020,last,False,2,W3161976563
5028941501,2022,middle,False,5,W4285240123
5028945060,2021,last,False,3,W3151623506
5028979534,2021,last,False,3,W3216974065
5028984453,2021,middle,False,4,W3174340530
5028990206,2021,middle,False,18,W4226194443
5028997621,2022,middle,False,10,W4225835448
5029008213,2020,last,False,3,W3081940431
5029023520,2019,middle,False,8,W2941649920
5029024939,2020,middle,False,17,W3016395792
5029049384,2020,middle,False,5,W3042025436
5029051499,2022,first,False,4,W4322577409
5029052900,2020,middle,False,8,W3103264768
5029055424,2021,first,False,2,W3172341633
5029065205,2020,middle,False,5,W3099995718
5029074038,2019,first,False,5,W2970745243
5029074659,2019,last,False,2,W2970252517
5029085468,2022,middle,False,10,W4285162243
5029102289,2021,last,False,5,W3204484221
5029104204,2022,middle,False,5,W4312788799
5029105259,2021,middle,False,15,W3199246256
5029105431,2022,middle,False,5,W3128494784
5029118616,2022,middle,False,7,W4285732989
5029123550,2021,last,False,7,W3212225970
5029126771,2019,last,True,6,W2971016465
5029144357,2022,first,False,5,W4287887187
5029149702,2022,middle,False,4,W4213281889
5029172959,2021,middle,True,5,W3205248144
5029174306,2021,first,False,7,W4214701208
5029174615,2020,middle,False,7,W3104688854
5029213430,2022,last,True,9,W4311243316
5029214477,2019,last,False,2,W2950502294
5029221184,2022,last,False,2,W3203017269
5029236521,2020,middle,False,6,W3045780055
5029237672,2022,middle,False,4,W4328028672
5029261190,2022,middle,False,6,W4317418688
5029262106,2020,last,False,2,W3037151709
5029271356,2021,last,False,5,W3208825103
5029290293,2020,last,False,4,W3037251733
5029292003,2022,middle,False,6,W4226280642
5029294803,2021,middle,False,5,W3175904109
5029301765,2021,middle,False,15,W3199246256
5029303814,2021,first,False,5,W3203917633
5029315164,2021,last,False,4,W4200235810
5029317616,2022,last,False,4,W4213243564
5029321729,2022,last,False,3,W4313452782
5029325015,2022,last,False,6,W4317418517
5029327446,2021,last,False,3,W3176248591
5029330626,2020,middle,False,5,W3117403182
5029335824,2021,middle,False,6,W4205105495
5029336233,2022,middle,False,7,W4293519292
5029338576,2022,middle,False,3,W4224919446
5029342491,2021,middle,False,18,W3158665049
5029353019,2022,first,False,3,W4319781791
5029362482,2019,last,False,3,W2982784916
5029363494,2019,first,False,3,W2996798594
5029370035,2019,last,False,3,W2950142196
5029371371,2021,last,False,4,W3166855724
5029371772,2022,first,False,5,W4295422284
5029375723,2019,last,False,9,W3004082545
5029378374,2022,middle,False,7,W4290998851
5029380392,2021,middle,False,3,W4205352162
5029380651,2022,last,False,8,W3174174431
5029392006,2020,last,False,5,W3034617555
5029413988,2021,middle,False,6,W3153532599
5029414285,2021,last,False,2,W3126947648
5029453614,2020,middle,False,6,W3114378680
5029456122,2020,middle,False,4,W3036914761
5029459720,2020,last,False,10,W3025316383
5029473790,2022,middle,False,6,W4288048330
5029475166,2020,last,False,5,W3087721228
5029489293,2022,first,False,4,W4308704843
5029491972,2020,last,False,3,W3102783139
5029494964,2022,last,False,2,W4318148210
5029498647,2022,middle,False,5,W4294567976
5029504586,2022,middle,False,5,W4385573907
5029510051,2022,first,False,5,W4292941885
5029512731,2021,middle,False,6,W4200292123
5029527330,2022,middle,False,5,W3203269426
5029531416,2020,last,True,3,W3117430637
5029540128,2020,middle,False,11,W3040155247
5029540440,2022,last,False,8,W4213145798
5029540488,2020,last,False,3,W3103621467
5029542014,2021,last,False,4,W3214305814
5029542971,2022,middle,False,9,W4308555726
5029555436,2022,middle,False,6,W4220803716
5029557305,2022,last,False,6,W4225004043
5029568096,2019,last,False,2,W2965491249
5029573067,2022,middle,False,8,W3098169801
5029588473,2022,middle,True,6,W4223651117
5029600817,2021,middle,False,12,W3208990279
5029612579,2022,last,False,3,W4323060022
5029614711,2022,middle,False,5,W4285246187
5029617420,2022,middle,False,13,W4285105893
5029627230,2021,last,False,6,W3133895083
5029629432,2022,middle,False,3,W4313484747
5029630688,2021,last,False,3,W3216514415
5029633264,2022,middle,False,5,W4295903508
5029648803,2021,middle,False,5,W3201085013
5029651089,2020,last,False,4,W2996876695
5029654514,2022,last,False,4,W4210348660
5029662229,2021,last,False,2,W3171766884
5029663653,2019,middle,False,8,W2954226438
5029671160,2020,first,False,3,W3115122447
5029671916,2021,last,False,3,W3174313138
5029674624,2022,middle,False,6,W4212868710
5029676112,2022,first,False,5,W4308643054
5029682262,2022,last,True,2,W4225266789
5029691902,2019,middle,False,6,W3004943689
5029708595,2019,last,False,4,W2970819439
5029714740,2022,middle,False,4,W4220974940
5029718403,2020,last,False,2,W3131609470
5029736446,2020,last,False,3,W3021523115
5029749535,2021,last,False,5,W3205095335
5029762051,2020,middle,False,6,W3097986428
5029764136,2021,middle,False,6,W3212758081
5029772260,2021,middle,False,6,W3215918380
5029779582,2022,last,False,7,W4309902436
5029791948,2020,middle,False,5,W3118016331
5029799530,2022,last,False,4,W4385573494
5029807151,2022,last,False,9,W4317382084
5029821479,2020,middle,False,6,W3018413731
5029824262,2021,middle,False,3,W4206312636
5029837480,2021,middle,False,5,W3131324121
5029845097,2021,middle,False,7,W3198126430
5029845410,2021,last,False,2,W3200722880
5029852186,2022,middle,False,6,W4385574366
5029855304,2021,middle,False,5,W3175234986
5029864503,2021,middle,False,9,W3211983116
5029864546,2021,middle,False,6,W3171827422
5029874932,2022,middle,False,8,W4297841770
5029882049,2020,middle,False,9,W3104964565
5029900047,2021,last,False,2,W3187166746
5029904389,2022,first,False,3,W4385573348
5029909849,2020,first,False,4,W3136275640
5029912524,2021,middle,False,10,W3177017072
5029954233,2021,middle,False,7,W3189781198
5029968632,2022,middle,False,7,W4385573179
5029977781,2021,last,False,5,W4205848038
5029985197,2022,middle,False,10,W4385573923
5029998682,2020,last,False,5,W3086447340
5030009288,2020,middle,False,11,W3101149558
5030012373,2020,first,False,3,W3115830533
5030015771,2021,last,True,6,W3213998394
5030016694,2022,last,True,6,W4291008710
5030030910,2019,middle,False,11,W2986193249
5030033498,2022,last,False,3,W4385573197
5030072277,2020,middle,False,7,W3110566755
5030073853,2022,last,False,5,W4213089501
5030075327,2021,last,False,3,W3159266139
5030078277,2021,last,False,4,W4229966936
5030087918,2019,last,False,3,W2949938546
5030096887,2022,last,False,6,W4223926712
5030103228,2020,middle,False,5,W2997999674
5030104017,2021,middle,False,8,W3175157140
5030155299,2022,last,False,4,W4212926655
5030156276,2021,middle,False,7,W4230419477
5030168319,2022,middle,False,7,W4287887311
5030178923,2022,last,False,4,W4213084070
5030179962,2021,middle,False,6,W4205391960
5030222911,2022,middle,False,6,W4280639964
5030225388,2021,last,False,4,W3215083509
5030252794,2019,middle,True,4,W2990561973
5030265983,2022,last,True,6,W4283266728
5030268064,2022,middle,False,9,W4281772885
5030272842,2021,last,False,4,W3212418102
5030275496,2022,middle,False,7,W4281560964
5030276423,2021,last,False,6,W3175444045
5030279774,2020,last,True,4,W3087374654
5030284017,2021,middle,False,10,W3087028093
5030288223,2020,middle,False,4,W3104318719
5030330619,2019,middle,False,9,W2986178925
5030333246,2020,middle,False,4,W3110227687
5030347468,2022,middle,False,7,W4223956331
5030349470,2022,middle,True,4,W4224294297
5030350916,2021,middle,False,4,W3196854172
5030367905,2020,middle,False,5,W3103854939
5030368007,2022,first,False,3,W4287888449
5030378871,2021,last,False,3,W3172330878
5030399979,2022,middle,False,7,W4224989643
5030414237,2019,last,False,3,W2973212832
5030414508,2021,last,False,5,W3199294715
5030424204,2019,last,False,6,W2991788499
5030434762,2022,first,False,2,W4385574404
5030445216,2022,last,False,3,W4285102204
5030450621,2022,last,False,5,W4281671178
5030465724,2021,middle,False,15,W3199246256
5030468199,2019,middle,False,8,W2987914945
5030469532,2020,middle,False,7,W3101786835
5030480524,2021,middle,False,16,W3183988814
5030494548,2022,first,True,4,W4385574344
5030496360,2021,last,False,2,W3217702955
5030503109,2021,middle,False,4,W3212160013
5030524599,2021,middle,False,7,W3211995690
5030528300,2020,middle,False,5,W3095601272
5030546839,2020,middle,False,5,W3035052826
5030552866,2022,last,False,5,W4224209589
5030555875,2022,first,True,1,W4287850139
5030565378,2022,last,False,3,W4312470006
5030565552,2022,middle,True,4,W4213084070
5030573512,2022,first,False,3,W4285254489
5030575242,2021,last,False,2,W3202867058
5030578127,2022,last,False,6,W4224245429
5030583821,2022,middle,False,12,W4297035359
5030594584,2022,middle,False,8,W4385572888
5030600444,2020,middle,False,3,W3126994174
5030615769,2022,last,False,3,W4307318375
5030640229,2020,first,False,3,W3101427524
5030647016,2022,last,True,3,W4223987465
5030649140,2022,middle,False,7,W4210738256
5030697996,2021,middle,False,5,W3211724668
5030719052,2022,middle,False,15,W4224903494
5030726280,2021,first,False,3,W4206151756
5030733421,2021,last,False,5,W3203781993
5030747944,2022,last,True,6,W4311423650
5030752617,2019,middle,False,8,W2954696369
5030761097,2020,last,False,6,W2998579922
5030763508,2019,last,False,4,W2979860911
5030771512,2020,last,False,2,W3096122783
5030785658,2022,middle,False,4,W4328028966
5030803449,2021,last,False,4,W3122857831
5030806839,2022,last,False,3,W4293051190
5030816616,2021,middle,False,4,W3148504935
5030839425,2020,middle,False,4,W3090245986
5030843117,2022,last,False,5,W4312913651
5030844655,2020,last,False,3,W3128980567
5030845033,2020,middle,False,5,W3104081646
5030845235,2022,middle,False,15,W4313128715
5030866856,2020,last,False,2,W3116587780
5030874155,2020,last,False,4,W2998386992
5030875468,2019,first,False,5,W3008904141
5030894279,2021,middle,False,6,W3216550917
5030897972,2022,last,False,7,W4313229347
5030903462,2021,middle,False,4,W3198016157
5030925387,2021,last,False,2,W3214160395
5030932223,2020,middle,False,5,W3135365334
5030935953,2020,middle,False,6,W3138542893
5030948871,2021,last,False,5,W3183579868
5030952581,2021,middle,False,6,W3200597478
5030953137,2022,last,True,3,W4293704134
5030955986,2020,last,False,2,W3119370638
5030968176,2022,last,True,4,W4308600709
5030984396,2022,last,False,4,W4297798726
5030986860,2022,last,False,4,W4229079862
5031021122,2021,first,False,2,W4214886810
5031027762,2021,middle,False,10,W3205390287
5031030600,2021,first,False,5,W3152911627
5031033934,2022,first,False,5,W4285174722
5031035935,2019,middle,False,5,W2970429618
5031052064,2019,first,True,3,W2986562961
5031053524,2021,last,False,5,W3210155125
5031056805,2022,middle,False,3,W4385573197
5031068301,2022,middle,False,11,W4221021785
5031070386,2021,last,False,3,W4205596827
5031086670,2020,middle,False,4,W3115751294
5031107943,2021,last,False,4,W3185921853
5031112044,2022,middle,False,5,W4292305358
5031113046,2021,last,False,9,W3156273683
5031117797,2021,middle,False,7,W3216820670
5031124833,2021,first,True,5,W3154741768
5031131748,2021,last,False,2,W3121259022
5031139197,2019,middle,False,5,W2964278185
5031169949,2021,middle,False,8,W3182680257
5031170568,2019,first,False,6,W2971415639
5031174226,2022,last,False,3,W4293868309
5031176052,2019,first,False,7,W2982562362
5031183535,2022,middle,False,8,W4385567273
5031190010,2020,middle,False,9,W3137678309
5031191142,2021,last,False,3,W3212490746
5031195893,2020,last,False,3,W3011709470
5031202036,2022,middle,False,10,W4206105765
5031207003,2022,last,False,2,W4313212241
5031220156,2020,middle,False,6,W3101673779
5031225215,2021,middle,False,4,W3136958399
5031260889,2022,last,False,5,W4298144071
5031263456,2020,last,False,2,W3037029545
5031281535,2022,last,True,4,W4220923854
5031282318,2022,last,False,2,W4319780297
5031282560,2021,middle,False,25,W3092136498
5031282837,2022,first,False,8,W4307561376
5031295967,2021,middle,False,16,W3147637074
5031313498,2021,middle,False,8,W3205927779
5031318875,2020,middle,False,9,W3044249632
5031321907,2021,middle,False,3,W4214701599
5031348514,2022,last,True,5,W4223986248
5031368885,2021,middle,False,5,W3145247846
5031373312,2022,middle,False,5,W4288739153
5031377954,2022,last,False,4,W4298140583
5031383405,2021,last,True,3,W3125328737
5031401755,2022,middle,False,18,W4287889097
5031403634,2022,middle,False,4,W4308600709
5031434417,2019,last,False,3,W2974316425
5031439988,2021,last,False,4,W3168125510
5031450889,2022,middle,False,12,W4294975305
5031455263,2019,last,False,2,W2989576008
5031456992,2020,last,False,2,W3114035546
5031457865,2022,last,False,3,W4376608594
5031459065,2022,last,False,4,W4307023524
5031465396,2022,middle,False,5,W4210787071
5031470842,2019,middle,False,5,W3007253646
5031471658,2021,middle,False,7,W3180940307
5031475851,2021,last,False,4,W3199712787
5031477814,2021,middle,False,3,W4200486127
5031485279,2022,middle,False,6,W4283167332
5031500475,2022,last,False,6,W4381322416
5031503129,2022,middle,False,7,W4281479341
5031517308,2019,last,False,7,W3001060565
5031520395,2022,middle,False,5,W4287855073
5031539135,2022,last,False,5,W4220717634
5031549572,2021,middle,False,19,W3188562849
5031552594,2021,middle,False,6,W3122275974
5031554273,2021,middle,False,16,W3213187978
5031562992,2022,middle,False,4,W4385573429
5031565874,2022,last,True,7,W4309476636
5031571626,2020,middle,False,5,W3113679501
5031572202,2022,middle,True,3,W4229449652
5031584313,2022,last,True,3,W4223644783
5031588692,2022,last,False,2,W4311080873
5031589452,2022,middle,False,6,W4213224833
5031592831,2022,first,False,4,W4312359447
5031600582,2021,middle,False,4,W3119017286
5031603082,2022,middle,False,23,W3169341408
5031612152,2022,middle,False,5,W4282569353
5031623078,2021,first,False,2,W4297804003
5031637391,2022,last,False,7,W4225249629
5031651864,2020,first,False,4,W3034284249
5031653904,2021,last,False,4,W3201417714
5031653957,2020,middle,False,7,W3117811146
5031663338,2022,middle,False,16,W4283757303
5031666598,2022,middle,False,9,W4285164445
5031669039,2022,last,False,5,W4211048844
5031670966,2020,middle,False,3,W3120992834
5031678955,2022,last,False,2,W4220745698
5031681098,2022,first,False,4,W4205172550
5031703549,2018,middle,False,5,W3015935667
5031712876,2021,last,False,2,W4205596491
5031719069,2022,middle,False,6,W4285275452
5031729638,2022,middle,False,6,W4283074519
5031732702,2021,middle,False,5,W3181935702
5031737309,2022,middle,False,8,W4312671789
5031744461,2020,middle,False,5,W3099859218
5031749307,2020,middle,False,18,W3031301501
5031753259,2020,middle,False,7,W3030394039
5031754349,2022,middle,False,5,W4281692588
5031755964,2022,middle,True,6,W4229065535
5031768744,2022,middle,False,11,W4296695943
5031772222,2021,middle,False,6,W3209430997
5031773367,2019,last,False,3,W2985951359
5031792794,2022,middle,False,5,W4285286749
5031794241,2022,middle,False,7,W4293519292
5031805159,2022,first,False,4,W4226187619
5031828357,2021,last,False,4,W4210776506
5031830209,2022,last,False,2,W4297035741
5031833654,2020,last,False,2,W3164810016
5031842812,2022,middle,False,25,W4225307083
5031843438,2022,first,False,6,W4318812276
5031861539,2020,middle,False,5,W3093259129
5031865026,2022,middle,True,24,W4220888452
5031875407,2020,middle,False,6,W3109110006
5031875872,2022,last,True,12,W4311426701
5031891009,2022,middle,False,5,W4313527215
5031896207,2022,middle,False,8,W4225262970
5031911989,2021,first,False,4,W3201270297
5031913902,2020,first,False,4,W3100778284
5031934171,2021,middle,False,4,W4248818793
5031936276,2022,last,True,14,W4225134871
5031936679,2021,middle,False,3,W3197751177
5031940626,2020,last,False,4,W3105977045
5031941569,2021,last,False,3,W3208785409
5031968626,2022,middle,False,3,W4298128075
5031969977,2022,last,True,3,W4293087034
5031984813,2022,middle,False,3,W4298137819
5031986452,2020,middle,False,11,W3040155247
5031992459,2021,middle,False,12,W3202043691
5031992776,2022,first,False,4,W4285139834
5032021135,2021,middle,False,4,W3181868159
5032021877,2022,last,False,2,W4310856925
5032023872,2022,last,False,3,W4360764554
5032038161,2022,middle,False,5,W4385573331
5032039796,2021,middle,False,10,W3156012351
5032045545,2021,middle,False,4,W3199712787
5032046813,2019,middle,False,4,W2962833140
5032048842,2022,first,False,2,W4214874905
5032059481,2022,middle,False,7,W4312624272
5032061647,2022,middle,False,9,W4385567372
5032073184,2021,middle,False,7,W3157689701
5032074795,2022,middle,False,5,W4385326487
5032082399,2022,middle,False,4,W4285298878
5032091275,2020,middle,False,5,W3009251324
5032098600,2021,middle,False,7,W4200380400
5032098636,2022,middle,False,4,W4226520154
5032104368,2022,last,False,3,W4287854777
5032115994,2021,middle,False,3,W4200061051
5032121234,2020,last,False,2,W3112731841
5032130532,2021,middle,False,7,W4206676020
5032141720,2020,middle,False,4,W3113844205
5032164035,2021,middle,False,7,W3142407948
5032177702,2022,middle,False,6,W4318147471
5032183209,2022,middle,False,9,W4385324086
5032187551,2019,last,False,4,W3010909539
5032187620,2021,middle,False,6,W4225940582
5032222900,2021,middle,False,12,W3177500196
5032240201,2022,middle,True,10,W4229019698
5032240816,2022,first,False,2,W4225726538
5032241568,2022,first,False,4,W4361732112
5032247032,2022,last,False,2,W4309765541
5032249659,2022,middle,False,7,W4280596790
5032257745,2021,middle,False,4,W3185921853
5032263010,2022,middle,False,4,W4289533781
5032265881,2022,last,False,3,W4312552362
5032275274,2022,middle,False,6,W4385573200
5032277491,2020,middle,False,17,W3016395792
5032284977,2021,last,False,2,W3146895792
5032285062,2021,middle,False,7,W3158816579
5032302239,2020,last,False,5,W3109495579
5032308508,2021,middle,False,5,W3183148055
5032310572,2021,first,False,3,W4200028789
5032321712,2020,middle,False,6,W3127923369
5032325271,2019,last,False,2,W3008083409
5032327375,2020,middle,False,5,W3034797636
5032339591,2021,last,False,2,W4211053952
5032355103,2021,last,False,4,W4206481963
5032359636,2021,last,True,2,W3216107495
5032362514,2022,middle,False,4,W4312656556
5032366467,2022,middle,False,8,W4307561376
5032375235,2022,last,False,3,W4293863503
5032383728,2020,middle,True,5,W3088752609
5032384435,2022,first,False,3,W4221143775
5032399729,2020,middle,False,8,W3034467872
5032405950,2022,last,False,5,W4223451840
5032424832,2022,middle,False,6,W4385573576
5032439665,2022,first,False,6,W4290973274
5032454100,2021,last,False,3,W3194005300
5032475867,2019,last,False,3,W2970843291
5032485940,2021,last,False,4,W3201326582
5032497085,2021,middle,False,24,W3196831814
5032502490,2022,last,False,2,W4280568535
5032502573,2021,middle,False,8,W3170037207
5032533520,2020,middle,False,4,W3036914761
5032538899,2022,last,False,4,W4385573653
5032544239,2021,first,True,2,W3176995500
5032548024,2021,middle,False,12,W3167150438
5032549993,2019,middle,False,8,W2950757501
5032571629,2020,middle,False,4,W3037933615
5032583833,2020,middle,False,4,W3099559773
5032589077,2021,middle,False,5,W3172427031
5032594386,2020,last,False,2,W3123925945
5032597148,2019,middle,False,4,W2971236147
5032615847,2021,last,False,6,W3040646053
5032618817,2021,middle,False,4,W3209163491
5032628695,2020,last,True,4,W3083846691
5032638290,2022,last,True,3,W4310024325
5032640894,2022,middle,False,25,W4225307083
5032643811,2022,first,False,3,W4293066609
5032651215,2022,last,False,6,W4285049330
5032660436,2021,last,False,2,W4210699831
5032675715,2019,middle,False,7,W2970716846
5032679061,2022,last,False,5,W4293691200
5032686524,2021,first,True,1,W3196524374
5032689067,2020,middle,True,5,W2997244573
5032689906,2022,last,False,2,W4312583721
5032703603,2021,middle,False,8,W3213614916
5032705325,2022,middle,False,7,W4292649791
5032715085,2021,middle,False,6,W3194625338
5032717078,2021,middle,False,3,W4205757056
5032724151,2022,last,True,5,W4229451461
5032725664,2022,last,False,2,W4293053972
5032725860,2021,middle,False,3,W3208359950
5032740979,2020,middle,False,7,W3103649165
5032750097,2019,middle,False,6,W2970785793
5032752500,2021,last,False,2,W3161611084
5032760128,2022,last,False,12,W4296068592
5032767467,2019,middle,False,5,W3004302692
5032770298,2022,middle,False,4,W4311146652
5032774457,2019,middle,False,7,W2952352518
5032798707,2022,middle,False,7,W3212799896
5032819582,2021,last,False,5,W3176319847
5032834388,2020,last,True,7,W3092050177
5032835260,2021,middle,False,5,W3213261303
5032851590,2020,middle,False,18,W3109864162
5032858073,2020,last,False,6,W3116636225
5032863573,2021,middle,False,3,W3119467012
5032875389,2022,last,False,7,W4312926441
5032875587,2021,last,False,6,W4205633160
5032877157,2021,last,True,3,W3177153025
5032883585,2022,middle,False,4,W4285411567
5032902130,2022,last,False,5,W4312936819
5032912484,2022,middle,False,6,W4221155853
5032913967,2020,middle,False,6,W3101673779
5032919424,2022,first,True,3,W4280629395
5032948369,2021,last,True,3,W3211702131
5032948428,2022,first,False,3,W4385572942
5032958345,2019,last,False,4,W2993796412
5032985635,2021,last,False,7,W3216820670
5032988611,2020,last,False,4,W3093198074
5032990215,2022,middle,False,7,W4301184378
5032995957,2021,first,False,18,W4226194443
5033005585,2020,middle,False,5,W3011404287
5033006575,2019,middle,False,5,W2951211142
5033006662,2020,middle,False,5,W3100393531
5033014552,2021,middle,False,6,W3207010797
5033024512,2022,middle,False,3,W4220872603
5033024566,2021,last,False,2,W4210416330
5033033910,2020,last,False,4,W3094374364
5033045475,2022,last,False,7,W4312546551
5033061895,2021,first,False,4,W3199155229
5033070469,2022,middle,False,3,W4310110443
5033076583,2021,middle,False,4,W3215579887
5033106028,2022,middle,False,7,W4313229347
5033106421,2021,middle,False,5,W3156558703
5033111691,2021,middle,False,6,W3216799472
5033114444,2022,first,False,2,W4213241976
5033114960,2022,middle,False,6,W4292560147
5033119978,2022,middle,False,7,W4225296662
5033120247,2021,last,False,4,W3160050461
5033128202,2022,middle,False,23,W4385572953
5033137339,2020,last,False,4,W3113790969
5033137793,2021,middle,False,7,W3159675196
5033154792,2020,first,False,2,W3083694354
5033157309,2021,last,False,2,W3168799964
5033162130,2022,first,False,2,W4327521116
5033169453,2022,last,True,5,W4311849783
5033174228,2019,middle,False,7,W2970794693
5033175043,2021,middle,False,25,W3204256746
5033179889,2021,middle,False,3,W4206187085
5033186300,2020,middle,False,17,W3102660905
5033201088,2020,middle,False,9,W3044249632
5033203506,2022,last,False,5,W4301146083
5033209021,2022,last,False,3,W4313398454
5033216620,2020,middle,False,3,W3106171756
5033219457,2022,middle,False,4,W3216606786
5033220018,2022,first,False,2,W4296734205
5033225381,2021,middle,False,10,W3087028093
5033237869,2020,middle,False,11,W3035718760
5033239420,2021,first,True,9,W3167856512
5033243530,2021,middle,False,10,W3198468282
5033243558,2022,middle,False,24,W4286488966
5033249566,2021,first,True,1,W3198769796
5033250477,2021,last,False,5,W3209608810
5033254559,2022,last,False,7,W4312523625
5033257344,2019,middle,False,5,W2939380783
5033269202,2021,middle,False,5,W3201495823
5033282902,2021,first,True,2,W3204712960
5033299848,2022,first,True,2,W4307888124
5033302750,2021,middle,False,13,W3160231559
5033318800,2019,last,False,2,W2989276524
5033324841,2020,middle,False,4,W3116807559
5033338045,2021,last,False,5,W3136098199
5033376109,2018,middle,False,4,W2884001105
5033386919,2020,middle,False,5,W3159992200
5033390365,2022,middle,False,3,W4225492824
5033428202,2022,middle,False,6,W4287889730
5033437280,2019,middle,False,5,W2985145135
5033440124,2022,middle,False,3,W4313189066
5033444412,2021,middle,False,8,W3142837074
5033447808,2021,middle,False,6,W3158697642
5033458445,2022,middle,False,5,W4307550446
5033473979,2021,middle,False,10,W3153727209
5033479714,2020,middle,False,4,W3048910680
5033486362,2021,middle,False,5,W3173944183
5033486668,2020,last,False,4,W3029428654
5033489756,2021,last,False,3,W3124887724
5033491986,2020,last,False,7,W3101680040
5033510515,2020,middle,False,5,W3118205297
5033518314,2022,middle,True,3,W4224287727
5033520032,2021,middle,False,6,W4200021102
5033526663,2020,first,True,3,W3058800094
5033526822,2021,last,False,4,W3084992427
5033558076,2022,first,True,13,W4311679974
5033562494,2020,last,False,3,W3116466566
5033579333,2022,middle,False,6,W4312468670
5033580486,2020,last,False,6,W3097517997
5033588812,2021,middle,False,5,W3138545570
5033592980,2020,middle,False,4,W3117527017
5033602643,2020,first,False,4,W3114735516
5033606658,2022,middle,False,3,W4289950749
5033608525,2022,first,False,4,W4304208160
5033625726,2021,middle,False,5,W3203518786
5033671063,2021,middle,False,4,W3160050461
5033676752,2022,middle,False,4,W4285303086
5033683284,2022,first,False,7,W4285114721
5033684089,2022,first,False,3,W4206321637
5033685295,2021,last,False,4,W3213827028
5033696194,2019,middle,False,4,W2963473243
5033705258,2021,middle,False,5,W3214376504
5033706423,2021,middle,False,6,W3173647480
5033710433,2021,first,False,3,W4206032683
5033711815,2020,middle,False,11,W3011906630
5033722814,2020,middle,False,5,W3089666805
5033737940,2021,middle,False,6,W4206377169
5033744547,2020,middle,False,3,W2998552463
5033756912,2020,first,True,1,W3011801489
5033785339,2021,last,False,2,W3176961136
5033786777,2022,middle,False,4,W4225003277
5033790986,2022,last,False,2,W4315836499
5033799651,2021,middle,False,4,W4206769918
5033808402,2020,last,False,5,W3110623878
5033817786,2020,last,False,3,W3117068629
5033824891,2022,last,False,3,W4313171325
5033846851,2020,middle,False,9,W3112315235
5033848427,2021,middle,False,6,W3214233465
5033850423,2019,first,False,5,W2970487286
5033861436,2022,middle,False,3,W4308079988
5033862304,2021,last,True,5,W3173953730
5033862822,2022,middle,False,13,W3217767527
5033869703,2022,last,False,3,W4294659040
5033878656,2021,last,False,3,W4206376330
5033880574,2019,last,False,2,W2970952344
5033881728,2019,middle,False,3,W2962948637
5033885404,2022,middle,False,5,W3170545223
5033887787,2021,middle,False,6,W3206033887
5033890428,2021,middle,False,6,W3196401837
5033894687,2019,first,False,4,W2954643340
5033896100,2022,middle,False,6,W4310614814
5033900220,2021,last,False,3,W3194795370
5033904513,2022,middle,False,7,W4281964506
5033906394,2021,last,False,4,W3166861417
5033918770,2021,first,False,8,W3176641036
5033933860,2022,middle,False,3,W4285741348
5033934413,2021,middle,False,5,W3178755335
5033934770,2019,middle,False,5,W2983766176
5033945505,2019,middle,False,4,W2983226400
5033954140,2022,middle,False,6,W4313306305
5033965639,2022,middle,False,5,W4310910011
5033975637,2020,first,False,3,W2994972936
5033980937,2020,middle,False,7,W3022278830
5033993440,2022,first,True,2,W4287890971
5034022345,2019,last,False,2,W2984208213
5034026499,2022,middle,False,8,W4283790955
5034036611,2020,middle,False,8,W3114452842
5034039375,2022,last,True,3,W4298003938
5034040358,2022,last,False,4,W4292651814
5034059867,2021,middle,False,4,W3213868621
5034075663,2020,middle,False,10,W3012624518
5034084717,2020,middle,False,12,W3004198379
5034089074,2021,last,False,4,W4285335127
5034094232,2021,last,False,3,W3135245391
5034104790,2021,middle,False,7,W4200337351
5034117498,2022,middle,False,12,W4296179733
5034125179,2022,middle,False,7,W4312748717
5034128393,2022,first,False,4,W4287891193
5034132019,2022,middle,False,9,W4303614118
5034136464,2020,last,False,6,W3115451485
5034136585,2019,middle,False,4,W2985791984
5034138123,2021,first,False,5,W3126315325
5034146490,2022,last,False,2,W4361986618
5034154991,2021,middle,True,4,W3186056917
5034159054,2022,last,False,7,W4226396484
5034161060,2021,last,False,5,W3172427031
5034161989,2019,last,False,3,W3004288456
5034166335,2022,middle,False,6,W4313013812
5034173999,2020,middle,False,5,W3046040002
5034177039,2022,middle,False,11,W3205816523
5034182739,2021,middle,False,4,W3166840245
5034206767,2022,last,False,5,W4281487468
5034222191,2022,middle,False,5,W4318710937
5034228010,2021,last,False,5,W3176448872
5034232115,2022,middle,False,6,W4296902456
5034247308,2021,first,False,3,W4200527712
5034265751,2022,middle,False,14,W4296886067
5034293705,2022,middle,False,6,W4289827868
5034329125,2021,middle,False,6,W3164670515
5034331643,2022,middle,False,7,W4225673889
5034339267,2022,last,False,6,W4312939486
5034346612,2022,middle,False,4,W4226185779
5034361377,2022,last,False,3,W4297337265
5034362700,2022,last,True,20,W4220895458
5034365186,2022,first,False,10,W4283651323
5034386390,2020,last,False,5,W3097323310
5034391166,2022,last,False,4,W4285265795
5034397232,2021,last,False,2,W3161200432
5034406723,2021,middle,False,5,W3176218339
5034409513,2020,middle,False,5,W3116977398
5034411238,2022,last,False,7,W4312624272
5034415838,2019,middle,False,4,W2995309332
5034420885,2020,middle,False,5,W3037310559
5034435383,2020,first,False,7,W3106488531
5034435564,2022,middle,False,4,W4312827150
5034461489,2020,last,True,2,W3034323214
5034476404,2019,middle,True,6,W2912904516
5034483183,2022,middle,False,6,W4221153521
5034486640,2022,last,False,5,W4366540478
5034488796,2020,last,False,7,W3033585268
5034490205,2020,middle,False,6,W3115451485
5034513925,2021,first,False,6,W3175986638
5034520734,2022,last,False,4,W4285216095
5034521535,2021,first,False,4,W3189270598
5034524285,2022,first,False,6,W4312294604
5034529775,2019,last,False,6,W3008363190
5034536222,2020,middle,False,6,W3102378333
5034538103,2021,middle,False,4,W3153308824
5034540373,2020,middle,False,4,W3115829128
5034550382,2021,last,False,3,W3163497083
5034552370,2022,middle,False,18,W4310811141
5034553962,2022,middle,False,13,W4293088946
5034564787,2022,first,False,8,W4386339153
5034570279,2020,middle,False,3,W3101960104
5034571717,2022,last,False,3,W4281556885
5034574326,2021,last,False,2,W3214294465
5034592186,2020,middle,False,8,W3101893044
5034599339,2022,middle,False,5,W4385573182
5034602812,2022,middle,False,6,W4220783184
5034606659,2022,last,False,6,W3135638847
5034630340,2022,middle,False,5,W4293199040
5034644722,2020,last,False,4,W3133632118
5034654432,2022,first,True,15,W4226277421
5034655727,2021,middle,False,7,W3180940307
5034668928,2022,middle,False,5,W4306317657
5034672439,2021,first,False,7,W3167364369
5034675932,2020,middle,False,6,W3116155025
5034701871,2020,middle,False,3,W3117570688
5034703281,2022,last,False,2,W4285820634
5034703920,2021,last,False,2,W3191065828
5034715099,2020,first,False,3,W3103913470
5034722698,2022,first,False,4,W4285227295
5034736998,2020,middle,False,6,W3096150021
5034737032,2021,middle,False,7,W3142806976
5034745689,2022,middle,False,5,W4309101696
5034751153,2022,first,False,6,W3135485589
5034752551,2020,middle,True,4,W3043016077
5034762381,2021,middle,False,7,W3214234195
5034774039,2022,middle,False,7,W4295928017
5034788559,2022,middle,False,4,W4205572457
5034792613,2020,middle,False,7,W3115229845
5034797797,2020,first,True,4,W2999481648
5034798985,2022,middle,False,15,W4226277421
5034811227,2022,first,False,4,W4311166089
5034823980,2020,middle,False,3,W3115122447
5034826814,2021,last,False,2,W3135143565
5034832697,2021,middle,False,5,W4214733921
5034835113,2021,last,False,2,W3191287074
5034842939,2022,middle,False,4,W4224916425
5034853815,2021,middle,False,4,W3177314227
5034863691,2020,last,False,4,W3017844056
5034879141,2021,middle,False,5,W3201319578
5034886708,2021,last,False,2,W3207479815
5034890057,2021,first,False,2,W3156185566
5034891790,2022,middle,False,20,W4283167130
5034908019,2019,last,False,2,W2946504770
5034921884,2022,last,False,3,W4225274946
5034924491,2020,middle,False,3,W3133700522
5034937599,2021,middle,False,15,W3197281475
5034941095,2022,last,False,4,W4294975862
5034946345,2021,last,False,6,W3182937942
5034960578,2022,middle,False,11,W4225713393
5034962802,2021,last,False,5,W4205091083
5034994292,2021,middle,False,17,W3139150463
5034994700,2021,last,False,3,W3112302290
5035014734,2022,middle,False,5,W4304208382
5035030398,2021,middle,False,5,W4200098147
5035032490,2021,last,False,3,W3208983447
5035038876,2022,middle,False,3,W4312808294
5035046930,2021,middle,False,11,W3211148996
5035048904,2021,middle,False,4,W3215164147
5035051966,2021,last,False,4,W3152857499
5035052603,2021,last,False,3,W4207011532
5035053697,2022,middle,False,6,W4385574182
5035065593,2020,first,True,2,W2978769081
5035071151,2022,middle,False,5,W4296993167
5035074236,2020,middle,False,11,W3101149558
5035084467,2020,last,False,2,W3116345786
5035088083,2019,middle,False,5,W2964303116
5035107113,2021,last,False,4,W3171841353
5035107313,2020,first,True,5,W3099549037
5035109881,2021,first,False,3,W3144667183
5035112538,2022,last,False,3,W4289950749
5035117617,2019,last,False,4,W2955018588
5035117995,2020,first,False,7,W3114986498
5035121838,2022,middle,False,5,W4318710937
5035123082,2022,middle,True,8,W4312194858
5035128762,2020,middle,False,5,W3201170423
5035133018,2020,middle,False,6,W3021989992
5035139556,2021,first,True,6,W3149762969
5035140535,2020,middle,False,7,W3101786835
5035140862,2021,last,False,2,W3195659928
5035141289,2022,last,False,6,W4306317286
5035142082,2022,middle,False,3,W4291004845
5035151979,2021,first,False,5,W3155825510
5035153076,2022,last,False,9,W4295886610
5035163413,2020,first,False,4,W3037503597
5035174613,2021,middle,False,6,W3185743606
5035175263,2020,middle,False,4,W3113833657
5035179905,2022,middle,False,8,W3101447603
5035185924,2020,middle,False,7,W3098694757
5035200265,2022,middle,False,5,W3207071456
5035221043,2020,last,False,4,W3116491658
5035250524,2022,middle,False,4,W4293832947
5035271106,2022,last,False,6,W4293812347
5035277232,2021,last,False,3,W3156426549
5035284207,2019,middle,False,4,W2970819439
5035292460,2021,middle,False,3,W4210433544
5035296513,2020,middle,False,5,W3040342228
5035327789,2022,middle,False,12,W4297914802
5035343733,2022,last,False,5,W4214611632
5035349718,2021,middle,False,5,W3186928078
5035367145,2021,first,False,3,W3174836139
5035369215,2021,last,False,4,W3122542623
5035370309,2022,first,False,6,W4285221437
5035370466,2020,middle,False,5,W3173226725
5035378456,2020,middle,False,6,W3034795928
5035386529,2021,middle,False,5,W3214843697
5035399743,2021,last,False,6,W3158733382
5035422552,2022,last,False,7,W4225296662
5035428393,2021,middle,True,6,W3204993626
5035434981,2021,middle,False,5,W3216551046
5035437939,2021,middle,False,3,W3153097699
5035443556,2022,middle,False,9,W4312377093
5035455593,2020,middle,False,5,W3099549037
5035470347,2022,last,False,2,W4225809646
5035482777,2021,middle,False,4,W3169202238
5035488258,2022,middle,False,8,W4306403642
5035489500,2022,first,True,4,W4311040600
5035489942,2022,first,False,3,W4308235957
5035493244,2019,middle,False,9,W2970566229
5035494769,2022,last,True,6,W4213457947
5035507581,2022,first,False,3,W4226068212
5035527770,2022,middle,False,7,W4287888693
5035529329,2022,last,False,3,W4312295898
5035530096,2020,middle,False,5,W3087975959
5035534911,2022,last,False,3,W4224286930
5035549617,2021,last,False,2,W3156550404
5035549916,2020,first,False,3,W3115608845
5035560190,2019,middle,False,6,W2982013914
5035561676,2022,middle,False,8,W4313139298
5035562693,2021,middle,False,4,W3167012965
5035573488,2020,last,False,5,W3099008231
5035574908,2022,middle,False,8,W4286586290
5035575030,2021,middle,False,16,W2759088880
5035579187,2021,middle,False,6,W4230384986
5035581403,2021,middle,False,4,W3162970705
5035591149,2021,middle,False,4,W3172767175
5035605298,2021,middle,False,6,W3184285541
5035607374,2021,middle,False,3,W3132573559
5035621906,2021,middle,False,4,W3164744211
5035627933,2021,last,False,3,W3204652402
5035630445,2021,middle,False,5,W3121620998
5035636543,2022,middle,False,18,W4234577219
5035645484,2019,last,False,3,W2983279852
5035648097,2021,middle,False,5,W3173849000
5035651557,2022,middle,False,6,W4310358279
5035656977,2022,middle,False,5,W4385573634
5035668831,2022,last,False,4,W4293863213
5035670477,2021,middle,False,4,W3198859314
5035670744,2019,middle,False,4,W3013631210
5035675158,2022,last,False,3,W4225426739
5035716630,2022,last,False,3,W4296079714
5035718126,2021,last,False,2,W4206159736
5035722235,2021,middle,False,8,W4225868104
5035755230,2022,middle,False,10,W4309642855
5035759008,2022,last,False,3,W4321512637
5035766567,2019,middle,False,6,W2970224261
5035774745,2022,first,False,5,W4366307842
5035785809,2021,middle,True,5,W3196169336
5035799603,2021,middle,False,6,W3211171742
5035823479,2022,first,False,7,W4297238584
5035827708,2019,first,False,5,W2986300872
5035830319,2022,middle,False,6,W4287855079
5035840666,2020,last,False,5,W3101471490
5035843722,2022,middle,False,6,W4292973282
5035849909,2022,middle,False,4,W4287890480
5035867340,2019,first,False,6,W2970003478
5035876897,2020,last,False,3,W3114430475
5035877379,2022,middle,False,11,W4229034605
5035884631,2020,middle,False,8,W3092453057
5035895793,2022,first,False,6,W4220787749
5035902535,2022,last,False,5,W4312715548
5035905957,2019,middle,False,3,W2970452639
5035912783,2022,first,True,1,W4310584540
5035913440,2021,middle,False,4,W4206078246
5035914396,2019,last,False,2,W2970925270
5035917702,2021,middle,False,5,W3136098199
5035938543,2021,middle,False,8,W3204619801
5035946597,2022,last,False,7,W4312678820
5035950313,2021,middle,False,4,W3173460036
5035954016,2020,last,True,2,W3046050780
5035976768,2021,middle,False,5,W3180728985
5035983004,2020,last,False,3,W3035327313
5035985391,2021,middle,False,11,W3175644086
5035991172,2022,middle,False,3,W4205883286
5035998127,2021,last,False,6,W4210972654
5036000098,2021,middle,False,5,W3194037986
5036010787,2021,middle,False,4,W3127917488
5036041371,2021,last,False,8,W4206072103
5036050911,2019,last,False,3,W2970626985
5036062678,2022,middle,False,7,W4321384952
5036064622,2022,middle,False,8,W4287888487
5036069974,2021,last,False,8,W3203711169
5036071851,2021,last,False,2,W4205377393
5036072216,2022,middle,False,8,W4302275696
5036083132,2021,middle,True,6,W3196696529
5036083161,2022,middle,False,7,W4211026163
5036084522,2022,middle,False,9,W4285129823
5036086539,2022,last,True,10,W4286491305
5036104459,2021,middle,False,6,W3200851318
5036106454,2021,middle,False,3,W3211839983
5036120568,2022,last,False,3,W4308455113
5036133390,2019,middle,False,6,W3091390616
5036136277,2022,last,False,5,W4304086160
5036159118,2021,last,False,3,W3208540601
5036200309,2020,last,False,3,W3087105636
5036207748,2021,last,False,3,W3200344301
5036210770,2022,middle,False,5,W4213044064
5036217012,2021,middle,False,6,W4205563880
5036220067,2022,middle,False,6,W4312549535
5036226253,2022,first,False,7,W4319586935
5036243123,2020,middle,False,5,W3029497709
5036245571,2022,last,False,8,W4283316516
5036254245,2020,middle,False,9,W3137708951
5036261076,2021,first,True,5,W3175338534
5036266768,2021,middle,False,19,W3176617251
5036267220,2021,last,False,7,W3211796634
5036273604,2021,middle,False,4,W3217490106
5036285805,2022,middle,False,14,W4312309136
5036299182,2022,last,False,2,W4290973226
5036301580,2019,middle,False,5,W2981590713
5036302820,2022,last,False,4,W3195300140
5036311982,2022,last,False,3,W4283795388
5036320427,2022,last,False,3,W4312443721
5036334443,2022,middle,False,19,W4311104054
5036335232,2021,middle,False,6,W3186632081
5036349645,2021,middle,False,3,W3156042439
5036357777,2021,last,False,3,W4210609201
5036358447,2021,middle,False,5,W3202461321
5036359181,2021,last,False,2,W4205921126
5036374454,2021,last,False,2,W4200619808
5036375893,2020,first,False,2,W3097500243
5036387111,2022,middle,False,6,W4309344490
5036387698,2021,last,False,5,W3160733066
5036394895,2020,last,True,2,W3104666000
5036395763,2020,middle,False,4,W3107301387
5036402713,2021,middle,False,7,W3185037347
5036418431,2020,middle,False,7,W3034188691
5036425195,2020,middle,False,6,W3011789699
5036430028,2022,middle,False,5,W4213132893
5036430353,2022,middle,False,9,W4285600327
5036438597,2021,middle,False,6,W3214027489
5036441647,2021,last,False,3,W3119016080
5036442273,2022,middle,False,6,W4360764289
5036446253,2022,last,False,7,W4225299129
5036462902,2022,first,False,6,W4206693420
5036474527,2020,middle,False,6,W3045631589
5036483175,2022,last,False,7,W4226153613
5036483775,2022,middle,True,6,W3192770954
5036488225,2022,middle,False,6,W4225004043
5036492388,2020,last,False,11,W3035718760
5036493563,2022,last,False,5,W4308521113
5036503167,2019,first,True,1,W2970128736
5036505077,2022,middle,True,4,W4206958985
5036510129,2022,last,False,6,W4289550868
5036511132,2021,middle,False,5,W4206648963
5036524439,2019,first,False,5,W2970601365
5036532214,2021,middle,False,15,W3196321886
5036532311,2021,middle,False,5,W3161430317
5036536837,2021,last,False,3,W3126678299
5036548399,2022,first,False,4,W4283794074
5036567696,2022,last,False,2,W4287855014
5036571304,2022,last,False,2,W4318603549
5036578572,2022,middle,False,7,W4225497281
5036585419,2020,middle,False,4,W3100653636
5036598298,2020,middle,False,3,W3117924576
5036607482,2021,last,False,10,W3153727209
5036608101,2021,last,False,5,W4200192202
5036610566,2020,middle,False,3,W3034356621
5036627793,2021,first,False,4,W3195841842
5036632140,2022,middle,False,7,W3202725408
5036636249,2020,middle,False,7,W3039276721
5036651691,2020,middle,False,12,W3117238912
5036655436,2021,middle,False,5,W3192003496
5036665467,2022,middle,False,9,W4385574047
5036672639,2021,middle,False,6,W3166065309
5036679080,2021,middle,False,4,W4206657811
5036681459,2021,middle,False,16,W3147637074
5036688260,2021,middle,False,5,W4214926101
5036693781,2021,last,False,4,W4210586402
5036705478,2022,middle,False,3,W4229077021
5036721569,2022,middle,False,4,W4300861533
5036737229,2019,first,False,3,W2970613633
5036738038,2019,last,True,5,W2964278185
5036742790,2022,first,False,2,W4312583721
5036744986,2021,last,False,2,W3195209237
5036747535,2019,last,False,4,W2970106668
5036757765,2022,middle,False,19,W4221066460
5036758801,2022,middle,False,9,W4295886610
5036766367,2021,last,True,6,W3172028705
5036769756,2021,middle,False,3,W4200101290
5036786337,2019,middle,False,5,W2986893290
5036790226,2019,first,True,1,W2966128611
5036797884,2021,middle,False,4,W3154629988
5036799188,2020,last,False,8,W3103837983
5036811597,2022,middle,False,9,W4289985750
5036811894,2019,middle,False,6,W2970912185
5036818945,2021,last,False,7,W3164640227
5036818965,2021,middle,False,4,W3217177475
5036847074,2022,middle,False,14,W4298147678
5036860076,2020,middle,False,5,W3037234229
5036865453,2020,last,False,3,W2996991341
5036873257,2022,last,False,2,W4318185138
5036912609,2021,last,False,3,W3197244526
5036913803,2020,middle,False,6,W3034651160
5036919699,2021,last,False,3,W3201982639
5036942409,2022,middle,False,5,W4225154151
5036943629,2020,first,False,5,W3108867199
5036945704,2022,middle,False,7,W4285213468
5036948222,2022,middle,False,4,W4385573193
5036965203,2021,last,False,5,W3183968703
5036970822,2022,middle,False,4,W4313023122
5036987388,2022,middle,False,6,W4283324555
5036991903,2022,last,False,4,W4221161980
5036995131,2021,first,False,6,W3164370402
5036998229,2022,middle,False,6,W4285502320
5037028903,2022,middle,False,4,W4221146341
5037042612,2022,middle,False,7,W4282838846
5037065865,2022,last,False,3,W4293868179
5037073589,2022,middle,False,4,W4312189207
5037074105,2022,middle,False,5,W4287887646
5037075182,2022,middle,True,4,W4298146218
5037087707,2022,middle,False,8,W4225655905
5037097562,2021,first,False,6,W4211021002
5037109470,2021,middle,False,11,W3161873458
5037122155,2020,middle,False,8,W3103403998
5037132097,2019,middle,False,8,W2971060546
5037145565,2021,middle,False,9,W3168875417
5037149390,2021,last,False,8,W3175684466
5037149834,2022,middle,True,4,W4294487796
5037162400,2022,middle,False,4,W4315488983
5037164199,2022,middle,False,4,W4385573788
5037164854,2021,first,False,8,W3214322805
5037166380,2022,last,False,3,W4295036400
5037178137,2020,middle,True,4,W3081019734
5037178287,2019,middle,False,5,W2971461915
5037179146,2021,middle,False,4,W3175234951
5037183247,2022,last,False,3,W4226481123
5037183302,2020,middle,False,6,W3036723255
5037200145,2021,last,False,5,W3156892778
5037202974,2022,first,False,2,W4313183055
5037204307,2022,last,False,4,W4385573775
5037214580,2020,first,False,6,W3106346674
5037217032,2019,middle,False,7,W2965536863
5037229611,2022,middle,False,22,W4286512643
5037240854,2021,last,False,2,W3154992931
5037256858,2021,middle,False,4,W3128627341
5037266804,2022,last,False,2,W4310238942
5037270103,2022,last,False,3,W4284879283
5037285766,2022,middle,False,5,W4294672819
5037286882,2021,middle,False,4,W3174663234
5037298220,2021,first,True,2,W3136711862
5037305946,2022,middle,False,4,W4313330877
5037321359,2021,first,False,2,W3211135382
5037327117,2020,first,False,6,W3034196295
5037333537,2019,middle,False,8,W2970156971
5037338094,2020,middle,False,4,W3049448413
5037340457,2021,middle,False,6,W3176362845
5037342367,2021,middle,False,3,W3183168437
5037345995,2021,first,False,2,W3144539868
5037359171,2020,last,False,10,W2998036008
5037362113,2020,middle,False,8,W3118749559
5037363688,2021,last,False,5,W3162044134
5037377300,2022,last,False,5,W4221144554
5037381642,2020,first,False,5,W3109636347
5037387694,2022,middle,True,11,W4312142088
5037408511,2020,middle,False,8,W3107366692
5037417242,2022,middle,False,4,W4220990251
5037420650,2021,first,False,2,W3174086521
5037423841,2019,last,False,3,W2986613042
5037441803,2022,middle,True,9,W4284681137
5037458079,2020,first,False,6,W3015948701
5037501616,2021,first,False,8,W3176015924
5037504245,2022,middle,False,5,W4366308381
5037529252,2020,first,False,2,W3174801338
5037577175,2022,last,True,4,W4296350506
5037608200,2022,first,False,6,W4312557251
5037636074,2021,middle,False,6,W3170365511
5037643580,2022,middle,False,7,W4362564979
5037647150,2020,last,False,3,W3119369074
5037657908,2020,first,True,1,W3103178756
5037663621,2022,middle,False,4,W4285229117
5037671044,2021,last,True,3,W3163571239
5037673211,2022,middle,False,5,W4285191411
5037674582,2022,middle,False,11,W4294597159
5037675411,2021,middle,False,4,W3216945961
5037675893,2021,first,False,10,W3180176184
5037677672,2021,middle,False,6,W3175079695
5037682194,2022,middle,False,7,W4287578560
5037684597,2022,middle,False,5,W4308919251
5037690409,2022,last,False,3,W4308329100
5037719442,2019,middle,False,7,W2970205254
5037724644,2021,middle,False,6,W3171789337
5037727301,2020,last,False,5,W3037979089
5037733040,2022,middle,False,7,W4292829050
5037733110,2020,first,True,2,W3116984090
5037738790,2019,middle,False,3,W3010949744
5037742794,2020,middle,False,8,W3112302456
5037769267,2019,last,False,2,W3014025313
5037782710,2021,first,False,6,W3208789749
5037788925,2022,middle,True,5,W4310691173
5037794437,2022,last,True,2,W4285252891
5037817436,2022,last,False,6,W4312709938
5037821700,2022,middle,False,4,W4285102408
5037823825,2022,middle,True,10,W4210716706
5037824821,2020,last,False,4,W3111896322
5037827523,2022,last,True,3,W4224287727
5037837666,2022,last,False,3,W4309156354
5037841139,2019,last,False,4,W2985436116
5037861439,2022,first,False,6,W4312644483
5037865550,2021,last,False,4,W3183866186
5037866550,2022,first,False,3,W4282933239
5037873810,2021,middle,False,4,W3170488061
5037890908,2022,middle,False,3,W4205328112
5037893575,2020,last,False,6,W3091713579
5037898474,2021,last,False,4,W3024681430
5037912029,2021,last,False,2,W3185437894
5037912054,2021,middle,False,5,W3166923557
5037921908,2021,middle,False,6,W4200082383
5037923499,2020,middle,False,5,W3096091920
5037930366,2021,middle,False,3,W4200114368
5037942269,2019,last,False,4,W2985052069
5037962040,2022,middle,False,4,W4296511187
5037979193,2021,last,True,4,W3175147232
5037990310,2021,last,False,7,W3160843161
5038002204,2020,last,False,8,W3101988982
5038008417,2022,first,False,5,W4313245155
5038009477,2022,middle,False,5,W4294672819
5038016610,2022,middle,False,7,W4361733032
5038019602,2021,middle,False,12,W3119786062
5038020125,2021,last,False,3,W3195986544
5038040039,2020,middle,False,8,W3034849760
5038043083,2020,first,False,4,W3011414630
5038044080,2020,last,False,6,W3096297644
5038047052,2021,last,False,2,W4225658316
5038064028,2022,middle,False,7,W3216551675
5038066548,2019,middle,False,4,W2970990259
5038083371,2020,middle,False,11,W3102925513
5038088018,2022,last,False,4,W4285176133
5038101088,2022,first,False,5,W4312873372
5038105175,2021,last,False,5,W3208213519
5038106045,2020,last,True,3,W3113639015
5038117386,2022,last,False,2,W4293519385
5038130624,2020,middle,False,9,W3137708951
5038134557,2022,last,True,4,W4283269607
5038138281,2020,first,False,3,W3034489696
5038150414,2020,middle,False,4,W3102782538
5038170533,2022,middle,False,8,W4313142796
5038174766,2022,middle,False,4,W4229079862
5038194411,2022,first,False,9,W4287854424
5038199211,2022,last,False,2,W4225323799
5038205761,2022,first,False,2,W4321063817
5038206174,2020,last,False,4,W3046527848
5038207720,2020,middle,False,15,W3037369528
5038223804,2022,last,True,5,W4223483233
5038233956,2020,middle,False,9,W3104964565
5038242041,2021,middle,False,5,W3155991396
5038243226,2021,last,False,5,W4205815823
5038256131,2022,first,False,3,W4220861840
5038258635,2022,last,True,7,W3215443952
5038260547,2020,last,False,4,W3115829128
5038264046,2022,last,True,4,W4220705979
5038264616,2020,last,False,2,W3115055903
5038267072,2020,middle,False,7,W3106301701
5038289205,2022,middle,False,4,W4224946863
5038293136,2022,middle,False,5,W4287891151
5038294037,2020,middle,False,5,W3035111931
5038296765,2022,middle,False,13,W3213029956
5038300369,2020,middle,False,4,W3037516082
5038313757,2021,middle,False,7,W4230418757
5038314215,2020,last,False,3,W3045509595
5038328783,2021,last,False,5,W3177007952
5038331849,2022,last,False,5,W4283327373
5038336611,2021,middle,False,7,W4206794154
5038344538,2020,middle,False,11,W3102925513
5038356244,2021,first,False,8,W3206213635
5038357504,2021,middle,False,8,W4205739143
5038360180,2022,middle,False,6,W4385573627
5038367345,2022,last,False,4,W4281250639
5038369085,2022,middle,False,5,W4221155442
5038378351,2022,last,False,3,W4285211854
5038386528,2019,first,False,3,W2970200208
5038395521,2021,middle,False,4,W3123597688
5038397893,2019,last,False,7,W2986907127
5038401155,2022,middle,False,3,W4312836543
5038415200,2022,last,False,5,W4226281014
5038417409,2019,middle,False,8,W2941649920
5038426107,2020,middle,False,4,W3102999298
5038428039,2019,middle,False,12,W2947903144
5038428045,2022,last,False,2,W4283661811
5038436185,2021,first,True,4,W3174794090
5038456140,2022,first,False,3,W4319586428
5038456766,2019,last,False,7,W2970152385
5038487191,2021,last,True,5,W4226249897
5038493361,2020,first,False,5,W3032614845
5038510254,2020,middle,False,5,W3096775731
5038517767,2021,middle,False,7,W3175339114
5038521974,2022,last,False,4,W4312427753
5038522902,2022,middle,False,20,W4281708620
5038537171,2019,middle,False,4,W2971345087
5038560914,2020,last,False,6,W2998939484
5038566332,2021,middle,False,6,W4200544893
5038571817,2022,middle,False,5,W4285258683
5038579157,2020,middle,False,3,W3086711114
5038581447,2019,last,False,7,W2985891764
5038592584,2022,last,False,3,W4309757622
5038594863,2022,middle,False,9,W4385573373
5038599370,2022,middle,False,19,W4311104054
5038600448,2021,middle,False,7,W3213097325
5038606050,2022,middle,False,4,W4289655563
5038612405,2020,last,False,2,W3103536442
5038615036,2021,middle,False,7,W3202026671
5038625421,2022,middle,False,7,W4312127268
5038634061,2021,middle,False,8,W3193420843
5038653265,2020,middle,False,6,W3005712312
5038656821,2022,middle,False,6,W4296993572
5038664667,2020,middle,False,7,W3034717099
5038668215,2018,middle,False,3,W2810397803
5038686010,2021,last,False,4,W3175970729
5038720756,2021,middle,False,4,W3176366966
5038728224,2021,first,False,3,W3194764738
5038741954,2021,last,False,3,W3134752004
5038743835,2022,first,False,3,W3123221944
5038745720,2021,last,False,4,W3198000808
5038749222,2022,first,False,4,W4301184669
5038755237,2020,middle,False,3,W3058800094
5038763846,2022,last,False,10,W4285609472
5038764591,2022,middle,False,4,W4311040600
5038770806,2020,middle,False,6,W2999363952
5038776508,2021,middle,True,6,W3194243418
5038778212,2021,middle,True,4,W3188589934
5038781104,2019,first,False,5,W2944898795
5038788906,2022,middle,False,5,W4313339887
5038789440,2022,last,False,6,W4312253630
5038791483,2021,middle,True,6,W4200514525
5038798134,2019,last,False,3,W2990486004
5038802224,2022,middle,False,6,W4229334288
5038802330,2021,middle,False,7,W4205731455
5038807158,2022,middle,False,8,W4306694238
5038810887,2022,last,False,5,W4320801494
5038843080,2022,first,False,3,W4313330817
5038855081,2021,first,True,5,W3213372862
5038864467,2022,middle,False,6,W4285169731
5038865167,2022,last,False,5,W4302067346
5038898220,2020,last,False,4,W3098878046
5038898235,2022,middle,False,4,W4385573208
5038900825,2022,middle,False,6,W4308529129
5038903729,2021,last,False,3,W3160298546
5038918043,2022,middle,False,5,W3166284356
5038926122,2022,last,False,3,W4285204079
5038929654,2019,middle,False,4,W2970120757
5038943746,2021,last,False,4,W3172214016
5038949724,2021,middle,False,5,W3170875428
5038959929,2019,middle,False,7,W2964642604
5038969629,2020,last,False,6,W3103694015
5038972046,2021,first,False,5,W3176047499
5038987393,2021,middle,False,6,W3133267900
5038990594,2021,last,False,2,W3160736272
5039001645,2019,middle,False,7,W2955503464
5039020291,2022,first,False,3,W4221132821
5039025104,2021,last,False,9,W3148246773
5039025617,2022,middle,False,4,W4315630300
5039042183,2021,middle,False,6,W3179680410
5039057636,2020,middle,False,4,W2995856824
5039059501,2022,middle,True,5,W4290989497
5039069155,2022,first,True,1,W4224250002
5039076312,2022,middle,False,6,W4281564455
5039086542,2020,first,True,3,W3093106649
5039094834,2021,middle,False,6,W4206178224
5039096905,2020,last,False,4,W3034503357
5039099199,2022,last,False,4,W4328028903
5039104219,2021,middle,False,7,W3202312310
5039125805,2019,middle,False,6,W2984775670
5039128824,2021,last,False,2,W4206639463
5039133265,2019,middle,False,6,W2952065032
5039148137,2022,middle,False,7,W4312725592
5039153096,2022,middle,False,3,W4385573091
5039153469,2021,last,False,2,W4206820829
5039153635,2021,first,True,5,W3194633557
5039170340,2022,middle,False,6,W4223889796
5039172016,2022,last,False,2,W4281766171
5039176528,2022,middle,False,5,W4301146083
5039181878,2021,last,False,3,W3197748303
5039183493,2020,last,False,3,W3155743827
5039192390,2021,last,False,3,W3203174623
5039192558,2022,middle,False,4,W3201022813
5039205892,2022,middle,False,5,W4229453513
5039235118,2022,last,False,3,W4318750577
5039236080,2021,middle,False,6,W3179680410
5039239180,2020,middle,False,8,W3114142294
5039243931,2022,middle,False,12,W4306646496
5039252859,2021,middle,False,4,W3214305814
5039253696,2022,middle,False,3,W4360765157
5039271173,2022,first,False,5,W4307184837
5039275245,2021,first,True,4,W3123649662
5039282629,2020,middle,True,7,W3108592865
5039289027,2022,first,False,4,W4220938970
5039295838,2020,middle,False,3,W3034690087
5039301888,2022,first,False,6,W4298164033
5039302139,2021,middle,False,6,W3170365511
5039307249,2022,last,False,2,W4312499839
5039310938,2022,middle,False,4,W4285065310
5039322037,2022,middle,False,19,W4311104054
5039326288,2021,last,True,2,W4200531086
5039326697,2021,last,False,3,W3209096362
5039332454,2022,first,False,6,W4288421353
5039335429,2022,middle,False,4,W4301395778
5039359682,2020,last,False,3,W3034830866
5039363991,2021,last,False,7,W2978036638
5039369605,2020,first,False,8,W3098608326
5039372748,2022,last,False,6,W4308083911
5039374228,2021,middle,False,4,W4214504786
5039376323,2021,middle,False,4,W3188589934
5039380414,2019,first,False,3,W2963971322
5039383179,2021,last,False,4,W4205243694
5039389811,2022,first,False,5,W4285606196
5039393096,2022,middle,False,5,W4311587210
5039395334,2020,middle,False,3,W3111222606
5039440798,2021,middle,False,7,W3211383439
5039443541,2022,last,True,2,W4298147595
5039444335,2022,last,False,2,W4288061531
5039448597,2020,last,False,4,W3115080939
5039453222,2022,middle,False,22,W4286512643
5039459434,2021,last,True,3,W4212895649
5039460084,2022,last,True,11,W4296695943
5039468724,2020,middle,False,6,W3100501376
5039470755,2022,middle,False,12,W4311426701
5039479036,2022,middle,False,5,W4224933351
5039490931,2022,middle,False,5,W4280641766
5039503752,2022,last,False,2,W4310969217
5039506055,2022,middle,False,4,W4220750991
5039522364,2021,middle,False,6,W3128562462
5039529124,2021,middle,False,9,W3148246773
5039529533,2020,first,False,2,W3037151709
5039535052,2020,middle,False,9,W3105741911
5039544387,2020,middle,False,3,W3115245508
5039545794,2022,middle,False,8,W4313065019
5039552087,2021,middle,False,4,W3170551880
5039556214,2022,middle,False,7,W4285239949
5039559428,2021,middle,False,3,W4210572096
5039560708,2020,middle,False,24,W3102483398
5039563978,2022,middle,False,7,W4280527285
5039564453,2020,middle,False,3,W3046111474
5039566619,2020,last,False,4,W3033954622
5039568711,2019,middle,False,8,W2970374239
5039587200,2022,last,False,5,W4287855052
5039602194,2019,middle,False,6,W3005514250
5039611523,2021,last,False,2,W4250033924
5039617569,2022,last,False,8,W3198845875
5039620313,2022,first,False,5,W4362647029
5039620960,2022,middle,False,7,W4312259190
5039621382,2022,last,False,4,W4287887329
5039629929,2020,last,False,3,W3090872036
5039631808,2021,middle,False,5,W3196359847
5039633744,2022,first,False,7,W4385572819
5039640321,2022,middle,False,3,W4283817757
5039642180,2022,first,True,10,W4229370390
5039647451,2022,first,False,3,W4304208090
5039659770,2021,last,False,4,W3170186701
5039662070,2020,last,False,5,W3106976299
5039663119,2021,middle,True,4,W3144194608
5039667666,2022,middle,False,6,W4288048330
5039670436,2020,middle,False,5,W3090179088
5039679813,2020,middle,False,4,W3104374740
5039687466,2022,middle,False,3,W4308235769
5039693533,2022,first,False,6,W4297841894
5039715134,2022,middle,False,12,W4306646496
5039716401,2022,first,False,4,W4287854977
5039716498,2022,middle,False,5,W4287887637
5039723280,2020,middle,False,6,W3117200629
5039727302,2021,first,False,5,W3172475066
5039727796,2020,middle,False,7,W2997124358
5039762137,2021,middle,False,7,W3217456031
5039776447,2022,last,False,11,W4225713393
5039781274,2022,middle,False,6,W3152268000
5039792198,2019,middle,False,6,W3004943689
5039794310,2022,middle,False,7,W4285137775
5039795290,2019,middle,False,5,W2952437275
5039799789,2019,last,False,5,W2970713124
5039808345,2021,middle,False,4,W3203393454
5039811894,2020,last,False,3,W3116522029
5039812471,2022,middle,False,6,W4309096928
5039824546,2022,middle,False,5,W3216624169
5039824895,2022,middle,False,7,W4225673889
5039829612,2021,middle,False,3,W3214678605
5039846033,2022,last,False,7,W4225497281
5039850123,2022,middle,False,3,W4281756024
5039872140,2019,middle,False,4,W2986661478
5039878081,2021,middle,False,24,W3196831814
5039882547,2021,last,False,4,W3149790948
5039888354,2022,last,False,4,W4206747626
5039894381,2020,last,True,2,W3124103457
5039901099,2020,last,True,6,W3005650752
5039901296,2022,middle,False,9,W4311243316
5039903863,2021,middle,False,6,W3199694500
5039915362,2021,middle,False,6,W3132781388
5039916142,2021,middle,False,4,W3203393454
5039926801,2020,middle,False,5,W3136503798
5039930829,2021,middle,False,4,W4205267386
5039934316,2022,middle,False,9,W4308882396
5039944209,2019,last,False,2,W2979776054
5039948189,2021,middle,False,5,W3216631677
5039952436,2021,last,False,2,W4210931543
5039993352,2022,middle,False,5,W4287891151
5039997297,2020,first,False,5,W3136503798
5040001719,2021,last,False,5,W3113096756
5040002414,2022,middle,False,8,W4281641249
5040007011,2021,middle,False,12,W3158873112
5040007583,2022,middle,False,5,W4319978604
5040009333,2021,last,False,3,W4205536814
5040025882,2021,middle,False,7,W3213259296
5040032577,2021,middle,True,10,W3205032592
5040035859,2021,last,True,4,W3152607317
5040050806,2021,last,False,2,W3130164045
5040062188,2020,last,False,3,W3174401467
5040063710,2022,middle,False,4,W4385573008
5040071198,2022,last,False,4,W4220933043
5040077928,2022,first,False,3,W4292830175
5040098950,2021,last,False,3,W3117433489
5040101293,2022,last,True,4,W4285139834
5040144027,2021,middle,False,6,W3207382565
5040151976,2020,first,False,4,W3043816006
5040162773,2020,middle,False,4,W3105141804
5040163724,2022,last,True,7,W4220757565
5040179504,2020,middle,True,7,W3092050177
5040191427,2022,middle,False,7,W4221141786
5040194803,2021,last,False,3,W3158543275
5040195399,2022,middle,False,4,W4313484783
5040198515,2021,last,False,2,W3164724119
5040207663,2019,middle,False,5,W2966387645
5040214901,2021,first,False,4,W4210562377
5040216542,2022,middle,False,5,W4312008226
5040216921,2020,last,False,3,W3090471441
5040236875,2019,last,False,5,W2992389131
5040252856,2021,middle,True,5,W3203917633
5040265580,2021,last,False,6,W3216561679
5040275877,2021,middle,False,24,W3196831814
5040297543,2022,middle,False,6,W4306317286
5040302008,2022,last,False,3,W4287887277
5040305929,2022,last,True,2,W3210685431
5040307243,2020,last,False,3,W3015309972
5040326968,2020,last,False,5,W3115058362
5040330943,2021,middle,False,3,W4200221681
5040335415,2020,first,False,3,W3118052716
5040337525,2022,last,False,5,W4285247267
5040344946,2022,middle,False,4,W4293093523
5040348286,2020,middle,False,6,W3098724294
5040360984,2021,middle,False,4,W3175501901
5040372929,2021,middle,False,7,W3161801106
5040377428,2021,last,False,4,W3213511628
5040381687,2020,middle,False,4,W2999481648
5040391223,2022,middle,False,5,W4328005907
5040398455,2021,last,False,3,W3176397918
5040404999,2021,middle,False,7,W4230419477
5040412734,2022,last,False,3,W4213449740
5040427115,2021,middle,False,7,W3152694464
5040465096,2022,middle,False,3,W4310609041
5040468715,2020,last,True,6,W3046053481
5040475616,2022,first,False,8,W4288048341
5040482568,2022,last,False,4,W4225928737
5040488307,2020,middle,False,4,W3045669112
5040501126,2022,last,True,6,W3096403953
5040508737,2019,last,False,3,W2970017738
5040538021,2022,last,True,6,W4287854564
5040552536,2021,first,False,5,W3156978600
5040553012,2022,last,False,3,W4310815371
5040562171,2020,middle,False,4,W3026111682
5040564747,2019,last,False,2,W2991149311
5040565656,2022,middle,False,4,W4385573208
5040574362,2022,last,False,9,W4312727366
5040576505,2021,middle,False,8,W3198361190
5040580626,2020,middle,False,4,W3099632249
5040581340,2022,middle,False,7,W4283771593
5040582750,2021,first,False,4,W3157905252
5040585772,2022,middle,False,5,W4321260681
5040595941,2020,middle,False,6,W3103038538
5040600416,2022,first,True,14,W4282936228
5040605861,2021,last,False,10,W3133566556
5040626471,2020,last,False,5,W3101560710
5040636710,2022,middle,False,4,W4214632820
5040640124,2020,first,False,3,W3021523115
5040651615,2021,middle,False,5,W3211771663
5040658701,2022,last,False,3,W3198335263
5040668817,2021,last,False,2,W3209879382
5040676689,2022,first,False,9,W3169575272
5040685796,2021,first,False,2,W3202867058
5040727386,2020,middle,False,3,W3096274078
5040735139,2021,middle,True,3,W3213426144
5040747504,2021,middle,False,24,W3196831814
5040753005,2020,middle,False,5,W3007652212
5040759280,2022,last,False,2,W4210643350
5040762162,2021,middle,False,6,W3213748123
5040778937,2021,last,False,5,W4205269010
5040786145,2021,first,False,2,W3170012708
5040790541,2022,middle,False,6,W4312301659
5040793194,2021,last,False,5,W3213593461
5040811098,2019,middle,False,5,W2972584841
5040817977,2021,first,False,8,W3173176143
5040820339,2021,middle,False,4,W3212651325
5040821130,2021,middle,False,6,W3209717315
5040821463,2022,last,False,6,W4224281327
5040824554,2020,middle,False,7,W3098495697
5040827471,2021,middle,False,6,W3170365511
5040841362,2020,middle,False,6,W3103488586
5040848839,2020,last,False,4,W3088999551
5040859657,2020,first,True,4,W3036931110
5040873360,2022,last,False,6,W4352981353
5040906638,2020,middle,False,6,W3025939866
5040927651,2022,middle,False,14,W4296886067
5040928241,2022,middle,False,15,W4214672816
5040946597,2020,first,True,8,W3109919947
5040962321,2021,first,False,3,W3163273505
5040962428,2022,last,False,2,W4312315944
5040984765,2022,middle,False,4,W4385574153
5040999162,2022,middle,False,9,W4284691245
5041005536,2022,middle,False,5,W4223451840
5041010671,2022,middle,False,5,W4292828275
5041024491,2019,last,False,2,W2970419734
5041037485,2022,middle,True,6,W4281263016
5041054091,2019,last,False,5,W2992016955
5041062417,2019,last,False,4,W2952250961
5041074726,2022,last,False,3,W4292787489
5041084431,2022,last,False,5,W4285490371
5041089475,2020,last,False,4,W3113888624
5041093991,2020,last,True,6,W3112809529
5041094652,2020,first,False,3,W3034209683
5041102462,2020,last,False,5,W3096091920
5041111343,2019,middle,False,4,W2973034686
5041146749,2020,middle,False,3,W3157160075
5041150133,2022,middle,False,5,W4285412936
5041152581,2021,middle,False,8,W3175096440
5041159779,2020,last,False,2,W3113473253
5041175377,2022,last,False,6,W4297243376
5041192765,2021,middle,False,5,W3156140152
5041204026,2022,middle,False,5,W4312822216
5041210883,2020,middle,False,5,W3096878731
5041217239,2022,first,False,3,W4306194503
5041217714,2022,middle,False,10,W4385574234
5041227178,2022,last,False,3,W4285172793
5041242363,2022,first,False,8,W4281875425
5041251183,2019,middle,False,3,W2970335496
5041253633,2020,middle,False,3,W3088577908
5041254552,2020,last,False,3,W3035250245
5041256504,2021,middle,False,5,W3176974620
5041262116,2021,middle,False,7,W3161997752
5041266343,2021,first,True,1,W3213012878
5041280931,2021,middle,False,5,W4206252036
5041301168,2021,middle,False,9,W3206020652
5041313589,2020,last,False,5,W3015723617
5041324718,2019,first,True,3,W2965215977
5041333761,2022,middle,False,5,W4287855073
5041347658,2021,middle,False,17,W4200213155
5041358046,2021,last,False,7,W3175136856
5041360677,2022,middle,False,24,W4286488966
5041370133,2022,middle,False,5,W4304755973
5041381652,2020,middle,False,9,W3104050923
5041383246,2021,last,False,3,W3152380984
5041397764,2022,last,False,2,W4309772935
5041405924,2022,middle,False,9,W4385572809
5041413561,2022,middle,False,7,W4281483006
5041417678,2022,last,False,3,W4294069266
5041434463,2022,last,False,6,W4315836526
5041459269,2021,last,True,5,W3159443578
5041471776,2022,last,False,2,W4293519117
5041492681,2022,middle,False,7,W4229029358
5041496505,2022,last,False,2,W4282541871
5041500742,2019,first,False,6,W2970450228
5041517596,2022,last,False,3,W4327774553
5041525280,2021,middle,False,7,W4214701208
5041540279,2020,middle,False,6,W3117737817
5041541957,2021,last,True,14,W4226373198
5041549191,2021,first,True,3,W3135108781
5041549596,2020,middle,False,5,W3015412890
5041549614,2019,last,False,2,W3027847103
5041554011,2022,middle,False,6,W4289550868
5041557267,2022,middle,False,8,W4285208881
5041560944,2019,middle,False,4,W2980120625
5041563693,2021,middle,False,8,W3204619801
5041567418,2020,middle,False,5,W3204880395
5041570778,2021,first,False,7,W3209492740
5041581408,2021,first,False,6,W3175423875
5041584595,2021,middle,False,4,W4229966936
5041585602,2022,middle,False,3,W3189812816
5041589060,2022,last,False,5,W4319978604
5041591669,2021,first,False,5,W3118560954
5041600302,2020,last,False,5,W3012772935
5041609304,2022,middle,False,6,W4295037386
5041610421,2021,first,False,5,W3174830053
5041611112,2022,middle,False,9,W4385300910
5041613681,2021,first,False,6,W3199694500
5041633622,2020,middle,False,6,W3068336208
5041634703,2021,last,False,2,W3203318778
5041658523,2021,middle,False,7,W3171429818
5041659067,2021,last,True,5,W3174692247
5041680508,2019,middle,False,3,W2988025470
5041681353,2021,middle,False,7,W3176378783
5041686355,2022,last,False,2,W4286587308
5041687115,2020,middle,False,6,W3047136615
5041689299,2022,middle,False,7,W4385572747
5041697380,2022,middle,False,4,W4301184669
5041729199,2019,middle,False,6,W2921890305
5041730641,2022,middle,False,8,W4311883742
5041736347,2022,middle,False,7,W4312036215
5041738370,2019,middle,False,4,W2993796412
5041739657,2022,middle,False,16,W4312799098
5041740157,2021,last,True,2,W3168765993
5041745766,2021,middle,False,3,W3176514068
5041760616,2021,first,False,6,W3207382565
5041773798,2021,middle,False,6,W3112391312
5041779935,2021,middle,False,10,W3156012351
5041789037,2021,middle,False,5,W3213593461
5041799104,2020,middle,False,4,W3080998698
5041863921,2019,middle,False,7,W2970868495
5041864892,2022,middle,False,4,W4213250879
5041891399,2022,last,True,4,W4221036154
5041903309,2021,middle,False,18,W3158665049
5041905573,2020,last,True,4,W3114239721
5041905983,2022,middle,True,6,W4291008710
5041907084,2020,middle,False,7,W3096032230
5041909892,2020,last,False,5,W3034295120
5041913317,2020,middle,False,12,W3037181498
5041921496,2021,middle,False,7,W3167926051
5041940889,2022,middle,False,5,W4313350185
5041947496,2022,middle,False,6,W4287854878
5041950239,2020,middle,False,6,W3115547597
5041961675,2022,middle,False,6,W4284689326
5041968877,2021,first,False,2,W3205442101
5041977578,2022,middle,False,9,W4385573003
5041981902,2022,middle,True,3,W4223417724
5041999037,2022,middle,False,7,W4283314790
5042007967,2022,first,False,12,W4302018437
5042018181,2019,middle,False,8,W2970723181
5042038501,2022,middle,False,10,W4312238419
5042049616,2021,first,False,5,W3155053993
5042050339,2022,middle,False,10,W4207068766
5042052657,2022,middle,False,4,W4285386982
5042061748,2019,first,False,5,W3081291520
5042066408,2021,middle,False,11,W3155584966
5042070839,2020,middle,False,10,W3101058639
5042070897,2021,last,False,2,W4285328196
5042075631,2021,middle,False,6,W3136888420
5042084472,2022,middle,False,10,W4293567576
5042104049,2021,last,False,2,W3208602306
5042115840,2022,middle,False,10,W4293046261
5042118893,2021,middle,False,5,W3166460933
5042123161,2022,last,False,3,W4311313865
5042126127,2021,middle,False,4,W3197396431
5042127858,2020,last,False,4,W3099647347
5042140271,2021,last,False,3,W3157526402
5042148105,2022,first,False,7,W4225249629
5042153692,2022,middle,True,3,W4306732251
5042157108,2020,last,False,2,W3115265864
5042159546,2020,middle,False,4,W3113600274
5042160240,2020,first,False,3,W3114981953
5042169309,2021,first,False,3,W3154685255
5042180922,2022,last,True,7,W4280596790
5042182745,2022,middle,False,5,W4312232303
5042183635,2021,middle,False,10,W3148898323
5042186503,2022,last,True,4,W4293103929
5042195263,2022,middle,False,4,W4210839873
5042203967,2021,last,False,2,W3198953397
5042210961,2021,middle,False,5,W4213217987
5042224699,2022,last,False,4,W4226520154
5042231008,2022,middle,False,6,W4312844731
5042241761,2020,middle,False,10,W3037991407
5042247568,2020,middle,False,4,W3023380319
5042251906,2020,middle,False,8,W3102009955
5042255975,2021,middle,False,8,W3204921648
5042262991,2020,middle,False,5,W3034302623
5042273299,2019,last,False,3,W2962948637
5042278809,2022,last,False,6,W4226151502
5042282214,2020,last,True,5,W3092634529
5042282783,2022,middle,False,4,W4313420283
5042283645,2022,middle,False,6,W4312097016
5042293459,2021,first,False,3,W3204903975
5042295346,2021,first,False,3,W3124640783
5042313787,2022,middle,False,5,W4313307622
5042319392,2021,middle,False,6,W3184784418
5042341977,2022,middle,True,3,W4283656590
5042342029,2021,middle,False,6,W3190457301
5042349846,2021,last,False,5,W3198845989
5042360234,2022,last,False,3,W4286304271
5042384129,2021,middle,False,6,W3170611326
5042384742,2020,last,False,5,W3101381894
5042406058,2019,middle,False,6,W2971016465
5042415027,2021,first,False,4,W3212546961
5042429991,2022,middle,False,5,W4281992726
5042436168,2022,last,False,5,W4312730918
5042509488,2022,middle,False,5,W4312384563
5042511971,2021,middle,False,4,W3129227114
5042520842,2022,middle,False,5,W4221167764
5042535938,2022,middle,False,8,W4297976341
5042573764,2021,middle,False,5,W4205417139
5042579178,2021,first,True,1,W3198379461
5042601761,2020,last,False,3,W3022636034
5042606235,2020,first,False,4,W3200117722
5042617322,2021,last,False,4,W3177014032
5042628102,2021,last,False,2,W3207312372
5042628612,2021,last,False,5,W3160303932
5042628946,2022,middle,False,4,W4313527090
5042646536,2021,last,False,5,W3176974620
5042646731,2021,last,False,9,W3163842642
5042659302,2020,middle,False,12,W3100307207
5042663603,2019,middle,False,5,W2991208183
5042680345,2022,middle,False,6,W4313176116
5042687758,2022,last,False,4,W4224937935
5042696510,2022,first,True,1,W4288765266
5042701383,2021,last,False,4,W3193120685
5042705320,2019,last,False,4,W2971845883
5042711470,2022,last,False,4,W4285227452
5042714718,2022,first,False,4,W4293646960
5042721210,2021,middle,False,8,W3185244911
5042722970,2020,last,False,4,W3095226752
5042738920,2020,middle,False,5,W3090831139
5042740648,2021,middle,False,3,W4205725534
5042746008,2021,last,False,6,W3209430997
5042746887,2021,first,False,7,W3184069441
5042749062,2020,first,False,5,W3034835156
5042755676,2019,first,False,3,W3164681783
5042760666,2021,middle,False,5,W3193963119
5042760897,2022,middle,False,11,W3198675127
5042770831,2022,first,False,2,W4312351765
5042771880,2021,middle,False,6,W3204887981
5042783680,2022,middle,False,7,W4221154041
5042788687,2021,last,False,4,W3171336461
5042788880,2020,last,False,4,W3005922161
5042790314,2020,middle,False,10,W3101058639
5042804171,2022,middle,True,5,W4308497888
5042805366,2021,middle,False,5,W3210390771
5042815282,2021,last,False,4,W4200322514
5042819803,2019,first,False,4,W2970780738
5042822346,2022,first,False,6,W4291476001
5042828824,2022,middle,False,6,W4311165836
5042844583,2020,first,False,5,W3043684480
5042849965,2021,middle,False,5,W3139333591
5042851076,2022,first,True,4,W4298091697
5042862432,2019,middle,False,4,W2972708930
5042869688,2022,middle,False,7,W4301184378
5042874172,2020,middle,False,3,W3037063616
5042912655,2020,last,False,3,W3120027560
5042913485,2021,middle,False,16,W3147637074
5042943987,2022,middle,False,5,W4283699647
5042954793,2020,middle,True,5,W2997244573
5042976999,2021,middle,False,3,W4226320266
5042977820,2020,middle,False,4,W3109320561
5042986645,2019,first,False,2,W3007961274
5042987444,2022,last,False,3,W4296984169
5042988713,2022,last,False,4,W4281554789
5043022387,2022,middle,False,7,W4285106403
5043023185,2020,first,False,3,W3086232317
5043042273,2021,first,False,3,W3169219518
5043043112,2021,last,False,2,W3200673119
5043045076,2019,middle,False,5,W2952437275
5043053835,2021,middle,False,5,W3174830053
5043054935,2021,first,False,10,W3189675328
5043055064,2021,first,False,3,W3217170394
5043065671,2022,middle,False,14,W4295761272
5043084615,2022,middle,False,7,W4280543959
5043086097,2020,middle,False,9,W3105741911
5043094101,2020,last,False,4,W3031844328
5043098653,2020,last,False,7,W3035490055
5043099974,2022,middle,False,8,W4294975626
5043114412,2022,middle,False,9,W4312066734
5043114890,2022,last,False,7,W4293518014
5043145803,2019,middle,False,6,W2971001654
5043147904,2022,last,False,4,W3205028211
5043150565,2020,last,False,2,W3037852036
5043151044,2019,middle,False,5,W2969282568
5043151499,2022,last,True,2,W4312690534
5043159673,2020,last,False,4,W3102229422
5043169810,2022,last,False,3,W4311059915
5043184820,2022,middle,False,8,W4297841899
5043189899,2022,middle,False,4,W4221154930
5043193778,2021,first,False,5,W3211624305
5043196180,2021,last,False,5,W3184107214
5043217999,2022,last,False,3,W4225739172
5043218860,2022,last,True,2,W4307363759
5043228682,2020,middle,False,5,W3034514149
5043236347,2021,middle,False,6,W3171789337
5043246042,2021,first,True,2,W3193706068
5043253462,2022,middle,True,6,W4291008710
5043256966,2020,middle,False,7,W2996854111
5043262011,2019,middle,False,5,W2970648896
5043271474,2021,middle,False,3,W4210609201
5043275971,2021,last,False,4,W3175563972
5043278211,2021,middle,False,3,W3157562165
5043281010,2020,last,False,6,W3110740243
5043289060,2019,first,False,15,W2970279348
5043293895,2021,first,False,2,W3198327836
5043305308,2021,middle,False,4,W3152757982
5043318906,2021,middle,False,10,W3202078810
5043327132,2021,middle,False,11,W3189205905
5043344688,2022,middle,False,8,W3174174431
5043344696,2021,last,False,2,W3177005832
5043346398,2022,middle,False,4,W4386160305
5043351738,2022,first,True,1,W3200370756
5043366259,2019,middle,False,7,W2970986510
5043386280,2021,last,False,4,W3175234951
5043387701,2022,middle,False,14,W4307582135
5043387812,2021,last,False,6,W3200597478
5043399363,2021,last,False,3,W3183024742
5043399804,2022,middle,False,12,W4210733793
5043400987,2022,last,False,2,W4281634230
5043402158,2020,middle,False,5,W3033346947
5043406907,2021,first,False,3,W3163940527
5043419128,2020,middle,False,6,W3015948701
5043422357,2022,middle,False,7,W3215180973
5043423948,2022,middle,False,6,W4211192082
5043424064,2020,last,False,4,W3096099419
5043447596,2021,first,True,1,W4205218323
5043450042,2020,middle,False,7,W3034238904
5043450560,2021,last,False,2,W3203313189
5043497448,2022,last,True,12,W4302018437
5043499130,2021,last,False,3,W3210311339
5043511500,2020,last,False,3,W3102267010
5043544803,2022,last,False,8,W4286368122
5043546718,2022,last,False,6,W4285490465
5043548798,2022,middle,False,3,W4301368746
5043549588,2022,middle,False,6,W4312636726
5043551083,2021,middle,False,5,W3204999449
5043555135,2020,middle,False,3,W3101717721
5043557085,2022,middle,False,9,W4287891012
5043565065,2020,middle,False,6,W3032732585
5043572903,2019,middle,False,8,W2989186566
5043581499,2021,middle,False,16,W3200545562
5043581759,2022,last,True,4,W4310641985
5043582622,2020,middle,False,11,W3040155247
5043582832,2021,last,False,7,W3204411660
5043588956,2020,middle,False,9,W3105741911
5043591658,2021,middle,False,4,W3135265359
5043596676,2021,last,False,4,W4200036606
5043596876,2022,middle,False,4,W4213325746
5043628255,2019,middle,False,4,W2971236147
5043642303,2021,middle,False,4,W4206904890
5043647130,2020,middle,False,4,W3092622998
5043703962,2020,middle,False,8,W3083741021
5043704066,2022,first,False,3,W4280643589
5043707940,2022,middle,False,4,W4285059485
5043717512,2021,first,False,6,W3129318751
5043724603,2020,middle,True,3,W3114968871
5043729465,2020,middle,True,6,W3114214015
5043735770,2021,middle,False,8,W3173706378
5043754049,2021,middle,False,8,W3206213635
5043769131,2022,middle,False,4,W4312358089
5043771897,2022,last,True,4,W4210371902
5043789811,2022,middle,False,11,W4214915423
5043790437,2020,middle,False,6,W3113681927
5043794259,2022,middle,False,4,W4293921392
5043797655,2022,middle,False,5,W4313164946
5043808311,2022,last,True,2,W4225687252
5043821806,2021,last,False,6,W3159907162
5043837811,2022,last,False,2,W4282831897
5043842349,2019,middle,False,4,W2952208079
5043845890,2019,first,False,3,W2985092403
5043852181,2020,last,False,4,W3104374740
5043855577,2022,middle,True,3,W4303857107
5043868810,2021,middle,False,7,W3135847816
5043872671,2020,first,True,1,W3016163932
5043874320,2021,middle,False,17,W3139150463
5043876776,2020,last,False,6,W2999363952
5043885374,2021,last,False,3,W3178978045
5043893150,2020,middle,False,5,W3035736543
5043893479,2020,last,False,3,W3110745232
5043895185,2022,last,False,3,W4205201623
5043898632,2021,last,False,8,W3127165192
5043904334,2020,middle,False,13,W3105763789
5043910718,2020,last,True,4,W3103089229
5043917711,2020,middle,False,7,W3105935311
5043919763,2022,middle,False,4,W4385573677
5043920881,2021,middle,False,5,W4226337077
5043925652,2021,middle,False,10,W3166417463
5043932631,2022,middle,True,4,W4293345163
5043935709,2022,middle,False,7,W4285298235
5043937066,2021,last,False,3,W3174027203
5043942607,2022,middle,False,7,W4313525438
5043962698,2021,last,False,8,W3210939518
5043981758,2021,middle,False,5,W4205586222
5043992438,2022,middle,False,14,W4282936228
5043995171,2022,last,False,4,W4205949567
5044005828,2021,last,False,3,W3217655261
5044008055,2021,middle,False,11,W3207558756
5044010038,2021,middle,False,10,W3188426584
5044010123,2020,last,False,4,W3096109555
5044011121,2022,last,False,5,W4287854684
5044015235,2021,middle,False,7,W3198331626
5044019139,2020,middle,False,5,W3033777149
5044027671,2022,middle,False,6,W4321512646
5044042138,2019,middle,False,3,W2909205211
5044045771,2020,middle,False,6,W3089551829
5044059712,2022,middle,False,4,W4385574153
5044068445,2020,last,False,2,W3099373197
5044072805,2021,first,True,5,W3113096756
5044076701,2020,middle,False,7,W3103996868
5044080887,2021,last,False,3,W3196336622
5044087584,2021,first,False,10,W3205032592
5044091605,2022,middle,False,8,W4311883742
5044103045,2019,middle,False,8,W2989186566
5044105054,2022,middle,False,8,W4312311432
5044120374,2021,middle,False,4,W3172314450
5044130443,2021,last,False,5,W3170644058
5044140139,2020,middle,True,3,W3117204308
5044145790,2022,last,False,3,W4313136637
5044152577,2021,middle,False,6,W3190941125
5044152755,2021,middle,False,4,W3141283115
5044165871,2019,last,False,6,W2945808722
5044171260,2022,middle,False,9,W4295473018
5044171766,2020,last,True,3,W3034690087
5044172378,2021,middle,False,6,W3040646053
5044183257,2022,last,False,5,W4285200511
5044188038,2022,middle,False,10,W4295007549
5044194506,2020,middle,False,8,W3098608326
5044196762,2021,last,False,5,W3194633557
5044205212,2020,last,False,4,W2997416967
5044205949,2021,last,False,6,W4205961906
5044228307,2019,middle,False,5,W2995969695
5044238570,2022,first,True,5,W4296993167
5044238657,2022,middle,True,7,W4312450628
5044245720,2021,last,False,4,W3121217868
5044246017,2020,middle,False,7,W3108592865
5044267273,2020,middle,False,5,W3035052826
5044278476,2022,middle,False,7,W4312624272
5044309467,2022,middle,False,5,W4293691200
5044309490,2020,first,False,2,W2997597456
5044316680,2022,middle,False,6,W4308087279
5044326908,2020,middle,False,6,W3034457116
5044332158,2021,middle,False,4,W3206646774
5044334000,2022,last,False,4,W4360765180
5044338780,2021,last,False,2,W4200223686
5044354168,2021,middle,False,4,W3196854172
5044361097,2022,middle,False,7,W4285241608
5044361827,2022,middle,False,4,W4285102408
5044361882,2021,middle,False,5,W3212618200
5044363105,2020,last,False,5,W3114632476
5044369720,2022,last,False,5,W4287854901
5044388337,2022,middle,False,7,W4224950634
5044390999,2022,last,True,2,W4285171808
5044423542,2021,last,False,2,W3166251089
5044439388,2022,middle,False,6,W4319586248
5044445327,2022,middle,False,7,W4280597403
5044448641,2021,last,False,2,W3208191409
5044462851,2021,last,False,2,W4205717708
5044468031,2022,middle,False,5,W4312035739
5044470498,2022,first,False,9,W4385300910
5044470818,2022,middle,False,5,W4313531568
5044472136,2022,last,False,4,W4281665783
5044479288,2022,middle,True,3,W4220933909
5044490167,2021,last,False,3,W3161569725
5044492187,2022,middle,False,4,W4307949685
5044493248,2022,middle,False,5,W4225315617
5044504085,2021,first,False,6,W3197880231
5044514062,2022,last,False,4,W4283791551
5044523801,2022,last,False,2,W4287887791
5044528555,2020,middle,False,6,W3130644246
5044531271,2022,middle,False,14,W4385574262
5044539871,2021,last,False,3,W3154836396
5044541656,2019,middle,False,4,W2987432247
5044545913,2022,first,False,7,W4296808098
5044551702,2022,middle,False,4,W4296005155
5044554092,2022,middle,False,5,W4312724610
5044556342,2020,last,False,4,W3102613059
5044574026,2022,first,False,9,W4303614118
5044578719,2022,middle,False,11,W4293042040
5044582139,2022,last,False,5,W4292829026
5044587037,2021,middle,False,10,W3087028093
5044593698,2019,last,False,10,W2979040987
5044617871,2022,middle,False,4,W4294622174
5044634366,2021,last,False,6,W3107617916
5044635661,2022,middle,False,6,W4385574389
5044646009,2019,middle,False,8,W2954696369
5044652655,2020,last,False,3,W3103161083
5044665993,2019,last,False,3,W2954278700
5044671587,2020,first,False,3,W3102632267
5044690353,2022,last,False,2,W4352981350
5044706756,2021,last,False,7,W4245688094
5044707901,2022,middle,False,7,W4281697264
5044722424,2021,first,False,2,W3116514754
5044722808,2021,last,False,4,W4206478453
5044726738,2020,first,False,3,W3115328016
5044729983,2021,last,True,2,W3152735608
5044730926,2022,middle,False,6,W4310858572
5044733681,2021,last,False,5,W4200610225
5044736875,2022,middle,False,7,W4221159394
5044740209,2020,first,False,3,W3091163231
5044761050,2021,middle,False,25,W3204256746
5044783735,2022,middle,False,4,W4385821073
5044796832,2022,first,True,2,W4283784214
5044809779,2021,middle,False,3,W3209855825
5044811454,2022,last,False,4,W4316021527
5044826967,2022,first,False,6,W4312814531
5044839127,2022,first,False,4,W4297816431
5044849571,2020,last,False,6,W3119349118
5044864128,2020,middle,False,4,W3115157649
5044867921,2022,middle,True,3,W4283008789
5044873595,2021,last,False,5,W3139427994
5044883724,2022,last,False,3,W4318148003
5044900523,2022,middle,False,3,W4281611690
5044901389,2020,middle,True,9,W3024368629
5044909096,2022,middle,False,7,W3138781819
5044913349,2022,last,False,15,W4214672816
5044915371,2021,last,False,3,W4210615591
5044924773,2022,middle,False,6,W4312824590
5044933320,2021,middle,False,4,W3210396964
5044937811,2022,middle,False,3,W4313389698
5044944954,2019,last,True,2,W2972697496
5044948242,2019,middle,False,6,W2953612029
5044978076,2022,middle,False,7,W4312354469
5044978994,2021,last,False,4,W3182910454
5044985062,2022,last,True,6,W4214873408
5045014005,2020,last,False,4,W3115499439
5045032131,2022,middle,False,4,W4229450800
5045037642,2020,last,False,4,W3103163889
5045046523,2020,last,False,3,W3118297076
5045050802,2019,middle,False,4,W2898856000
5045056508,2022,middle,False,5,W4328028684
5045070609,2022,last,True,2,W4280512914
5045072485,2022,middle,False,4,W4214672926
5045077843,2020,middle,False,3,W3102659883
5045081547,2022,last,False,4,W4220939442
5045093520,2021,last,False,9,W3129056955
5045115593,2022,middle,False,7,W3215443952
5045131332,2019,middle,False,7,W2962829230
5045137998,2022,middle,False,5,W4385573941
5045140292,2021,middle,False,8,W3176641036
5045145869,2021,first,True,7,W3217463528
5045150017,2022,middle,False,4,W4316660814
5045151799,2022,middle,False,6,W4220769461
5045155778,2022,middle,False,3,W4225426739
5045171298,2021,middle,False,8,W3209024753
5045181340,2020,first,False,6,W3083624379
5045183950,2021,middle,False,5,W4200493849
5045191533,2021,first,False,3,W4294969216
5045193225,2022,first,False,3,W4223646432
5045197874,2022,middle,False,12,W4291652457
5045206246,2022,last,False,2,W4360767581
5045212721,2020,middle,False,6,W3028947997
5045219170,2022,middle,True,6,W4293280689
5045222033,2022,first,False,14,W4306353220
5045238792,2019,middle,False,6,W2921890305
5045252829,2021,first,False,4,W3165022283
5045265992,2022,middle,False,3,W4316012698
5045269326,2021,middle,False,24,W3196831814
5045272072,2020,first,False,4,W3031844328
5045275291,2022,middle,False,8,W4226479820
5045276742,2020,middle,False,5,W3115153860
5045283763,2022,middle,False,3,W4283720661
5045303713,2021,last,False,2,W3125096101
5045317776,2022,middle,False,10,W4285287081
5045326101,2019,last,False,5,W2970872015
5045351057,2022,middle,False,8,W4307561376
5045353484,2022,last,False,6,W4285820921
5045357216,2022,middle,False,4,W4281619578
5045361791,2022,middle,False,5,W4313116672
5045362859,2022,middle,False,8,W4385572851
5045380530,2022,middle,False,5,W4285246187
5045389968,2021,middle,False,6,W3202729335
5045397517,2020,first,False,2,W3100489130
5045402928,2019,first,False,11,W2972437240
5045411027,2020,middle,False,24,W3102483398
5045420836,2021,middle,False,6,W3179633195
5045425016,2019,middle,False,7,W2970716846
5045426580,2021,middle,False,7,W3198333480
5045427115,2022,first,False,5,W4293106316
5045434740,2021,middle,False,4,W3177239031
5045436171,2022,first,True,1,W4280547707
5045442778,2021,middle,False,3,W3214099851
5045464812,2021,middle,False,7,W4200227931
5045468770,2022,last,False,7,W4287578560
5045470122,2019,first,False,4,W2980120625
5045508648,2021,last,True,2,W3207133764
5045511267,2021,middle,False,25,W3092136498
5045516914,2021,first,True,1,W3181215242
5045521125,2021,last,False,3,W3175661117
5045523675,2019,middle,False,6,W2953039584
5045539248,2021,last,False,5,W3161143478
5045539382,2020,first,False,6,W3104442086
5045547356,2022,middle,False,7,W4295928017
5045547813,2019,last,False,4,W2998298207
5045549996,2019,middle,False,3,W4363610999
5045559280,2020,last,False,6,W3117737817
5045560127,2022,last,False,2,W4385573350
5045560172,2022,middle,False,4,W4285270385
5045564983,2019,first,False,8,W2972664115
5045594421,2020,middle,False,3,W3115808866
5045597458,2022,middle,False,5,W4292941885
5045601387,2020,last,True,3,W3091163231
5045619924,2022,last,False,6,W4296069131
5045630744,2022,middle,False,14,W4298147678
5045638679,2022,middle,False,5,W4210756135
5045639716,2022,middle,False,7,W4221159406
5045640988,2022,middle,False,4,W4385574091
5045644147,2022,middle,False,8,W4224926216
5045662694,2022,first,False,3,W4224932952
5045672909,2019,middle,False,3,W2998907024
5045674062,2021,last,False,5,W3161051151
5045675134,2020,last,False,3,W3022955783
5045681846,2022,middle,False,10,W4283651323
5045693138,2020,last,False,8,W3083741021
5045712737,2022,middle,False,8,W4311053839
5045719865,2022,middle,False,9,W3169575272
5045729519,2020,middle,False,6,W2995628494
5045731304,2021,last,False,5,W3176047499
5045734839,2022,first,False,8,W4295934575
5045749444,2021,last,True,4,W3195976550
5045750357,2022,first,False,8,W4285176735
5045765846,2021,middle,False,14,W4226373198
5045794652,2022,middle,False,5,W4285490371
5045799873,2021,middle,False,4,W3184239491
5045807606,2019,middle,False,6,W2971001654
5045812582,2021,middle,False,4,W3004674976
5045821487,2021,last,False,3,W3134087023
5045828406,2021,middle,False,4,W3152019416
5045839835,2021,middle,False,3,W3160534942
5045841939,2021,last,False,8,W3198653233
5045861786,2021,last,False,23,W3190761184
5045863929,2021,middle,False,7,W3209950363
5045866167,2020,last,True,4,W3088624469
5045866597,2022,last,False,4,W4285288531
5045875579,2019,last,False,2,W2953694854
5045885096,2022,last,False,3,W4225383331
5045889204,2021,middle,False,5,W3153386185
5045892503,2019,middle,False,7,W2984270004
5045911649,2021,first,False,4,W3173956800
5045919942,2022,middle,False,13,W4310239597
5045926156,2022,middle,False,5,W4309532053
5045938154,2021,middle,False,6,W4206742848
5045940041,2020,last,False,6,W3036571954
5045951427,2022,middle,False,6,W4313531423
5045955292,2022,middle,False,10,W4225835448
5045967404,2021,last,False,2,W3216269637
5045973874,2022,middle,False,8,W4281790896
5045977578,2022,middle,False,6,W4311165836
5045978751,2022,middle,False,8,W4296989354
5045991464,2021,middle,False,6,W3200780444
5045996251,2021,middle,False,3,W3200344301
5045998635,2022,middle,False,8,W4283316516
5046006076,2019,middle,False,5,W2963453233
5046006331,2022,first,False,7,W4226350219
5046020427,2021,middle,False,5,W4200077176
5046020736,2020,last,False,3,W3136915866
5046024857,2021,middle,False,3,W3169969412
5046028029,2022,middle,False,7,W4291208771
5046030036,2022,last,False,3,W4287854457
5046054684,2021,middle,False,6,W3216582288
5046054771,2021,last,False,3,W3199365283
5046056113,2020,last,False,2,W3080616211
5046057045,2022,last,False,3,W4362650921
5046059018,2020,middle,False,5,W3015786698
5046077725,2022,first,False,4,W4309224269
5046084081,2020,middle,False,3,W3090471441
5046089538,2022,middle,False,5,W4229451461
5046102901,2020,middle,False,24,W3102483398
5046112262,2021,first,False,5,W3198923619
5046114805,2021,middle,False,7,W4205176794
5046126345,2020,last,True,2,W3101637242
5046139669,2022,middle,False,6,W4226497331
5046141922,2022,last,False,5,W4309103398
5046145551,2021,middle,False,4,W3201662444
5046184004,2019,last,False,4,W2985808369
5046185297,2020,middle,False,7,W3115632781
5046195860,2022,middle,False,8,W4225881819
5046196738,2020,first,False,3,W2998448492
5046202286,2021,middle,False,4,W3172352865
5046206616,2021,last,False,7,W4200580899
5046214073,2022,middle,False,6,W3199332348
5046228314,2021,middle,False,7,W4205131770
5046235098,2021,middle,False,8,W3213241618
5046253004,2021,middle,False,5,W3153386185
5046258663,2022,middle,False,19,W4221066460
5046263397,2020,middle,False,4,W3005576497
5046279251,2020,middle,False,6,W3045965787
5046287489,2022,last,True,4,W4285392187
5046289706,2022,first,False,4,W4287854421
5046294680,2021,middle,False,4,W4226225515
5046295159,2019,first,False,4,W2990098892
5046303624,2022,middle,False,4,W4214929413
5046305086,2020,last,False,6,W3034623328
5046306415,2022,last,False,2,W4297841888
5046309576,2021,last,False,9,W3137401156
5046321852,2022,middle,False,3,W4307886645
5046327692,2022,middle,False,4,W3201869313
5046333998,2021,middle,False,4,W3133837760
5046335655,2021,first,False,5,W4200083042
5046336702,2021,middle,False,5,W3165244476
5046339814,2022,middle,False,4,W4313457022
5046349685,2020,middle,False,3,W3042134271
5046352976,2021,middle,False,10,W3166417463
5046358579,2022,first,False,2,W4296885422
5046360661,2021,last,False,4,W3119017286
5046370637,2021,middle,False,4,W3174556629
5046372765,2020,middle,True,6,W3036571954
5046396291,2022,last,False,4,W4308234120
5046402109,2019,middle,False,11,W2986193249
5046411806,2021,last,False,2,W4205988081
5046412520,2022,first,False,2,W4292263523
5046414549,2020,last,False,3,W3126730080
5046418712,2021,first,False,3,W4285335404
5046420137,2021,first,False,3,W3186376438
5046428118,2022,middle,False,10,W4285241172
5046434990,2020,last,False,8,W3042320389
5046462940,2021,last,False,3,W3199807247
5046465785,2022,first,False,5,W4312496593
5046468326,2022,last,False,5,W4285264484
5046508099,2021,middle,False,5,W3217229075
5046513206,2022,middle,True,3,W4309828692
5046515259,2019,last,False,5,W2970482702
5046519793,2020,first,False,6,W3129048826
5046520540,2021,last,False,2,W3175095087
5046521217,2019,middle,False,5,W2994071599
5046536366,2022,middle,False,3,W4385573561
5046538842,2022,middle,False,4,W4292348010
5046542764,2019,first,False,5,W2970744242
5046543349,2022,middle,False,8,W4302009313
5046546502,2021,first,False,2,W3197797812
5046565174,2021,first,False,4,W3212275514
5046567908,2021,last,False,7,W4205350698
5046569780,2022,middle,False,3,W4319585978
5046575888,2022,first,False,2,W4285600178
5046576694,2019,middle,False,5,W2985115890
5046589466,2022,middle,False,7,W4385572797
5046596536,2021,last,False,8,W3175567752
5046600276,2020,middle,False,7,W3035365026
5046605531,2022,middle,False,4,W4226334005
5046622313,2022,last,False,3,W4309224965
5046628656,2022,last,False,2,W4318185178
5046630253,2022,last,False,3,W4298128075
5046638272,2019,last,False,7,W2951221758
5046655683,2020,first,False,4,W3033836059
5046658556,2022,middle,False,4,W4328028632
5046683090,2021,last,False,4,W3174556629
5046687517,2020,last,False,2,W3048985721
5046691048,2022,middle,False,6,W4283171569
5046702590,2022,last,False,2,W4317600305
5046709245,2020,middle,False,3,W3092930902
5046714396,2021,middle,False,5,W3212246833
5046718849,2020,middle,False,4,W3113888624
5046719515,2021,middle,False,6,W4206757623
5046722857,2021,middle,False,9,W3187248639
5046723532,2022,middle,False,3,W4293212040
5046724251,2021,middle,False,3,W3161697668
5046725740,2021,last,False,4,W3179264460
5046727085,2022,last,False,3,W4378191739
5046727597,2022,middle,False,7,W4225249629
5046734013,2022,middle,False,5,W4210756135
5046744673,2022,middle,False,6,W4225642295
5046755750,2019,middle,False,7,W2970868495
5046756404,2020,middle,False,4,W3127101088
5046764593,2019,last,False,2,W2913352150
5046766323,2021,middle,False,8,W3197771105
5046770326,2022,middle,False,7,W4285158365
5046771199,2019,first,False,4,W2954217959
5046775344,2020,last,False,8,W3092453057
5046810768,2022,middle,False,6,W4312301659
5046825099,2021,last,False,2,W3202698243
5046829204,2022,last,False,2,W4385574367
5046831600,2022,last,False,3,W4223646432
5046848347,2022,middle,False,5,W4308885736
5046871248,2020,middle,False,3,W3090337440
5046877330,2022,middle,False,4,W4308080199
5046878057,2022,first,False,4,W4385573591
5046879461,2020,last,False,8,W3103786884
5046882938,2021,first,False,5,W4206297296
5046889562,2020,first,False,3,W3092093993
5046895021,2021,last,False,5,W3201427974
5046903577,2021,middle,False,5,W3170858065
5046908604,2019,last,False,2,W2999469879
5046915242,2021,last,False,5,W3183528680
5046915601,2022,last,False,2,W4281761463
5046924740,2020,last,False,6,W3005712312
5046926620,2021,last,False,2,W4230173474
5046929741,2022,middle,False,5,W4313116672
5046932726,2022,middle,False,10,W4289823470
5046952331,2022,middle,False,4,W4224315310
5046956677,2021,last,False,5,W3216272898
5046963922,2021,first,False,2,W3216172711
5046964215,2022,middle,False,4,W4385573982
5046964566,2020,first,False,3,W3114314873
5046971342,2022,last,False,5,W4312720308
5046983053,2021,last,False,6,W3213748123
5046985719,2022,first,True,4,W4296118359
5047002517,2022,last,False,2,W4311284751
5047003405,2022,middle,False,5,W4308876860
5047012566,2022,last,True,4,W4224325745
5047026141,2020,last,False,5,W2996403597
5047026330,2020,middle,False,3,W3126895599
5047038293,2020,middle,False,4,W3105214104
5047060039,2022,middle,True,8,W3201849546
5047062065,2022,middle,False,6,W4385572894
5047065550,2020,last,False,2,W3114238235
5047073879,2021,last,False,2,W3163550325
5047074710,2021,last,False,6,W3153723500
5047095194,2022,middle,False,12,W4226314850
5047100090,2022,middle,False,4,W4307716637
5047118262,2022,middle,False,7,W4389009536
5047125486,2019,last,False,3,W3007587970
5047143573,2022,middle,False,4,W4304208056
5047151336,2020,last,False,6,W3034624105
5047151593,2021,middle,False,4,W3163109966
5047153705,2022,middle,False,5,W4385572826
5047161149,2022,last,False,2,W4285309810
5047182137,2020,last,False,4,W3114526288
5047189288,2021,middle,True,5,W3046357466
5047191913,2022,middle,False,15,W4214672816
5047191996,2022,last,False,4,W4307444957
5047196881,2022,last,False,5,W4285065830
5047203435,2021,middle,False,8,W3206213635
5047209013,2020,first,True,1,W3025492686
5047215778,2020,last,False,3,W2997189170
5047220188,2022,middle,False,7,W4285600988
5047225060,2022,middle,False,6,W4385300730
5047233371,2020,middle,False,7,W2994689640
5047243097,2021,middle,False,19,W3188562849
5047249362,2019,middle,False,5,W2972829713
5047270546,2021,last,False,5,W3170450419
5047276842,2022,last,False,3,W4206962558
5047285420,2021,last,False,5,W3160851104
5047286157,2022,last,False,3,W4385573834
5047303700,2020,middle,False,7,W3034257506
5047331390,2022,last,False,14,W4282587058
5047333523,2022,middle,False,9,W4281772885
5047334112,2021,last,False,6,W4206377169
5047337772,2022,last,False,3,W4385574037
5047338111,2022,middle,False,7,W4224306453
5047339175,2019,middle,False,7,W2972710875
5047339569,2022,last,False,4,W4281922639
5047344016,2022,middle,False,3,W4385573834
5047344828,2022,middle,False,5,W4309229667
5047350282,2021,first,False,3,W3175486755
5047351656,2020,middle,False,9,W3115081393
5047352800,2021,middle,False,7,W3158816579
5047353872,2019,middle,False,6,W3008363190
5047380782,2020,first,True,5,W3114632476
5047382001,2020,last,False,3,W3034341146
5047390057,2020,middle,False,17,W3212171041
5047392065,2022,last,True,4,W4224294297
5047419128,2019,middle,False,4,W2883891001
5047459446,2022,middle,False,4,W4206516789
5047496283,2022,last,False,4,W4289878414
5047496977,2019,middle,False,5,W2970449539
5047502032,2021,last,False,3,W4226280862
5047509839,2022,last,False,10,W4385573293
5047516173,2022,first,False,7,W4211173354
5047517734,2022,middle,False,3,W4312552362
5047522653,2022,middle,False,5,W4212781518
5047523245,2022,last,False,5,W4328027965
5047527321,2022,first,True,1,W4285065336
5047548171,2022,middle,False,11,W4385574184
5047553416,2021,first,False,5,W4230908641
5047567293,2022,last,False,2,W4297685746
5047568486,2019,middle,False,3,W2970890847
5047574411,2022,middle,False,6,W4206722835
5047604891,2022,middle,False,4,W4297094598
5047609717,2022,last,True,9,W4303614118
5047655591,2020,first,True,9,W3024368629
5047668953,2019,first,False,5,W2970395847
5047672519,2022,middle,False,8,W4281768282
5047678040,2019,first,False,3,W2952594430
5047681321,2020,last,False,7,W3115789797
5047692460,2022,middle,False,5,W4361732502
5047699502,2019,last,False,3,W2945329331
5047699861,2019,last,False,2,W2971277088
5047702220,2021,last,True,3,W3135835076
5047709762,2020,middle,False,4,W3106255016
5047713722,2021,middle,False,3,W3197115256
5047718767,2021,first,False,2,W3166251089
5047724561,2021,last,False,3,W3211022409
5047748210,2022,first,False,4,W4285288531
5047753580,2020,middle,False,4,W3029432124
5047754874,2021,middle,False,3,W3126217745
5047764929,2021,middle,False,18,W3176929804
5047767877,2021,first,False,2,W3197007059
5047796614,2022,first,False,3,W4221002850
5047797750,2019,last,False,3,W2981310398
5047799350,2022,middle,True,5,W4294238315
5047811387,2020,last,False,2,W3021007069
5047817959,2019,last,False,4,W2915128308
5047823141,2019,middle,False,4,W3007345183
5047827615,2022,middle,False,5,W4287887637
5047829659,2022,middle,False,7,W4385574297
5047839861,2022,last,False,5,W4312605301
5047843932,2022,middle,False,5,W4385573427
5047846625,2021,middle,False,3,W3160481349
5047846736,2022,first,False,5,W4363621000
5047851681,2019,middle,False,17,W2970731908
5047856952,2021,middle,False,7,W3176824248
5047866496,2022,last,False,3,W4385573904
5047872382,2022,middle,False,4,W4229036562
5047884631,2022,middle,False,9,W4385573111
5047891322,2022,middle,False,5,W4287887983
5047897879,2022,middle,False,4,W4283700060
5047906923,2021,middle,False,4,W3201417714
5047912015,2019,middle,False,10,W2996005046
5047916298,2022,middle,False,10,W4385573170
5047918826,2020,middle,False,3,W3089993058
5047938200,2020,last,False,2,W3136755792
5047945749,2021,last,False,7,W4205443564
5047951827,2020,last,False,3,W3114248697
5047954457,2021,last,False,2,W4253698275
5047959067,2022,last,False,4,W4288809625
5047970122,2020,middle,True,5,W3035807844
5047970310,2022,middle,False,5,W4312758384
5047981471,2021,last,False,2,W4210695919
5047982391,2022,middle,True,4,W4229036562
5047988079,2022,last,False,6,W4287854666
5048022062,2022,middle,False,4,W4319779707
5048037443,2022,last,True,3,W4312641537
5048053757,2020,first,False,8,W3109125565
5048064590,2022,middle,False,9,W4229455170
5048067770,2021,middle,False,5,W3173306993
5048072689,2019,last,False,2,W3008362792
5048076896,2021,last,False,3,W4207072427
5048078824,2021,last,False,2,W4206500545
5048085986,2021,middle,False,3,W3201444627
5048087523,2021,middle,False,10,W3156012351
5048091527,2020,middle,False,5,W3033030519
5048111120,2020,last,False,2,W3041387857
5048118068,2022,middle,False,9,W4284681867
5048119697,2022,middle,False,7,W4295442860
5048121583,2020,middle,True,9,W3024368629
5048128949,2021,first,False,3,W3157513057
5048153097,2022,middle,False,5,W4287887355
5048176207,2019,middle,False,3,W3015963989
5048176514,2022,middle,False,5,W4361732478
5048191509,2021,middle,False,5,W4226249897
5048205934,2022,middle,False,6,W4317418517
5048218964,2021,last,False,2,W3197380479
5048219277,2022,first,False,5,W4280524478
5048230428,2022,first,True,1,W4309672151
5048236120,2022,middle,False,25,W4225307083
5048245051,2020,middle,False,3,W3037093597
5048274839,2022,middle,True,10,W4207068766
5048279197,2022,last,False,7,W4311780066
5048281388,2020,middle,False,10,W3105522431
5048283341,2022,last,False,2,W4224933753
5048294374,2021,first,False,15,W3199246256
5048297544,2020,middle,False,3,W3116191565
5048297682,2021,first,False,4,W3153498076
5048302740,2022,middle,False,19,W4296068815
5048326379,2021,middle,False,16,W3173295223
5048332811,2022,middle,False,5,W4377940283
5048340011,2022,middle,False,5,W4221152838
5048350041,2021,middle,False,8,W3208306314
5048354076,2022,middle,False,3,W4312894027
5048386675,2022,middle,False,7,W4280597403
5048408884,2020,middle,False,5,W3117359318
5048411695,2021,middle,False,5,W3198952405
5048421777,2021,middle,False,5,W4205091083
5048422925,2021,first,False,3,W3210206767
5048423638,2022,middle,False,6,W4225377340
5048424819,2022,middle,False,7,W4385574090
5048442728,2021,last,False,4,W3118423825
5048454242,2022,last,False,2,W4312592048
5048457154,2020,middle,False,5,W3086941321
5048480810,2022,middle,False,8,W4297841899
5048484794,2022,middle,False,10,W4289533847
5048486573,2021,middle,False,4,W3201060198
5048489384,2020,last,False,5,W3102773004
5048492871,2022,last,False,2,W4352982571
5048495064,2020,middle,False,7,W3091744429
5048495248,2020,middle,False,4,W3165613699
5048500970,2020,first,False,6,W3100186284
5048517246,2020,last,False,3,W3113923032
5048517713,2020,middle,False,4,W3127411548
5048546200,2022,middle,False,7,W4211026163
5048549686,2022,middle,True,3,W4385573398
5048579153,2022,middle,False,22,W4286512643
5048580746,2022,middle,False,6,W4214873408
5048582309,2022,middle,False,14,W4283790004
5048582530,2020,first,False,4,W3115499439
5048583478,2020,last,False,2,W3013149106
5048602952,2020,first,False,2,W3178802061
5048603612,2022,middle,False,6,W4313525558
5048619460,2022,middle,False,4,W4318187618
5048648742,2020,first,False,4,W3032232719
5048659336,2020,middle,False,4,W2999215229
5048668303,2021,middle,False,5,W3176292403
5048669373,2021,middle,False,7,W3189967866
5048675276,2021,first,False,6,W3201942032
5048682514,2021,middle,True,3,W4230481564
5048688198,2022,last,False,5,W4225293699
5048697784,2022,last,False,14,W4298147678
5048704330,2020,middle,False,5,W3173226725
5048715750,2022,middle,False,7,W4280642773
5048716026,2021,middle,False,11,W3212947338
5048749901,2019,middle,False,4,W2982054702
5048751530,2022,last,False,5,W4213227026
5048756500,2022,middle,False,9,W3216323698
5048784346,2022,middle,False,10,W4293163051
5048791149,2022,last,False,6,W4320024028
5048806623,2020,middle,False,4,W3033904515
5048815532,2022,middle,False,4,W4385572887
5048818071,2022,middle,False,4,W4292828074
5048818669,2021,last,False,3,W4206151756
5048827304,2021,last,False,3,W4206702217
5048855340,2021,middle,False,7,W3154346839
5048860892,2021,last,False,5,W3206387123
5048864545,2019,last,False,3,W3164681783
5048866233,2022,middle,False,6,W4311018845
5048867017,2022,middle,False,14,W4298147678
5048867459,2019,last,False,4,W2949231165
5048910634,2021,middle,False,3,W3163044982
5048910943,2019,last,False,7,W2972710875
5048915657,2021,middle,False,4,W3129666340
5048931132,2022,last,False,6,W4366308287
5048931285,2021,middle,False,5,W4200406912
5048931310,2019,middle,False,7,W2987249037
5048932608,2020,first,False,3,W3037988398
5048937508,2021,first,False,3,W3215265678
5048955398,2019,last,False,4,W2970307457
5048958429,2022,middle,True,6,W4291008710
5048965456,2021,middle,False,4,W3128539297
5048973187,2022,middle,False,3,W4296692050
5048976333,2022,last,True,5,W4307568690
5048981351,2022,middle,False,6,W4312339891
5048982944,2022,middle,False,7,W4223906719
5048987624,2022,middle,True,3,W4308455113
5049016095,2022,middle,False,18,W4289523162
5049016575,2019,middle,False,7,W2970794693
5049024305,2022,middle,False,6,W4286701684
5049026751,2022,middle,False,3,W4385572932
5049042452,2022,last,False,2,W4312877554
5049044181,2021,middle,False,6,W3210221975
5049049502,2022,middle,False,5,W4283801025
5049055278,2022,middle,False,5,W4287686053
5049058088,2020,middle,False,4,W4234325645
5049064405,2019,first,False,5,W2963453233
5049065962,2020,middle,False,9,W3105741911
5049073875,2020,middle,False,6,W3100501376
5049093067,2021,middle,False,7,W3177353800
5049095056,2022,last,False,5,W3201628275
5049109106,2020,middle,False,7,W3089691460
5049122739,2022,last,False,4,W3199901511
5049123454,2022,middle,False,5,W4311661986
5049129140,2022,last,False,3,W3150055540
5049134021,2019,first,False,6,W2978808818
5049137879,2021,middle,False,4,W3157905252
5049139590,2021,middle,False,10,W3198468282
5049143500,2020,middle,False,8,W3110734869
5049148461,2022,last,False,4,W4318186079
5049157081,2022,first,True,1,W4285272262
5049161723,2022,last,False,3,W4221099399
5049170264,2021,middle,False,3,W3214469192
5049180880,2020,last,False,2,W3028836324
5049188549,2021,middle,False,4,W3206356080
5049190332,2021,last,False,7,W3214260033
5049192404,2022,middle,False,13,W4298009285
5049194403,2019,last,False,6,W2970410759
5049202871,2021,middle,False,7,W3129336662
5049205321,2022,middle,False,9,W4294974978
5049206805,2022,middle,False,3,W4318811901
5049207163,2022,middle,False,7,W4385567027
5049221759,2020,first,False,4,W3034931686
5049230139,2022,middle,False,6,W4322731678
5049232174,2022,middle,False,11,W4287855194
5049245127,2022,middle,False,5,W4293067619
5049252422,2022,first,False,4,W4313418006
5049259877,2020,last,False,2,W3099609223
5049287242,2022,middle,False,4,W4285294019
5049293054,2022,middle,True,17,W4281696767
5049298599,2022,first,False,9,W4313468495
5049298671,2022,middle,False,5,W3213097321
5049300388,2022,last,False,3,W4312429630
5049302472,2020,last,False,4,W3011614468
5049303874,2021,last,False,4,W3119155061
5049318367,2021,last,False,3,W3144667183
5049342040,2022,middle,False,7,W4287890644
5049344677,2022,last,False,5,W4214532801
5049357097,2021,last,False,2,W3186332848
5049357649,2020,middle,False,6,W3093657314
5049372872,2021,middle,False,4,W3163170838
5049386722,2022,first,False,5,W3039695075
5049403370,2021,middle,False,4,W3207576805
5049403375,2022,middle,False,6,W4313013812
5049412193,2022,middle,False,6,W3152268000
5049423985,2022,last,False,6,W4287854368
5049425363,2019,middle,False,5,W2970482702
5049427071,2020,last,True,5,W3105662186
5049437648,2022,middle,False,3,W4366966833
5049438048,2022,middle,False,5,W4328005907
5049440980,2021,last,False,4,W3197396431
5049448415,2021,last,False,5,W4210739627
5049451101,2022,last,False,4,W4280654130
5049456032,2022,last,False,5,W4295903508
5049459342,2021,middle,False,4,W3204221554
5049492975,2019,first,False,2,W2986143601
5049495233,2021,last,False,3,W3135271146
5049498516,2021,middle,False,3,W3176887776
5049501985,2022,last,False,3,W4321462092
5049506751,2021,middle,False,4,W3207343197
5049528659,2019,last,False,2,W2963399915
5049550908,2019,middle,True,3,W2986220368
5049558861,2022,last,False,7,W4313525715
5049568882,2021,last,False,2,W3149405564
5049584797,2022,middle,False,7,W4213374788
5049612210,2021,last,False,6,W3171716568
5049614400,2022,last,False,2,W4285273149
5049614700,2022,last,False,3,W4224916448
5049624750,2020,last,False,3,W3120609704
5049626483,2022,last,False,3,W4280629395
5049634383,2021,middle,False,4,W4205422455
5049638480,2019,middle,False,3,W2991651591
5049641499,2022,last,False,4,W4296772919
5049642190,2022,first,False,5,W4308867920
5049659753,2021,middle,False,6,W4205523161
5049661026,2022,last,False,7,W4292828951
5049674716,2021,middle,False,4,W3199231060
5049691461,2021,last,False,2,W3138521398
5049695954,2022,first,False,5,W4312384563
5049696008,2022,middle,True,4,W4281653422
5049697257,2022,middle,False,5,W4285200511
5049701126,2020,last,False,2,W3134882134
5049705266,2021,last,True,6,W3133267900
5049722251,2022,last,False,2,W4386160013
5049729482,2020,first,False,4,W3043522163
5049733095,2022,last,True,8,W4297841770
5049733139,2022,middle,False,4,W4213325746
5049735973,2022,middle,True,6,W4226302535
5049739329,2020,last,True,3,W3016039242
5049745085,2021,middle,False,8,W3214081646
5049750136,2020,middle,False,5,W3014585688
5049765501,2020,middle,False,6,W3114331024
5049771866,2020,middle,False,7,W3092050177
5049774186,2022,middle,False,5,W4285061313
5049776286,2022,middle,False,5,W4295857812
5049776440,2022,middle,False,5,W4307502605
5049782973,2020,middle,False,4,W3145527514
5049787333,2021,last,False,4,W3211326643
5049799218,2021,middle,False,25,W3204256746
5049804700,2022,first,False,5,W4220823258
5049804837,2022,middle,False,22,W4286512643
5049807131,2022,middle,False,12,W4296068592
5049812527,2020,last,False,2,W2996905632
5049837138,2021,last,False,4,W4230262515
5049849598,2021,last,False,3,W4206187085
5049858061,2021,middle,False,7,W3207345702
5049861511,2020,middle,False,5,W3034295120
5049873048,2022,last,False,7,W4284975662
5049879333,2021,middle,False,4,W3164109169
5049883225,2021,middle,False,6,W4200082383
5049883689,2021,middle,False,7,W4205342995
5049893251,2021,last,False,5,W3203518786
5049898953,2022,middle,False,7,W4312612915
5049917470,2021,last,False,5,W3122978955
5049920459,2022,middle,False,9,W4361732944
5049920688,2020,middle,False,3,W3103671331
5049923061,2021,middle,False,5,W3197236059
5049923654,2022,middle,False,5,W4307184837
5049944728,2020,last,False,6,W3118043957
5049963367,2020,first,True,1,W3000692142
5049970842,2022,last,True,5,W4286716861
5049983217,2020,middle,False,4,W3089573765
5050002274,2022,middle,False,18,W4310811141
5050003000,2021,last,False,6,W3175702006
5050004923,2021,last,False,3,W3198052459
5050033032,2019,middle,False,5,W3008904141
5050035602,2021,middle,False,5,W3176690085
5050036814,2020,middle,False,7,W3099919888
5050052456,2022,middle,False,10,W4308922056
5050054998,2021,middle,False,5,W3209864719
5050065499,2022,middle,False,5,W4366540478
5050068248,2021,first,True,3,W3212745554
5050088429,2021,middle,False,4,W4226268614
5050104206,2019,first,False,6,W2921890305
5050131473,2022,first,False,5,W4286751634
5050133412,2022,middle,False,25,W4225307083
5050147609,2020,middle,False,4,W3023380319
5050160318,2020,middle,False,7,W3105935311
5050180509,2020,last,False,3,W3091172345
5050191285,2022,middle,False,7,W4296306243
5050211588,2022,middle,False,8,W4281875425
5050226997,2021,last,False,3,W3156824476
5050227787,2022,first,False,4,W4224325745
5050229964,2019,middle,False,3,W2949938546
5050238446,2022,last,False,3,W4282958666
5050248676,2022,middle,False,7,W4293517975
5050254224,2021,middle,False,5,W3201554886
5050255638,2022,middle,False,12,W4306873598
5050266554,2022,middle,False,4,W4224992846
5050279656,2022,middle,False,12,W4225107720
5050282459,2022,last,False,6,W4385567084
5050294127,2020,first,False,4,W3091101427
5050295166,2022,middle,False,5,W4285175402
5050296842,2021,last,False,6,W3128562462
5050302545,2022,middle,False,5,W4285174271
5050303775,2021,middle,False,9,W3169113923
5050320094,2022,middle,False,3,W4312620766
5050325468,2019,last,False,3,W2979627741
5050326287,2021,middle,False,7,W3185041190
5050327492,2020,middle,True,9,W3084095723
5050328715,2021,middle,False,6,W4205196528
5050336723,2022,middle,False,5,W4300167402
5050341460,2021,middle,False,4,W3212711647
5050344371,2022,last,False,5,W4221167764
5050353397,2021,first,False,4,W3176580085
5050353892,2022,first,True,6,W4212868710
5050360222,2020,middle,False,5,W3102793471
5050387442,2021,last,False,2,W3186727973
5050400261,2022,last,False,3,W4318187147
5050407448,2022,last,False,5,W4311274712
5050411634,2022,last,False,4,W4319780902
5050423562,2022,middle,False,4,W4307540108
5050424210,2021,middle,False,5,W4205572211
5050424484,2022,last,False,3,W4312097514
5050425933,2020,last,False,3,W3101026830
5050435146,2021,middle,False,5,W3165514883
5050439131,2019,middle,False,5,W3081291520
5050467922,2022,last,False,6,W3200786561
5050499500,2022,middle,False,5,W3217544279
5050525772,2020,last,False,4,W3137046331
5050526299,2021,last,False,3,W4200120588
5050527785,2022,last,False,2,W4312996499
5050528093,2022,middle,False,19,W4221066460
5050528732,2021,middle,False,8,W3122886537
5050532692,2021,first,False,6,W3176472544
5050532724,2021,last,False,5,W3213529515
5050571650,2021,middle,False,3,W3213698525
5050575364,2022,last,True,7,W4306178485
5050582340,2021,first,False,3,W4211004577
5050585145,2021,middle,False,24,W3196831814
5050591232,2020,middle,False,7,W3104142662
5050592031,2020,last,False,2,W3086963535
5050605025,2022,last,False,5,W4281719801
5050609316,2022,last,False,2,W4285220550
5050611104,2022,middle,False,3,W4385872503
5050632169,2019,last,False,5,W3008736151
5050642628,2019,middle,False,7,W2982536084
5050655185,2022,last,False,2,W4223893069
5050656871,2022,middle,False,3,W4220955183
5050660824,2021,middle,False,7,W3186134690
5050660826,2022,last,False,7,W4312544224
5050670407,2020,first,True,3,W3042134271
5050685550,2022,last,False,5,W4301903509
5050686776,2021,last,False,2,W3163519230
5050692257,2022,middle,True,20,W4220895458
5050707731,2021,middle,False,18,W3189296823
5050721983,2020,first,False,6,W3045780055
5050748634,2021,middle,False,5,W3137292936
5050750282,2020,last,False,4,W3085009686
5050763764,2022,middle,False,5,W3205316472
5050764640,2022,middle,False,10,W4285287081
5050766679,2020,middle,False,3,W3097642048
5050780136,2021,middle,False,4,W3212740389
5050795259,2020,last,False,2,W3116132922
5050796012,2022,last,False,5,W4310893549
5050796169,2022,middle,False,8,W4226418765
5050801868,2019,last,False,6,W2899501643
5050806006,2022,middle,False,8,W4221163971
5050820498,2021,middle,False,16,W3173295223
5050825493,2020,last,False,4,W3096912371
5050829716,2022,middle,False,14,W4225134871
5050830339,2022,middle,False,7,W3217374296
5050837693,2021,middle,False,11,W3161489373
5050838950,2021,middle,False,7,W3208343573
5050842662,2020,middle,True,4,W3092743932
5050852426,2022,middle,False,4,W4323060124
5050852618,2020,last,True,5,W3000139398
5050874864,2020,middle,False,6,W3103136066
5050877497,2020,middle,False,8,W3095243247
5050900731,2020,last,False,5,W3158766267
5050903724,2020,middle,False,4,W3133632118
5050911130,2021,middle,False,6,W3209108016
5050914099,2021,middle,False,6,W3171716568
5050928023,2021,last,False,8,W3132493657
5050932220,2022,last,False,7,W4291208771
5050947285,2021,middle,False,7,W3163474636
5050960711,2019,middle,False,4,W2974794596
5050971812,2022,last,False,4,W4312124100
5050995253,2022,first,False,6,W4312341105
5051032795,2022,middle,False,9,W3197370269
5051039216,2021,last,False,5,W4214884227
5051043468,2022,last,False,4,W4283732546
5051049837,2022,middle,False,8,W4226058394
5051056084,2022,middle,False,3,W4312353038
5051064208,2019,last,False,6,W2988421999
5051082988,2019,first,False,2,W3006901707
5051102821,2020,middle,False,4,W3113659968
5051107002,2020,middle,False,6,W3104215796
5051112947,2022,last,True,6,W4312844731
5051120254,2021,middle,False,9,W3181159501
5051149140,2019,first,False,5,W3125615400
5051167459,2019,first,False,6,W2972712416
5051175363,2022,middle,False,5,W4312238214
5051178997,2020,middle,False,5,W3024030678
5051184139,2021,middle,False,6,W4205934771
5051184573,2019,middle,False,5,W2964303116
5051190727,2022,middle,False,8,W4288367246
5051194245,2020,middle,False,3,W3103629016
5051196445,2022,middle,False,4,W3195300140
5051198154,2022,middle,False,8,W4311053839
5051203366,2019,first,False,3,W2963809228
5051205321,2021,middle,False,5,W3207409354
5051208435,2020,last,False,4,W3132183265
5051209739,2020,middle,False,3,W3041897721
5051211730,2021,last,False,6,W3129318751
5051227924,2020,last,False,5,W3034975599
5051232628,2022,middle,False,15,W4313251083
5051234459,2022,last,False,6,W4214813689
5051242504,2022,last,False,4,W4213250879
5051243807,2020,middle,False,8,W3097797955
5051262833,2021,last,False,5,W4205572211
5051267928,2022,last,False,5,W4386179375
5051288568,2021,first,True,5,W3173953730
5051293207,2022,middle,False,6,W3204428002
5051298007,2021,middle,False,7,W3142806976
5051312448,2022,last,False,5,W4385573761
5051316999,2021,middle,False,5,W3185113268
5051321101,2020,middle,False,3,W3081488690
5051330364,2022,first,False,4,W4385573220
5051340429,2021,middle,False,7,W4200227931
5051340560,2021,middle,False,13,W4205243792
5051346938,2019,first,False,3,W2985033342
5051349066,2022,last,False,6,W4312965142
5051355395,2021,middle,False,8,W3205927779
5051356511,2020,last,False,5,W3101705953
5051363219,2022,first,False,3,W4388423786
5051367545,2022,middle,False,5,W4312609916
5051370303,2022,middle,False,4,W4221149301
5051392171,2022,last,True,2,W4311377022
5051403641,2022,middle,False,8,W3201849546
5051411799,2022,last,False,6,W3203328053
5051434121,2022,last,False,5,W4312454886
5051437051,2019,middle,False,15,W2970279348
5051455237,2021,last,False,3,W3157562165
5051474976,2022,last,False,5,W4306317657
5051476268,2022,middle,False,19,W4225164540
5051480712,2021,middle,False,6,W4205633160
5051481965,2020,middle,False,6,W3110414860
5051485406,2020,last,False,5,W3087432510
5051490260,2022,middle,False,4,W4213195278
5051491699,2021,middle,False,3,W3207350353
5051502105,2022,middle,False,6,W4385573349
5051505010,2021,last,False,3,W3207408393
5051511274,2022,middle,False,5,W4385573916
5051512158,2020,last,True,4,W3112248285
5051545971,2022,middle,False,4,W4312892765
5051552380,2022,last,False,6,W4220825494
5051577973,2021,middle,False,5,W3164106291
5051582629,2022,middle,False,8,W4223479130
5051583244,2020,first,False,3,W3111401020
5051593432,2022,middle,False,7,W4289593660
5051597671,2019,last,False,2,W2989464093
5051609871,2021,middle,False,4,W4205448332
5051611729,2020,middle,False,3,W3025229828
5051617060,2022,middle,False,12,W4224939791
5051617344,2019,last,False,3,W2971155257
5051631061,2021,last,False,3,W3182781238
5051649145,2021,last,False,10,W3177474367
5051652099,2019,last,False,3,W2953872833
5051662786,2021,middle,False,5,W3175303557
5051688016,2022,middle,False,5,W4285191490
5051693368,2019,middle,False,5,W2971120958
5051706630,2023,middle,False,8,W4389520700
5051707011,2022,last,False,2,W4214874905
5051709624,2021,middle,False,19,W3188562849
5051718913,2022,first,False,6,W4293208140
5051725651,2021,middle,False,6,W3171827422
5051745436,2019,last,False,3,W2970719206
5051759098,2021,middle,False,4,W3173650973
5051768325,2021,last,False,4,W3006597595
5051772430,2022,last,False,3,W4304014189
5051773175,2021,first,False,3,W4206417877
5051803761,2021,middle,False,4,W3175147232
5051808133,2022,middle,False,4,W4221163935
5051831948,2020,first,False,6,W3114584238
5051832847,2020,middle,False,4,W3091311542
5051833173,2019,last,False,4,W3005961436
5051837453,2020,middle,False,4,W3026111682
5051837585,2020,last,True,2,W3092019916
5051841898,2022,last,False,3,W4293193670
5051842492,2021,middle,False,10,W3153727209
5051844152,2022,middle,False,3,W4316036012
5051857716,2021,last,False,3,W3191444546
5051862789,2022,last,False,6,W4312686257
5051863471,2022,middle,False,4,W4312621197
5051874566,2021,middle,False,12,W3158873112
5051882105,2020,last,False,8,W3033685272
5051882926,2022,middle,False,10,W4303478269
5051885442,2022,middle,False,8,W4312311432
5051889115,2020,last,False,7,W3103996868
5051897310,2022,middle,False,6,W4312253643
5051897589,2022,last,False,5,W4312095979
5051899514,2021,middle,False,8,W4229452760
5051933409,2022,last,True,3,W4285384560
5051935412,2021,middle,False,5,W3172427031
5051938345,2020,first,False,3,W3105732730
5051950818,2021,first,False,6,W3209059054
5051960947,2021,middle,False,4,W3201326582
5051961507,2020,middle,False,3,W3034489696
5051963490,2022,middle,False,5,W4280524478
5051971478,2022,middle,False,11,W4294597159
5051980304,2022,first,False,3,W4285407531
5051981813,2021,last,False,3,W4206191575
5051983148,2021,last,True,8,W3213903504
5051985869,2021,last,False,3,W3183805750
5051989657,2020,middle,False,8,W3100710793
5051992568,2021,last,False,6,W3170831269
5051994266,2019,middle,False,6,W3005514250
5051998921,2021,first,False,2,W3214314807
5052001478,2020,middle,False,5,W3103714441
5052015967,2020,first,False,11,W3011906630
5052017575,2022,last,False,4,W4293921392
5052037779,2021,middle,False,5,W4205417139
5052045647,2020,middle,False,3,W3116849032
5052049405,2022,first,False,11,W4223622550
5052057753,2022,middle,False,4,W3205080563
5052067052,2021,middle,False,6,W3207458021
5052094601,2020,first,False,2,W3091053693
5052116809,2022,middle,False,19,W4311104054
5052119250,2022,middle,False,4,W4313452781
5052129812,2022,last,False,4,W4289829963
5052135026,2022,middle,False,5,W4308919251
5052136826,2022,middle,False,4,W4205172550
5052155328,2022,middle,False,8,W4307090970
5052165359,2022,last,False,6,W4317516000
5052169736,2022,middle,False,12,W4210733793
5052182362,2021,middle,True,3,W3207821200
5052185760,2019,last,False,5,W2987669390
5052192895,2021,middle,False,7,W3206067900
5052196188,2019,first,False,3,W2963344980
5052196540,2020,last,False,3,W2998557616
5052198700,2022,first,False,7,W4308887525
5052203401,2020,middle,False,6,W3094741065
5052210474,2021,middle,False,6,W3122882518
5052232868,2022,middle,False,5,W4210787071
5052233342,2021,middle,False,4,W3198000808
5052247920,2022,middle,True,10,W4207068766
5052248307,2021,middle,False,3,W3174593637
5052255801,2020,first,False,7,W3015246548
5052284218,2022,middle,False,7,W4224115290
5052310341,2022,middle,True,11,W4214915423
5052313712,2022,middle,False,10,W4226102430
5052317536,2021,middle,False,8,W3142837074
5052322515,2020,middle,False,5,W3036678145
5052325109,2019,last,False,13,W3011949846
5052326736,2021,first,True,5,W3191709143
5052334463,2022,middle,False,14,W4296127589
5052334636,2022,middle,False,4,W4225318329
5052337056,2021,middle,False,6,W3204602149
5052346902,2020,last,False,3,W3102657423
5052352119,2022,last,False,3,W4320031908
5052354656,2021,middle,False,5,W3134754602
5052377100,2021,middle,False,6,W4200178498
5052382186,2021,last,False,4,W3127245124
5052387922,2020,middle,False,3,W3008437814
5052390471,2021,last,False,4,W4200149283
5052390500,2019,middle,False,4,W2962767298
5052391290,2021,middle,False,5,W3139485732
5052404344,2022,middle,False,4,W4285252511
5052407958,2022,middle,False,5,W4286751634
5052408504,2020,middle,False,6,W3105771185
5052426710,2022,last,False,6,W4283203903
5052437722,2020,last,False,4,W3046764764
5052446168,2022,middle,False,5,W4284710906
5052449132,2021,last,False,3,W3211635632
5052449763,2022,last,False,2,W4283784214
5052453301,2022,middle,False,7,W4224989643
5052459660,2021,middle,False,7,W3213097325
5052466577,2021,first,False,5,W3214816728
5052467896,2019,last,False,2,W2970927596
5052467988,2022,middle,False,8,W4221160683
5052468718,2021,last,False,3,W4206610186
5052469426,2022,middle,False,5,W4311274712
5052470310,2020,last,False,3,W3109960192
5052471374,2021,middle,False,5,W3183822815
5052480553,2021,middle,False,5,W3154537295
5052503472,2020,first,False,6,W2998939484
5052505769,2022,middle,False,9,W4294974978
5052510871,2022,middle,False,5,W4285288900
5052512997,2022,middle,False,22,W4286512643
5052518632,2020,middle,False,6,W3016579984
5052532450,2020,middle,False,6,W3016579984
5052543660,2021,middle,False,4,W3182910454
5052551454,2020,middle,False,8,W3098068947
5052553582,2022,middle,False,5,W4285113287
5052554057,2022,middle,False,6,W4312685580
5052560070,2021,middle,False,7,W3160848464
5052565959,2021,last,False,4,W3217421193
5052566827,2021,last,False,4,W3166840245
5052591181,2021,middle,False,7,W4200200013
5052594698,2022,last,False,3,W4312635102
5052618226,2022,middle,False,6,W4389009476
5052630982,2020,middle,False,6,W2998653236
5052639870,2022,first,False,6,W4312550429
5052644952,2020,first,False,8,W3102173443
5052655362,2022,first,False,2,W4295422770
5052660806,2020,middle,False,5,W3080411315
5052669287,2022,middle,False,14,W4298147678
5052669359,2022,last,False,4,W4296340242
5052681145,2022,middle,False,6,W4214492748
5052689356,2020,last,False,9,W3011058458
5052709846,2021,middle,False,4,W3212863534
5052718891,2021,last,False,4,W3171750356
5052725404,2021,middle,False,6,W3153263923
5052741228,2021,last,False,6,W3190941125
5052754690,2021,middle,False,4,W4206130444
5052755615,2022,last,True,11,W4286267600
5052758633,2022,middle,False,5,W4285606540
5052760192,2021,last,False,4,W3184150318
5052760299,2022,last,True,4,W4313420283
5052767879,2022,middle,False,12,W4285143611
5052775912,2022,last,False,2,W4292263523
5052776282,2021,middle,True,4,W3175501901
5052783352,2022,middle,False,5,W4312496593
5052790953,2021,middle,False,7,W3173175058
5052810907,2021,middle,False,7,W3118964795
5052816488,2021,first,False,2,W3194293177
5052820694,2022,middle,False,4,W4318148025
5052821782,2021,last,False,7,W3202312310
5052829033,2022,middle,False,6,W3199332348
5052831869,2021,last,False,5,W4206687743
5052838340,2021,last,False,6,W4205934771
5052844875,2021,middle,False,5,W3172475066
5052847653,2022,middle,False,11,W4286267600
5052848066,2022,first,True,4,W4295204309
5052851316,2022,middle,False,8,W4223412181
5052856441,2021,middle,False,5,W4214755140
5052874187,2019,middle,False,3,W2972369255
5052875434,2021,middle,False,5,W3174099131
5052882179,2022,last,False,8,W4311812798
5052882677,2019,first,False,5,W2970243238
5052897020,2020,middle,False,6,W3114508594
5052900932,2019,first,False,4,W2962833140
5052903244,2022,middle,False,8,W4385573009
5052904035,2021,first,False,2,W3118650075
5052905922,2022,last,False,6,W4293208140
5052909911,2020,middle,False,7,W3099919888
5052917688,2021,middle,False,6,W3175444045
5052922969,2021,first,False,4,W3202810978
5052927737,2022,last,False,6,W4310614814
5052933412,2020,middle,False,3,W3095340763
5052941224,2022,last,False,4,W4311169492
5052954560,2021,middle,False,7,W3198331626
5052956256,2019,last,False,5,W2970344931
5052957711,2022,last,False,3,W4381188052
5052958340,2021,middle,False,4,W3174361912
5052961846,2022,middle,False,6,W4220783184
5052984649,2021,last,False,6,W4200082383
5052985764,2021,last,False,3,W4205459776
5052993469,2022,last,False,6,W4283324555
5053001881,2021,last,False,4,W3165022283
5053011888,2022,last,False,4,W4293868331
5053012062,2022,last,False,7,W3210790666
5053012932,2020,last,False,4,W3096157982
5053022617,2021,middle,False,6,W3112172934
5053023517,2021,last,False,4,W4206218193
5053034433,2020,middle,True,7,W3000546628
5053058502,2021,last,False,4,W3208790591
5053069251,2022,middle,False,12,W4297035359
5053094006,2022,middle,False,7,W3213454282
5053102850,2020,last,False,7,W3104142662
5053107465,2022,middle,False,3,W4294659040
5053112307,2019,middle,False,9,W3004082545
5053115163,2022,middle,True,3,W4226278420
5053123664,2022,middle,False,7,W4309902436
5053127885,2019,middle,False,5,W3002784191
5053137953,2021,first,False,5,W3155340931
5053145694,2019,middle,False,10,W2970252402
5053161242,2022,middle,False,6,W4296127101
5053161455,2020,middle,False,9,W3112505875
5053165370,2022,first,False,7,W4224760688
5053171877,2020,middle,False,5,W3046772465
5053178444,2021,middle,False,7,W3176522605
5053182622,2020,first,False,4,W3101327207
5053192946,2020,middle,False,5,W3086941321
5053199843,2020,first,False,5,W3014585688
5053202754,2021,first,True,2,W3203115948
5053207994,2021,first,False,2,W4205921126
5053209283,2021,middle,False,4,W3175970729
5053213047,2021,first,False,6,W3169633657
5053217029,2020,middle,False,5,W3043424630
5053217291,2020,last,True,9,W3084095723
5053219121,2022,last,False,5,W4366307842
5053222355,2021,last,False,5,W4226339160
5053225136,2022,last,False,4,W4318148025
5053230169,2020,middle,False,6,W3034624105
5053235466,2020,last,False,2,W3024533331
5053236545,2019,last,False,11,W2986193249
5053242099,2020,middle,False,3,W3096655658
5053242621,2019,middle,False,7,W2995514860
5053290799,2020,last,False,3,W3103068588
5053290964,2022,last,False,5,W4224216771
5053291505,2022,first,True,1,W3154130931
5053309084,2020,middle,False,8,W3100710793
5053327738,2019,first,False,3,W2972573244
5053338416,2021,middle,False,3,W3156469762
5053342250,2022,middle,False,7,W4309902436
5053344554,2022,last,False,3,W4312277664
5053345000,2020,middle,False,7,W3098266846
5053347296,2020,first,False,4,W3035183289
5053348602,2020,first,False,5,W3081652261
5053352592,2022,middle,False,6,W4285145993
5053373401,2021,middle,False,10,W3212257577
5053376142,2021,last,False,5,W3211311205
5053378706,2021,last,False,7,W4200227931
5053383719,2022,middle,False,6,W4280631063
5053407313,2021,last,False,4,W3188440920
5053410790,2022,first,False,3,W4220933909
5053418697,2022,middle,False,3,W2997781365
5053431750,2022,middle,True,3,W4385573841
5053436179,2020,last,False,4,W3152502479
5053439159,2022,middle,False,7,W4389009376
5053445177,2020,first,False,6,W3107352220
5053449559,2022,first,False,2,W4229454018
5053465128,2022,last,False,5,W3135646925
5053483373,2021,middle,False,5,W4205848038
5053495766,2020,first,False,3,W3118208174
5053498662,2022,last,False,4,W4297841747
5053512791,2022,last,False,3,W4288471740
5053515029,2022,middle,False,9,W4220830085
5053534930,2022,middle,False,4,W4303184143
5053542230,2022,first,False,6,W4210830260
5053549246,2020,first,False,2,W3103602928
5053562090,2022,middle,False,5,W4385574162
5053565428,2021,first,False,4,W3200577134
5053577105,2021,first,False,2,W3211185154
5053591913,2021,middle,False,4,W3175563972
5053593861,2019,middle,False,3,W2986613042
5053618028,2021,middle,False,5,W3201298782
5053619267,2022,last,False,4,W4284666093
5053619472,2022,middle,False,5,W4220932801
5053645603,2022,middle,False,19,W4297977478
5053665773,2022,first,False,7,W4389009376
5053670656,2021,middle,False,7,W3165195746
5053691527,2022,first,False,3,W4294975751
5053711452,2021,middle,False,16,W3200545562
5053712998,2022,last,False,3,W4283701857
5053726259,2021,middle,False,8,W3210382387
5053731169,2021,last,False,6,W3135682764
5053739372,2019,first,True,6,W2912904516
5053742461,2021,middle,False,7,W4205443564
5053742635,2020,middle,False,3,W3042290176
5053743638,2021,first,False,3,W3153145202
5053745515,2019,last,False,4,W2963640662
5053747568,2022,last,False,4,W4284662726
5053748062,2022,last,False,3,W4312841684
5053762793,2022,last,False,4,W4283203980
5053773659,2021,last,False,4,W3174856943
5053794555,2019,last,False,3,W4390847672
5053801300,2021,last,False,9,W3133862166
5053822883,2022,middle,False,4,W4292794127
5053823442,2021,last,False,5,W3155825510
5053829230,2022,middle,False,10,W4285114657
5053843586,2022,last,False,2,W4225264849
5053844652,2021,first,True,1,W3178192981
5053850863,2019,last,False,3,W2946417913
5053854022,2022,middle,False,5,W4385573604
5053856362,2020,first,False,5,W4312721630
5053857897,2021,middle,False,8,W4205938591
5053864983,2020,middle,False,8,W3016006013
5053865178,2022,last,False,5,W4286569754
5053881417,2022,last,True,3,W4284709634
5053890378,2022,last,False,2,W4297838931
5053892249,2022,middle,True,7,W4308744880
5053915453,2020,last,False,7,W3096032230
5053919001,2020,first,False,7,W3029802725
5053923253,2022,first,False,5,W4285124323
5053932004,2021,last,False,5,W3180728985
5053932280,2020,middle,False,3,W3034849249
5053938324,2022,last,False,2,W4293370349
5053940473,2022,last,True,2,W4225930681
5053945147,2020,first,False,4,W3091945272
5053947568,2019,last,False,6,W2970785793
5053947754,2019,middle,False,8,W2954226438
5053947885,2019,last,False,3,W2951434086
5053948915,2020,middle,False,5,W3096091920
5053955479,2018,middle,False,3,W2914655542
5053967430,2022,middle,False,7,W4285744810
5053978668,2021,last,False,3,W3154707883
5053986996,2022,middle,False,4,W4312825288
5054001409,2022,last,True,5,W4288950918
5054004146,2020,first,False,3,W3109839631
5054016582,2021,first,True,7,W4205176794
5054031099,2020,middle,False,6,W3005650752
5054033403,2021,middle,False,5,W3174604157
5054049458,2022,middle,False,13,W4205999808
5054060679,2020,middle,False,10,W3101300984
5054064879,2021,last,False,6,W3158697642
5054067088,2021,middle,False,7,W3209083906
5054078996,2021,middle,False,3,W3156070235
5054079306,2022,middle,False,9,W4284691245
5054121030,2022,middle,False,9,W4280596951
5054121207,2022,last,False,2,W4311300235
5054123777,2022,middle,False,6,W4287887245
5054127002,2022,first,True,1,W4409116921
5054135736,2021,middle,False,6,W3129318751
5054137460,2020,middle,False,5,W3096673114
5054154936,2020,middle,False,6,W3107480012
5054168288,2021,middle,False,3,W3201258795
5054180965,2022,last,False,4,W4312293662
5054186434,2019,middle,False,3,W2980731667
5054213189,2022,last,False,4,W4317600390
5054217230,2022,last,False,5,W4295308551
5054224705,2020,first,False,4,W3102345918
5054225034,2021,last,False,4,W4205743786
5054237841,2022,middle,False,3,W4312635102
5054243209,2021,first,False,5,W3202218171
5054249230,2020,middle,False,6,W3046089061
5054253075,2020,last,False,6,W3045683288
5054254768,2022,middle,False,6,W4292074325
5054256777,2021,middle,False,5,W3200216120
5054279717,2020,last,False,6,W3093657314
5054285017,2021,middle,False,7,W4200380400
5054285881,2022,middle,False,4,W4321448364
5054298903,2022,middle,False,11,W4296695943
5054304161,2020,middle,False,5,W3114315778
5054318800,2022,middle,False,7,W4282925187
5054324316,2022,middle,False,7,W4312523625
5054330014,2022,middle,False,9,W4226544593
5054334046,2022,middle,False,4,W4287855127
5054342134,2020,middle,False,3,W3127337797
5054394343,2022,middle,False,7,W4295886447
5054400789,2022,middle,False,5,W4220797652
5054437456,2019,middle,False,8,W2984295533
5054443473,2021,last,False,13,W3160231559
5054450193,2021,last,False,2,W3166599862
5054465836,2022,middle,False,4,W4315694963
5054471096,2022,middle,False,5,W4312454878
5054484216,2020,last,False,7,W3122607238
5054486374,2021,last,False,3,W4205548297
5054490777,2019,middle,False,6,W2984775670
5054512097,2022,middle,False,12,W4296179733
5054530129,2022,last,False,4,W4293093523
5054554254,2020,last,False,2,W3083694354
5054558370,2021,first,False,4,W3162462834
5054564404,2020,middle,False,5,W3109636347
5054582135,2020,middle,False,8,W3106241909
5054588962,2020,last,False,5,W3035678232
5054589937,2021,first,False,3,W3157974261
5054590402,2022,last,True,3,W4389009444
5054600485,2021,last,False,2,W3195984622
5054610697,2020,middle,False,5,W3100210539
5054652735,2022,middle,False,4,W4285179112
5054657033,2021,middle,False,4,W3183592968
5054665212,2021,first,False,8,W3203898052
5054677628,2021,middle,False,19,W3188562849
5054707270,2022,middle,False,12,W4296179733
5054731849,2022,middle,False,4,W4306148196
5054735288,2022,middle,False,10,W4211146624
5054738435,2022,middle,True,3,W4280599861
5054745527,2020,middle,False,17,W3102660905
5054764710,2022,middle,False,4,W4360996569
5054771988,2020,last,False,4,W3103227045
5054778549,2020,first,False,4,W3118152356
5054787090,2022,last,False,2,W4318577727
5054795296,2021,first,False,5,W3164453494
5054796181,2019,first,True,2,W2970474271
5054801632,2022,middle,False,11,W4229034605
5054802397,2022,last,False,5,W4312399431
5054803584,2022,last,False,3,W4312437946
5054822682,2021,last,False,6,W3176913510
5054845773,2020,last,False,5,W3034945650
5054846379,2021,last,False,4,W3168046227
5054849323,2020,middle,False,3,W3105356032
5054871572,2022,last,False,4,W4360997035
5054876732,2022,middle,False,10,W4309642855
5054884987,2022,middle,False,3,W4312596239
5054897331,2020,middle,False,8,W3083741021
5054897594,2021,middle,False,8,W3213903504
5054900679,2021,middle,False,6,W4213229048
5054902681,2022,first,False,5,W4295935122
5054931604,2022,last,False,6,W4308087279
5054952724,2020,middle,True,12,W3094540663
5054963321,2022,first,False,5,W4285589676
5054965256,2021,last,False,5,W3172475066
5054978804,2022,first,False,6,W4285145993
5054978902,2019,first,False,5,W2970713124
5054979460,2021,last,False,3,W3153104134
5054983559,2021,first,False,4,W3184618796
5054983702,2022,middle,False,9,W4385324086
5055015531,2020,last,False,3,W3116104245
5055023881,2019,last,False,3,W2954246229
5055035683,2021,last,False,4,W3132015947
5055059119,2022,middle,False,5,W4312096005
5055060179,2020,first,False,4,W3147816291
5055060253,2020,last,False,4,W3138656768
5055067259,2019,middle,False,7,W3006722116
5055069582,2022,middle,False,19,W4311104054
5055072684,2021,middle,False,4,W4206478394
5055080219,2021,first,False,4,W3160615857
5055082533,2021,middle,False,6,W3133267900
5055085354,2021,middle,False,8,W3177349073
5055091440,2020,last,False,2,W3091088803
5055101594,2022,last,False,2,W4213157969
5055120491,2022,last,False,7,W4312318972
5055125525,2021,last,True,8,W3201739983
5055132321,2020,middle,False,7,W3004092718
5055155740,2020,middle,False,18,W3031301501
5055173784,2022,last,False,5,W4205671747
5055182869,2022,last,False,6,W4318603353
5055186478,2022,middle,False,3,W4281737056
5055206246,2022,middle,False,12,W4291652457
5055216607,2022,first,True,6,W4226280642
5055220196,2022,last,False,2,W4294974966
5055225377,2019,middle,False,5,W2980216782
5055232825,2019,middle,False,3,W2970819455
5055236937,2020,last,False,3,W3099548761
5055241640,2022,last,False,4,W4221105521
5055241858,2022,first,False,4,W4287888135
5055245450,2020,first,False,2,W3086409460
5055258367,2021,middle,False,6,W3185487872
5055294418,2021,last,False,2,W3155638005
5055295169,2021,last,False,3,W4206605356
5055331421,2021,middle,False,10,W3201165747
5055332125,2020,last,False,4,W3111445527
5055336250,2021,middle,True,9,W3129056955
5055372260,2022,last,False,2,W4309735813
5055392039,2020,middle,True,5,W3101739942
5055402344,2021,last,False,3,W3174067564
5055404913,2022,last,False,5,W4313408649
5055405987,2021,last,False,6,W3193316999
5055415493,2022,last,False,3,W4297841405
5055417546,2021,middle,False,4,W3216839539
5055420105,2021,middle,False,7,W3165084071
5055420596,2019,middle,False,4,W2922442527
5055425748,2022,middle,False,5,W4312700771
5055426388,2019,middle,False,7,W2982536084
5055433405,2022,middle,False,3,W4224933790
5055433807,2022,middle,False,19,W4221066460
5055434517,2022,middle,False,10,W4287890458
5055439826,2022,first,False,4,W4296350506
5055443018,2021,middle,False,16,W2759088880
5055451322,2022,middle,True,5,W4226342967
5055454866,2021,middle,False,6,W3171942767
5055458864,2020,last,True,4,W3089072720
5055459215,2021,middle,False,8,W3175855397
5055467447,2021,middle,False,4,W3161021427
5055477551,2021,last,True,4,W3188589934
5055486400,2021,middle,False,11,W4200627592
5055494428,2021,last,False,5,W3184442187
5055521846,2021,last,False,3,W3185831091
5055527258,2021,first,False,4,W3216839539
5055531030,2022,middle,False,5,W3036737707
5055535165,2022,middle,False,6,W4308087279
5055560733,2022,last,False,6,W4224243186
5055567445,2021,first,False,4,W3129227114
5055576279,2021,last,False,11,W3214785274
5055589412,2020,last,False,2,W3115908473
5055592482,2020,middle,False,4,W3021534166
5055598777,2020,last,False,3,W3132773134
5055599527,2022,middle,False,4,W4296005155
5055606135,2022,last,False,3,W4313549229
5055608179,2022,last,True,2,W4206833365
5055608569,2022,last,False,2,W4313408937
5055639036,2022,last,False,3,W4224491635
5055644612,2022,middle,False,8,W4287890112
5055652750,2022,middle,False,4,W4283330758
5055667000,2020,middle,False,12,W3037181498
5055672506,2021,middle,False,7,W3209950363
5055675863,2022,middle,False,5,W4287887252
5055676007,2021,middle,False,5,W3210055401
5055685073,2020,last,False,5,W3035431747
5055686603,2021,last,False,16,W3173295223
5055688440,2022,last,False,6,W4312824590
5055699443,2022,middle,False,5,W4296777335
5055710645,2022,middle,False,5,W4287686053
5055712584,2022,last,False,2,W3202370288
5055716987,2020,middle,False,7,W2997585029
5055719182,2020,last,False,4,W3036931110
5055732885,2022,middle,False,5,W4304142243
5055733971,2019,middle,False,6,W2971415639
5055735931,2021,first,False,3,W3206370442
5055741193,2021,last,False,2,W3170994600
5055751078,2021,first,True,3,W3197388494
5055757002,2021,middle,False,4,W3212205709
5055757510,2019,middle,False,5,W2962669974
5055758776,2022,middle,False,4,W4311040600
5055769728,2021,middle,False,6,W3185322630
5055774883,2021,middle,False,6,W3212569382
5055778766,2020,middle,False,7,W3136102709
5055779703,2022,middle,True,5,W4307441899
5055783764,2019,middle,False,5,W2971134795
5055783862,2022,last,False,2,W4385572902
5055815455,2020,first,False,3,W3035380217
5055818694,2022,last,False,5,W4285061313
5055826974,2020,middle,False,5,W3034975599
5055827526,2022,last,False,3,W4281787291
5055829230,2022,last,False,4,W3209471724
5055829440,2022,middle,False,15,W4313251083
5055833241,2021,middle,False,4,W3130487402
5055850985,2022,middle,False,8,W4307090970
5055864641,2020,last,False,5,W3036422752
5055866824,2021,middle,False,4,W3198850411
5055868875,2022,middle,False,6,W3206440620
5055895731,2020,middle,False,24,W3102483398
5055909810,2019,middle,False,4,W3011616235
5055922202,2021,last,False,5,W3139333591
5055937996,2021,middle,False,5,W3174073137
5055938662,2020,middle,False,5,W3037979089
5055952724,2022,last,False,7,W4224989643
5055959450,2021,middle,False,9,W3209482800
5055964296,2022,middle,False,4,W4224050240
5055977225,2021,first,False,5,W3145247846
5055988260,2019,middle,False,3,W2971107826
5055997493,2021,last,False,4,W3200855856
5055998640,2021,last,False,7,W3135847816
5056001196,2020,middle,False,6,W3011789699
5056006362,2021,middle,False,6,W3154812463
5056008057,2020,middle,False,8,W3035309733
5056048457,2021,middle,False,16,W3147637074
5056054750,2019,first,False,6,W2970557265
5056054965,2022,middle,False,7,W4385572819
5056061389,2021,last,True,4,W3118681031
5056062712,2021,middle,False,6,W3187966659
5056068917,2022,first,False,2,W4312622149
5056081738,2022,last,False,6,W4285217170
5056086147,2021,last,False,2,W3185969321
5056093953,2021,first,False,4,W3205462295
5056093982,2020,last,False,3,W3082246653
5056101465,2021,middle,False,6,W3200498707
5056103024,2022,middle,False,7,W4312745848
5056103113,2022,middle,True,4,W4294075501
5056112540,2021,first,False,5,W3216631677
5056114039,2022,first,True,7,W4225101028
5056131302,2020,middle,False,6,W3015948701
5056135069,2021,last,False,4,W3155936402
5056136429,2021,last,False,6,W4205156487
5056142478,2020,middle,False,5,W3136503798
5056152467,2022,last,False,5,W4360764237
5056155495,2022,middle,False,4,W4312315284
5056159004,2022,middle,False,4,W3156000544
5056181361,2022,middle,False,3,W4312924718
5056193742,2020,middle,False,12,W3004198379
5056201855,2022,middle,True,6,W4312991122
5056208395,2022,last,False,5,W4309374652
5056212977,2021,first,False,3,W3173591450
5056213327,2022,last,False,5,W4385574136
5056226189,2022,last,False,6,W4292787292
5056239978,2022,middle,False,4,W4385573960
5056245407,2020,middle,False,4,W3112739920
5056246621,2020,middle,False,4,W2996124573
5056251028,2022,middle,False,5,W4294811651
5056256317,2020,middle,False,4,W3096912371
5056260430,2020,middle,False,6,W3091713579
5056267912,2020,middle,False,4,W3015988193
5056275783,2022,middle,False,10,W4210716706
5056288677,2021,middle,False,5,W3137108338
5056292346,2021,middle,False,7,W3178751578
5056299576,2021,middle,False,3,W4206151756
5056301773,2022,middle,False,6,W4296177022
5056312424,2022,last,False,7,W4229060262
5056312628,2019,first,False,3,W2971095815
5056314900,2022,middle,False,4,W4285133117
5056317549,2020,middle,False,4,W3034588514
5056318061,2022,last,False,3,W4229003713
5056318151,2022,middle,False,6,W4385572712
5056321228,2022,middle,False,6,W4312685580
5056376119,2020,middle,False,5,W3037678457
5056376686,2020,last,False,3,W2997090102
5056399551,2020,middle,True,6,W3012070096
5056401072,2020,first,True,1,W3074473399
5056413476,2022,middle,False,12,W4291652457
5056415825,2022,middle,False,3,W4225274946
5056423854,2022,last,False,7,W4312036215
5056432033,2022,middle,False,5,W4212820322
5056437111,2022,middle,False,6,W4312120828
5056445813,2021,middle,False,5,W3199252595
5056446385,2021,first,False,5,W4213327237
5056460824,2022,first,False,7,W4285213468
5056461509,2022,middle,False,14,W4296886067
5056466838,2022,last,False,5,W4293005022
5056469959,2022,last,False,3,W4293212040
5056478657,2022,last,False,3,W4292405741
5056497976,2020,middle,False,3,W2997090102
5056505424,2021,middle,False,5,W3182040604
5056516274,2022,middle,False,6,W4224925038
5056523123,2022,middle,False,8,W4308129966
5056526024,2021,middle,False,7,W3183281747
5056539616,2022,last,False,2,W4360764250
5056541993,2019,last,False,3,W2998233576
5056545783,2022,middle,False,6,W4285502320
5056579280,2021,middle,False,5,W3161782335
5056580059,2022,last,False,5,W4286560036
5056580832,2022,middle,False,4,W4313549837
5056589913,2022,last,False,14,W4288754841
5056593729,2020,middle,False,3,W3118124228
5056599782,2021,last,False,2,W3196453457
5056602636,2022,middle,False,5,W4312834202
5056603533,2022,middle,True,3,W4312187035
5056608045,2021,last,False,5,W3213307153
5056615439,2021,middle,False,7,W4200459702
5056632010,2021,middle,False,9,W3133862166
5056643192,2022,middle,False,7,W4313006333
5056644602,2020,middle,False,5,W3090162840
5056657952,2019,middle,False,7,W2982562362
5056659804,2021,middle,False,6,W3204060250
5056667180,2019,last,False,2,W2970427548
5056688019,2022,first,True,1,W4211257884
5056689083,2021,middle,False,4,W3217429391
5056692594,2022,last,False,3,W4287889732
5056706680,2021,last,False,5,W3161554672
5056711061,2022,middle,False,4,W4223587130
5056716721,2021,last,False,5,W3204999449
5056743652,2021,middle,False,5,W3194037986
5056754015,2021,first,False,4,W3217429391
5056767671,2021,last,False,4,W4200147907
5056775125,2019,middle,False,7,W3010765510
5056785027,2022,first,False,8,W4287888549
5056800583,2021,first,False,3,W4200486127
5056801542,2022,middle,False,10,W4207068766
5056805482,2019,middle,False,7,W2972677859
5056818951,2022,middle,False,4,W4317514656
5056833841,2019,first,False,4,W3009005296
5056834851,2021,last,False,3,W3119145505
5056840989,2022,last,False,4,W4306772742
5056845000,2022,last,False,4,W4287888120
5056847110,2022,middle,False,3,W4226068212
5056862464,2022,first,False,4,W4225645722
5056869509,2022,middle,True,4,W4309122661
5056869626,2022,middle,False,14,W4295761272
5056876034,2022,last,False,4,W4289295476
5056876453,2021,middle,False,5,W4205206694
5056879203,2019,middle,False,8,W2964915587
5056892202,2022,middle,False,4,W4389009579
5056898095,2022,middle,False,3,W4296137077
5056903330,2020,first,False,3,W3109960192
5056913097,2021,last,True,3,W3199342368
5056924576,2022,middle,False,8,W4283712118
5056929047,2020,last,False,5,W3094117570
5056936324,2022,middle,False,5,W4312973566
5056953478,2020,middle,False,6,W2998382872
5056956197,2022,first,False,2,W4309769112
5056971742,2021,last,False,2,W3206563239
5056972984,2020,middle,False,11,W3035718760
5056975322,2021,first,False,3,W3200168819
5056978982,2020,middle,False,12,W3012939329
5056986595,2021,first,False,5,W4206995126
5056992453,2022,middle,False,8,W4288367246
5057010207,2019,middle,False,5,W3008736151
5057023981,2022,middle,False,10,W4316657902
5057025393,2022,middle,False,7,W4221159394
5057031258,2021,last,False,3,W3185274669
5057031606,2021,middle,False,5,W3165514883
5057032605,2022,last,False,3,W4286206444
5057033593,2020,last,False,3,W3111222606
5057039281,2021,last,True,4,W3171259667
5057049978,2020,middle,False,3,W3093818688
5057050780,2021,middle,False,6,W3163339651
5057079579,2022,middle,False,5,W4288739153
5057087345,2019,middle,False,7,W2980234984
5057094747,2021,middle,False,12,W3167150438
5057111785,2020,last,False,4,W3080321165
5057118326,2022,last,False,6,W4226283960
5057118376,2021,middle,False,5,W4200182705
5057120645,2021,middle,False,6,W3217135880
5057131874,2022,middle,False,11,W4214915423
5057139422,2022,last,False,4,W3199588909
5057153676,2021,middle,True,4,W3150343563
5057170324,2022,first,False,4,W4308995382
5057172520,2021,middle,False,9,W3148246773
5057182426,2021,middle,False,4,W4200477910
5057216226,2021,last,False,3,W3183260361
5057217204,2021,middle,False,9,W3167856512
5057217842,2021,middle,True,5,W3185551545
5057225338,2022,last,False,3,W4214515550
5057226223,2020,last,False,3,W3042290176
5057227915,2021,last,False,5,W3196965931
5057247289,2022,last,True,3,W4210846584
5057247502,2021,first,True,1,W3129144742
5057259115,2020,first,True,2,W3154314745
5057260089,2021,last,False,3,W3176923149
5057261458,2021,last,False,5,W3203917633
5057282652,2022,middle,False,8,W4293417802
5057282687,2022,middle,False,7,W4311294852
5057301450,2022,last,False,3,W4312803897
5057308940,2020,middle,False,4,W3092141763
5057316846,2022,first,False,3,W4283069234
5057324156,2022,last,False,2,W4312304716
5057325979,2022,first,True,2,W4283580853
5057327086,2022,first,True,8,W4316495355
5057328421,2022,middle,False,3,W4221086658
5057335500,2022,middle,False,5,W4312971576
5057335897,2022,middle,False,7,W4317600375
5057341982,2021,middle,False,4,W4206633687
5057346703,2020,middle,False,3,W3045889512
5057368785,2019,middle,False,10,W2970390493
5057370662,2021,middle,False,9,W3184309109
5057374067,2022,last,False,4,W4213195278
5057374436,2022,middle,False,8,W4281626394
5057376907,2021,middle,False,6,W3186479087
5057380866,2020,last,False,4,W3092568562
5057386628,2022,middle,False,9,W4285803722
5057391353,2022,last,True,5,W4298087250
5057392864,2019,middle,False,3,W2619818172
5057412604,2020,middle,True,4,W3092889748
5057416678,2021,last,True,3,W3215550924
5057419366,2021,middle,False,6,W3155638556
5057420015,2022,middle,False,3,W4298003938
5057420103,2022,middle,False,7,W4385567149
5057421680,2024,last,False,2,W4399793488
5057424987,2022,last,False,12,W4306646496
5057436075,2022,middle,False,12,W4280500332
5057444662,2021,middle,False,4,W4205432790
5057457287,2019,middle,False,6,W2952826391
5057476899,2022,middle,False,7,W4285306620
5057508424,2019,middle,False,5,W3004264980
5057526407,2021,middle,False,6,W4205633160
5057538607,2020,middle,False,5,W3086447340
5057541548,2022,last,False,5,W4309197929
5057547860,2021,first,False,2,W3160736272
5057561333,2022,middle,False,5,W4285124323
5057595294,2022,first,False,4,W4223444033
5057598786,2022,last,False,6,W4286701684
5057598901,2021,middle,False,11,W4293171225
5057602145,2021,middle,False,9,W3204150987
5057619360,2022,middle,False,9,W4312377093
5057625030,2021,first,True,1,W3133820504
5057630576,2020,middle,False,4,W3115174251
5057642796,2021,first,False,8,W3172220664
5057643560,2021,first,False,3,W3210791897
5057646974,2020,middle,False,5,W3086941321
5057659257,2020,middle,False,4,W3118017018
5057661726,2020,middle,False,9,W3115081393
5057664789,2022,middle,False,6,W4224952058
5057665558,2021,middle,False,8,W3206867815
5057678172,2020,last,False,6,W3034556939
5057689302,2022,last,False,5,W4285258683
5057693146,2020,last,False,6,W3036723255
5057695979,2022,last,False,4,W4283123655
5057698424,2022,middle,False,8,W4312311432
5057698911,2021,last,False,4,W3161021427
5057700630,2020,last,False,3,W3093890791
5057722785,2021,middle,False,6,W3193316999
5057729042,2020,middle,False,6,W3107480012
5057729973,2021,middle,False,11,W3214785274
5057732142,2022,last,False,4,W4226334005
5057735128,2021,middle,False,5,W3134486524
5057738797,2021,last,False,2,W3212403176
5057745454,2022,middle,False,4,W4221105521
5057761218,2021,last,False,3,W3155273002
5057769035,2022,middle,False,4,W4220656870
5057771465,2022,middle,False,6,W4281385481
5057774051,2021,last,False,3,W4205584166
5057777785,2022,first,False,2,W4379781245
5057780548,2020,middle,False,7,W3114149551
5057791835,2022,middle,False,5,W4293468105
5057792771,2021,first,False,4,W3207269436
5057798674,2022,middle,False,3,W4292793918
5057815334,2022,middle,False,8,W4221163971
5057823671,2022,first,False,4,W4283016277
5057824212,2021,last,False,5,W3211724668
5057825973,2022,middle,False,6,W4206380771
5057827968,2019,middle,False,7,W2965536863
5057833935,2019,middle,False,3,W2979300423
5057838181,2019,middle,False,5,W2962669974
5057841485,2021,middle,False,4,W4200415279
5057842914,2020,middle,False,9,W3102756401
5057843656,2022,first,False,11,W4294597159
5057856514,2021,last,False,2,W3202611470
5057865762,2021,first,False,3,W4214894938
5057867117,2021,middle,False,6,W3199178087
5057868351,2022,middle,False,7,W4220979049
5057883374,2022,last,False,5,W4324118148
5057897875,2022,middle,False,5,W4283258232
5057907135,2019,middle,False,6,W2980527125
5057909195,2022,middle,False,11,W4225713393
5057910370,2022,last,False,5,W4297841533
5057911864,2022,middle,False,3,W4309345802
5057914558,2022,middle,False,6,W4229020587
5057917960,2019,first,False,4,W3015324269
5057920247,2021,first,False,9,W3211983116
5057933917,2022,first,False,3,W4221022609
5057940546,2021,last,False,2,W3155537741
5057958949,2019,middle,False,3,W2983331060
5057959136,2021,middle,False,6,W3201942032
5057963205,2021,last,False,4,W3169202238
5057970781,2019,middle,False,11,W2986193249
5057981609,2022,first,False,4,W4317418743
5057982368,2022,middle,False,3,W4382238410
5057991229,2022,middle,False,6,W3207526834
5057995059,2022,middle,False,5,W4285606364
5058003696,2022,first,False,2,W4312310142
5058020436,2021,middle,False,4,W4285326236
5058023685,2022,middle,False,14,W4225134871
5058025190,2021,middle,False,5,W3139333591
5058025888,2021,middle,False,10,W3189675328
5058028547,2022,middle,True,3,W4311587111
5058034795,2021,first,False,5,W3211887606
5058043497,2022,last,False,4,W4283796213
5058044263,2021,first,True,2,W3194373887
5058048696,2020,last,False,4,W3118088960
5058061726,2021,middle,False,5,W3138545570
5058065759,2021,middle,False,6,W4205403018
5058066577,2022,last,False,3,W4224933790
5058072839,2021,last,False,5,W4285335324
5058140409,2022,first,False,5,W4285102487
5058176560,2022,first,True,2,W4286487960
5058177570,2021,middle,True,3,W3133057840
5058188259,2022,last,False,7,W4280527285
5058191948,2020,first,False,5,W3107855596
5058193995,2020,middle,False,5,W3090306696
5058194445,2022,middle,False,5,W4309672242
5058197951,2022,middle,False,5,W4285286749
5058212934,2020,last,False,4,W3098321539
5058218723,2020,last,False,3,W3113666979
5058227632,2021,middle,False,3,W3210341484
5058253407,2022,last,False,6,W3207526834
5058262278,2021,last,False,4,W3198711122
5058266453,2021,first,False,7,W4205882439
5058266666,2021,middle,False,8,W3212204270
5058272109,2021,last,False,7,W3206842948
5058277099,2020,middle,False,8,W3130911940
5058277119,2022,middle,False,8,W4297841770
5058284019,2022,last,False,5,W4285112458
5058284930,2021,middle,False,5,W3170644058
5058290381,2022,middle,False,15,W4313251083
5058291454,2020,middle,False,5,W3109016349
5058292518,2021,middle,False,4,W4200147907
5058308382,2021,last,False,2,W3196853212
5058320916,2022,middle,True,10,W4220729493
5058332830,2022,last,True,6,W4296700210
5058348013,2020,middle,False,5,W3099549037
5058353424,2019,middle,False,5,W2986266667
5058353652,2019,middle,False,6,W2964372831
5058358699,2021,middle,False,17,W3139150463
5058388782,2022,middle,False,18,W4234577219
5058391738,2022,last,False,8,W4360764548
5058393974,2022,last,False,2,W4387758684
5058394639,2021,middle,False,3,W3174253067
5058408154,2021,last,False,5,W3186492090
5058408401,2022,last,False,6,W4317418688
5058412010,2021,last,False,3,W3203360330
5058415906,2022,middle,False,8,W4307090970
5058435710,2019,middle,False,7,W3004541267
5058435824,2021,middle,False,5,W3204999449
5058448163,2022,last,False,5,W4312788799
5058448395,2022,middle,False,9,W4221033952
5058452657,2020,middle,False,11,W3101149558
5058460697,2019,middle,False,3,W2999099260
5058467326,2022,middle,False,4,W4312439976
5058470128,2022,middle,False,4,W4385567070
5058475882,2020,middle,False,5,W3087432510
5058485804,2022,last,True,2,W4297394936
5058488736,2021,first,False,7,W3155701937
5058497633,2020,last,False,4,W3111773989
5058516510,2020,last,False,6,W3023470214
5058519912,2022,last,False,3,W4224266081
5058522008,2022,last,False,5,W4313525385
5058522879,2021,middle,False,9,W3201369838
5058539660,2021,last,False,3,W3120992250
5058551285,2022,middle,False,12,W4285143611
5058571639,2022,first,False,5,W4229007392
5058572663,2022,last,False,6,W4214810920
5058574573,2022,first,False,3,W4385573723
5058575315,2019,middle,False,6,W2963349408
5058586148,2021,first,False,2,W3183246637
5058586675,2021,middle,False,4,W3121097083
5058592638,2020,middle,False,4,W3113833657
5058594241,2021,middle,False,5,W3196176241
5058601069,2020,middle,False,3,W3117068629
5058602237,2021,last,False,6,W3212569382
5058611515,2020,middle,False,4,W3046764764
5058644115,2022,last,False,3,W4312838734
5058648309,2020,last,False,5,W2969350772
5058667349,2021,middle,False,5,W3212525922
5058684461,2022,middle,False,7,W4309679223
5058688939,2020,middle,False,4,W3047291452
5058689251,2022,last,False,3,W4315815570
5058693284,2022,last,False,3,W4328028653
5058695020,2021,last,False,3,W3172594950
5058705629,2020,first,False,4,W3080213329
5058717031,2022,middle,False,3,W4310130650
5058722796,2020,middle,False,6,W3014836350
5058725522,2021,middle,False,6,W3192810304
5058733140,2022,middle,False,3,W4281610211
5058735109,2022,middle,False,8,W4213087197
5058737960,2022,middle,False,6,W4385574210
5058753263,2022,middle,False,9,W4385573007
5058757260,2022,middle,False,6,W4312380564
5058768233,2020,last,False,3,W3115116643
5058768577,2021,middle,True,6,W3217673092
5058798782,2019,middle,False,5,W2986889260
5058808692,2019,first,False,3,W3007587970
5058808832,2021,last,False,2,W3192083251
5058810080,2022,middle,False,4,W4224267936
5058813180,2021,middle,False,9,W3196890347
5058823865,2022,middle,False,7,W4296808098
5058829071,2019,first,False,2,W2970485137
5058832950,2022,middle,False,7,W4226147979
5058837356,2020,last,False,7,W3034717099
5058838995,2021,last,False,4,W3213904794
5058849690,2021,last,False,3,W3186032668
5058855855,2022,middle,False,4,W4210520848
5058858832,2020,middle,True,5,W3101310155
5058861950,2022,first,True,1,W4285251834
5058866986,2022,last,False,4,W4312234230
5058874415,2022,first,False,2,W4307673349
5058877618,2020,last,False,3,W3035380217
5058880614,2021,middle,False,3,W3161569725
5058881584,2022,last,False,3,W3208480086
5058891144,2020,last,False,3,W3116871949
5058891617,2021,middle,False,6,W3212447373
5058896884,2020,first,True,3,W3100439069
5058918482,2022,middle,False,4,W4286226650
5058923617,2022,middle,False,7,W3205301323
5058929336,2021,last,False,17,W3139150463
5058939594,2019,first,False,2,W2987972786
5058941408,2021,last,False,4,W4205275740
5058955724,2021,middle,False,4,W4210999213
5058974318,2020,middle,False,4,W2997416967
5058981598,2022,middle,False,4,W4296079524
5058983757,2020,last,False,2,W3034156543
5058985468,2022,first,True,6,W4283716960
5058989730,2022,last,False,7,W4310731961
5059001924,2020,middle,False,4,W3088624469
5059002634,2020,middle,False,7,W3101786835
5059014800,2020,middle,False,4,W3100899490
5059026169,2021,middle,False,7,W3167364369
5059027378,2021,middle,False,9,W3181159501
5059045087,2021,last,False,5,W3215639742
5059051408,2022,middle,False,11,W4306885037
5059053709,2022,last,False,3,W4385573841
5059057476,2022,first,False,5,W4281992726
5059067107,2022,middle,False,5,W4292941885
5059068945,2019,last,False,2,W2985337504
5059071467,2022,middle,False,6,W4385574366
5059077090,2021,last,False,4,W4226078010
5059083216,2022,middle,False,10,W4307818395
5059087818,2021,middle,False,8,W3175157140
5059096027,2021,last,False,2,W3215742971
5059125158,2021,last,False,8,W3118630706
5059141717,2021,middle,False,8,W3163826605
5059144722,2021,middle,False,6,W3176197839
5059146216,2021,middle,False,4,W4206897394
5059155086,2022,middle,False,6,W3207526834
5059155953,2022,middle,False,7,W4285195959
5059170551,2021,middle,False,7,W4206007955
5059179935,2022,first,False,2,W4206563428
5059202822,2022,last,False,7,W4316036003
5059220776,2022,last,False,5,W4312858706
5059227406,2019,middle,False,8,W2970723181
5059231561,2020,first,True,5,W3014521650
5059244844,2022,first,False,6,W4294811220
5059251464,2021,middle,False,4,W3179867916
5059267221,2022,middle,False,18,W4221148741
5059270375,2022,middle,False,7,W4306178485
5059272660,2021,last,True,4,W3206011792
5059278532,2022,middle,False,3,W4327500867
5059288410,2020,last,False,5,W3045620180
5059297828,2020,first,True,3,W3102042387
5059300000,2022,last,False,3,W4309997606
5059302775,2021,middle,False,5,W3178077565
5059307845,2020,middle,False,6,W3115198855
5059321688,2022,middle,True,10,W4220729493
5059322637,2022,last,True,5,W4310910011
5059332073,2021,last,False,2,W3183529836
5059340686,2020,middle,False,4,W3048636527
5059344854,2021,middle,False,4,W3213639431
5059351590,2020,middle,False,7,W3103592385
5059353526,2022,last,False,4,W4206543746
5059356240,2020,last,False,5,W3091418883
5059356303,2021,first,False,2,W3187166746
5059359253,2022,last,False,3,W4221042002
5059368105,2020,last,False,6,W3114415468
5059369082,2022,middle,False,5,W4318147860
5059386507,2022,first,False,2,W4223617123
5059387686,2022,middle,False,5,W4283219089
5059388246,2021,middle,False,4,W4214597502
5059403175,2019,middle,False,6,W2922580172
5059410166,2022,middle,False,4,W4220933043
5059412525,2022,middle,False,8,W4297142486
5059413402,2020,middle,False,7,W3037865544
5059418519,2021,last,False,4,W3133361432
5059424896,2022,last,False,6,W4308216616
5059427197,2021,middle,False,4,W3177025426
5059443966,2022,middle,False,5,W4301146083
5059444296,2021,last,False,2,W3183096798
5059455535,2021,last,False,4,W3203366169
5059468860,2021,last,False,3,W3124120397
5059482414,2021,middle,False,5,W4225486955
5059489981,2019,middle,False,4,W2970081744
5059491225,2022,middle,False,10,W4321636758
5059509374,2022,middle,False,4,W4313396362
5059512412,2022,last,False,6,W4313263335
5059512471,2022,middle,False,5,W4296437323
5059521863,2022,last,False,2,W4285400421
5059524537,2022,middle,False,10,W3212386989
5059529586,2022,middle,False,5,W4287888941
5059530979,2020,first,False,4,W3027560576
5059538936,2022,middle,False,7,W4296306243
5059544000,2022,middle,False,13,W4287855085
5059572713,2020,middle,False,3,W3004008529
5059586917,2022,last,False,3,W4226376310
5059592615,2021,first,True,5,W3183968703
5059603729,2021,middle,False,7,W4210684130
5059604503,2020,middle,False,7,W3137099164
5059607973,2022,first,False,2,W4385573746
5059620310,2020,middle,False,7,W3113396957
5059621358,2022,middle,False,10,W4285241172
5059648257,2022,last,False,5,W4288057765
5059650940,2021,last,False,2,W3124604025
5059650977,2020,middle,False,5,W2998006249
5059664573,2022,last,True,5,W4295813601
5059669108,2021,last,False,3,W4205505336
5059695739,2021,middle,False,4,W3211532300
5059703957,2020,first,False,2,W2998399146
5059744858,2021,first,True,3,W3194284871
5059764145,2020,first,False,3,W2998557616
5059767940,2020,middle,False,6,W3114725666
5059778915,2022,middle,False,4,W4285188282
5059781225,2022,middle,False,6,W4308599814
5059787539,2022,middle,False,8,W4213087197
5059791084,2022,middle,False,10,W4225297420
5059793510,2021,first,False,3,W4214697051
5059793697,2022,last,False,10,W4283071620
5059794281,2020,middle,False,8,W3109125565
5059804119,2020,middle,False,5,W3115650992
5059804251,2021,middle,True,4,W3178633887
5059811306,2022,last,False,3,W4312159352
5059814300,2019,middle,False,5,W2990188683
5059819810,2020,middle,False,8,W3037217495
5059823739,2022,last,False,3,W4307165495
5059827048,2022,middle,False,6,W4296442413
5059828885,2022,middle,False,6,W4293582966
5059847153,2022,middle,False,3,W4385574017
5059851425,2022,middle,False,3,W4297035432
5059858850,2022,middle,False,6,W4292968575
5059859009,2021,last,False,5,W3155266314
5059859993,2021,middle,False,6,W4225454120
5059862845,2022,middle,False,12,W4210733793
5059864597,2020,last,False,12,W3117238912
5059877507,2022,middle,False,4,W4309675322
5059881838,2022,first,True,4,W4301395778
5059891662,2022,middle,False,6,W4229334288
5059896359,2022,middle,False,10,W4308922056
5059899524,2021,middle,False,4,W3120494669
5059911353,2022,middle,False,11,W3205816523
5059923244,2021,middle,False,7,W3180940307
5059926864,2020,middle,False,8,W3092903587
5059926999,2021,middle,False,7,W3163474636
5059943716,2022,middle,False,4,W4312068411
5059945365,2022,middle,True,14,W4282936228
5059946729,2020,last,False,3,W3102803571
5059955534,2019,last,False,4,W2962833140
5059964562,2021,middle,False,11,W3212947338
5059966966,2021,middle,False,6,W3214520975
5059967200,2020,middle,False,6,W2998516864
5059971229,2022,first,False,3,W4280521129
5059973993,2022,middle,False,7,W4285288414
5059990582,2022,middle,False,3,W4285180560
5059994136,2022,middle,False,4,W4296079663
5059996362,2020,first,True,6,W3126910220
5059997145,2022,last,True,3,W4312681164
5060008427,2020,middle,False,6,W3045780055
5060029125,2022,first,False,9,W4307100079
5060031161,2021,last,False,3,W3197981364
5060034165,2022,middle,False,5,W4285412936
5060042752,2022,middle,False,5,W4226359564
5060048238,2019,first,False,4,W3004838723
5060065532,2019,middle,False,3,W2974134141
5060081515,2019,middle,False,3,W2952594430
5060090893,2021,last,False,3,W3195225700
5060101664,2021,middle,False,3,W3163920200
5060113704,2022,middle,False,9,W4313468495
5060130626,2021,middle,False,7,W3217463528
5060143640,2020,middle,False,4,W3029432124
5060147433,2021,middle,False,16,W3200545562
5060160101,2020,middle,False,8,W3088460296
5060167915,2021,middle,False,4,W3160879610
5060170090,2022,first,False,3,W4287888492
5060171279,2022,middle,False,3,W4224441980
5060174190,2020,middle,False,5,W2918540534
5060181276,2021,first,False,2,W3186332848
5060182415,2019,middle,False,3,W3007399118
5060183988,2020,middle,False,6,W3000661126
5060184008,2022,middle,False,10,W4283704460
5060188217,2020,last,False,4,W3116273006
5060189598,2022,middle,False,6,W4223651117
5060190356,2020,middle,False,7,W3029802725
5060196069,2021,last,False,7,W3121904249
5060204967,2020,middle,False,7,W3106488531
5060212021,2022,middle,False,6,W4214873408
5060212061,2022,middle,False,5,W4312384563
5060216265,2022,last,False,14,W4295761272
5060225743,2019,last,False,4,W2963873807
5060231334,2021,last,False,4,W3209198477
5060239584,2021,last,False,4,W3123597688
5060243916,2021,last,False,4,W3195489253
5060245453,2022,last,False,5,W4316659476
5060251766,2019,middle,False,6,W2991788499
5060259737,2021,last,False,4,W3163109966
5060261448,2022,first,False,4,W3197929691
5060270456,2020,first,False,5,W3107973541
5060273621,2022,first,False,5,W4309563206
5060280875,2020,middle,False,5,W3106306852
5060284222,2021,first,False,7,W3155151075
5060285090,2022,middle,False,7,W4306178485
5060290606,2022,last,False,2,W4312864432
5060292745,2022,middle,False,11,W4287854423
5060302183,2022,middle,False,3,W4292787316
5060315162,2022,middle,False,15,W4214672816
5060332228,2020,last,False,4,W3037439385
5060335069,2021,first,False,4,W3204742287
5060339456,2022,middle,False,4,W4312717156
5060347694,2019,last,False,3,W2619818172
5060350556,2022,last,False,4,W4283819412
5060352345,2022,middle,False,8,W4297841899
5060363706,2020,last,False,5,W3023787386
5060368194,2021,middle,False,7,W3166728103
5060371153,2022,first,True,1,W4317382679
5060371329,2021,middle,False,5,W3213785694
5060372031,2021,middle,False,4,W3197407562
5060377481,2021,middle,False,3,W3168584517
5060391370,2021,last,True,7,W3205913984
5060417049,2021,middle,False,4,W3214600742
5060417276,2020,middle,False,6,W3034556939
5060425510,2021,middle,True,6,W3153672153
5060445865,2022,middle,False,3,W4281678128
5060449536,2020,middle,False,7,W3098266846
5060460337,2020,last,False,7,W3033434196
5060464269,2022,middle,False,14,W4210700580
5060481572,2022,middle,False,7,W4318185106
5060492418,2022,last,False,2,W3183811213
5060492935,2022,last,False,7,W4221141786
5060497847,2022,middle,False,4,W4385573775
5060498828,2020,middle,False,7,W2997585029
5060499961,2022,middle,False,19,W4311104054
5060503560,2022,middle,False,9,W4308882396
5060511746,2020,last,False,6,W3085277538
5060514022,2019,middle,False,6,W2982013914
5060519573,2021,middle,False,3,W3210311339
5060532041,2020,last,True,2,W3113664927
5060534465,2020,middle,False,10,W3037991407
5060550755,2020,last,False,2,W3096784882
5060551512,2022,middle,False,4,W4287890480
5060561123,2021,middle,False,5,W3199212312
5060572665,2019,middle,False,3,W2970613633
5060578131,2020,middle,False,6,W3171459814
5060588095,2020,middle,False,3,W3129089344
5060588302,2021,middle,False,5,W3177220799
5060609967,2020,middle,False,4,W3116216483
5060617658,2020,middle,False,8,W3139403840
5060640473,2022,middle,False,7,W3200800895
5060643104,2020,first,False,4,W3117866035
5060644399,2020,middle,False,5,W3097791920
5060644734,2022,last,False,3,W4310208579
5060687079,2019,last,False,3,W3000343461
5060687985,2022,last,False,7,W4292829050
5060691179,2020,last,False,6,W3119076394
5060698638,2022,last,True,6,W4312202005
5060707834,2020,middle,False,5,W3106652897
5060720664,2021,middle,False,6,W3135008634
5060723223,2021,last,True,6,W3175823189
5060730782,2022,last,False,3,W4221143775
5060741187,2019,middle,False,6,W2988167338
5060743720,2021,middle,False,3,W3174619383
5060746555,2020,first,False,2,W3091960922
5060747244,2021,first,False,4,W4200320509
5060769049,2022,middle,False,5,W4321062926
5060769750,2020,middle,False,5,W3103722398
5060783973,2022,middle,False,13,W4310239597
5060790908,2022,middle,False,10,W4285428325
5060797340,2020,last,False,2,W3098614582
5060804553,2021,last,False,3,W3201798224
5060808424,2022,middle,False,9,W4285189706
5060812182,2022,last,False,5,W4281703735
5060815634,2020,first,False,2,W3129381801
5060820355,2022,middle,False,9,W4308687190
5060825780,2021,middle,False,6,W3132781388
5060832996,2021,middle,False,6,W3206529771
5060834723,2021,first,False,2,W3169017236
5060838579,2022,middle,False,7,W4294991206
5060859546,2020,last,True,3,W3103298250
5060873310,2021,middle,False,6,W3193316999
5060899857,2021,last,False,3,W3150290404
5060901163,2022,last,False,3,W4313854575
5060923133,2021,middle,False,3,W4206916277
5060924942,2020,last,False,3,W3089743902
5060926433,2021,last,False,10,W3204800866
5060928641,2020,middle,False,6,W3103694015
5060936121,2022,last,False,5,W4318147860
5060938475,2022,first,False,5,W4385573448
5060951467,2022,middle,False,3,W4312841684
5060958969,2020,middle,False,7,W3026078646
5060958982,2020,first,False,13,W3016028808
5060962435,2022,middle,False,6,W4310572902
5060979948,2020,last,False,4,W3015642076
5061001839,2020,first,False,2,W3104681546
5061021137,2021,middle,False,9,W4214828087
5061021795,2022,last,False,3,W4385573683
5061025205,2021,last,False,5,W3190697745
5061025828,2021,middle,False,7,W3174010726
5061028143,2020,first,False,3,W3129096424
5061033797,2021,middle,False,3,W3216974065
5061037631,2021,last,False,4,W3167845120
5061041118,2020,last,False,2,W3082177341
5061044883,2020,last,False,3,W3093415205
5061046432,2019,last,False,5,W2970808735
5061056186,2022,middle,False,10,W4206221224
5061056286,2021,middle,False,5,W3200653731
5061078522,2022,middle,False,6,W4312814531
5061081732,2022,middle,False,14,W4296886067
5061093849,2021,middle,False,6,W3169754410
5061108898,2021,middle,False,6,W4225454120
5061124112,2022,middle,False,15,W4226277421
5061127138,2021,middle,False,4,W3176042808
5061127336,2020,middle,False,6,W4230571585
5061130224,2022,last,False,3,W4312945876
5061141515,2022,middle,False,5,W4287854458
5061157599,2022,middle,False,8,W4280594315
5061165176,2021,middle,False,5,W3161571818
5061166001,2020,first,False,2,W3112073245
5061181768,2022,middle,False,12,W4309643839
5061189209,2021,last,False,4,W3198359393
5061193324,2022,last,False,6,W3199332348
5061198582,2021,middle,False,3,W3174501163
5061202217,2021,last,False,3,W3216294399
5061205711,2020,middle,False,12,W3012939329
5061215231,2022,first,False,4,W4301184446
5061226410,2020,last,False,3,W3107199975
5061235109,2021,last,True,2,W3197551192
5061235567,2019,last,False,2,W2953014395
5061241015,2021,middle,False,5,W3213059131
5061246300,2019,middle,False,3,W2971015282
5061247461,2021,last,False,5,W3201658153
5061256224,2021,first,False,9,W3173767661
5061260399,2021,first,False,6,W4200178498
5061277148,2022,last,False,2,W4206484811
5061282222,2019,first,False,9,W3159285111
5061284177,2022,last,False,2,W4311463360
5061290830,2022,middle,False,13,W4205999808
5061291051,2022,middle,False,3,W4280568388
5061293835,2021,middle,False,18,W3158665049
5061305812,2021,middle,False,3,W4207029555
5061306965,2022,middle,False,7,W4293517975
5061307250,2020,middle,False,4,W3044695055
5061307708,2021,middle,False,3,W4200490163
5061310617,2021,middle,False,3,W3197514838
5061340195,2022,last,False,3,W4285272223
5061370797,2022,middle,False,3,W4316036006
5061385814,2022,middle,False,3,W4285489784
5061395500,2021,first,True,1,W3195990001
5061396192,2020,last,False,4,W3045834046
5061401133,2022,middle,False,7,W4311173007
5061412281,2022,middle,False,7,W4296593804
5061442960,2022,first,False,4,W4303444760
5061445695,2022,middle,False,8,W3101447603
5061448582,2022,middle,False,9,W4285143468
5061448989,2022,first,False,2,W4312301711
5061450534,2022,last,False,6,W4224308582
5061463962,2022,first,False,3,W4312714499
5061469520,2022,last,False,8,W4307494192
5061473902,2020,middle,False,4,W3092141763
5061479785,2022,last,True,2,W4304084022
5061496529,2021,last,False,5,W3131324121
5061498233,2020,middle,False,5,W3101658985
5061510293,2022,last,True,2,W4284710673
5061515087,2022,middle,False,8,W4312604781
5061528283,2021,first,False,5,W3176913643
5061532603,2022,last,False,6,W4312120828
5061539426,2022,last,False,4,W4280600552
5061541091,2020,last,True,2,W3007718694
5061547469,2021,first,False,3,W3211951295
5061596609,2021,middle,False,4,W3173650973
5061605283,2022,middle,False,4,W4205572457
5061612911,2021,middle,False,6,W3173222967
5061621036,2021,middle,False,6,W3186814609
5061623438,2021,first,True,1,W3202442632
5061627219,2022,middle,False,3,W4389009460
5061628897,2020,last,False,6,W3127923369
5061638693,2022,first,True,1,W3162871608
5061682549,2022,middle,False,5,W4283713302
5061685157,2021,middle,False,18,W4226194443
5061693379,2021,last,False,7,W3208343573
5061699251,2021,middle,True,7,W3207533378
5061699800,2022,last,False,5,W4307550446
5061706169,2021,middle,False,4,W3210737877
5061724331,2020,middle,False,4,W3016137096
5061728632,2021,middle,False,4,W3178769616
5061734661,2021,middle,False,9,W3214106240
5061736592,2020,first,False,4,W3015159888
5061737423,2020,middle,False,8,W3097797955
5061739620,2022,middle,False,6,W3206786886
5061745929,2022,last,False,7,W4312612915
5061752509,2021,middle,False,5,W3162311522
5061754269,2019,last,False,4,W2970644300
5061757320,2022,middle,False,8,W4290725230
5061764261,2022,first,False,4,W4293523262
5061764279,2020,middle,False,6,W3034624105
5061771599,2022,middle,False,5,W4312730918
5061782682,2022,middle,False,4,W4293518185
5061796698,2022,first,False,4,W4292575664
5061806501,2022,middle,True,6,W4285589483
5061807922,2020,last,False,4,W3095202034
5061810530,2019,last,False,4,W2986286738
5061811574,2022,middle,False,8,W4289533863
5061822097,2021,last,False,4,W3004674976
5061826905,2021,middle,False,4,W3163825730
5061842277,2021,last,False,3,W3188781449
5061842716,2022,middle,False,7,W3215180973
5061846947,2021,middle,False,10,W3153727209
5061850214,2020,last,False,7,W3095373628
5061883150,2020,last,False,5,W3003404702
5061897877,2022,last,False,5,W4307184837
5061906127,2022,middle,False,6,W3211339043
5061907084,2021,middle,False,7,W4205342995
5061908942,2021,last,False,2,W3208178363
5061913766,2022,last,False,3,W4225873185
5061917605,2022,middle,False,8,W4308642531
5061931124,2019,last,False,4,W2970592413
5061934496,2020,middle,False,5,W3045620180
5061935473,2021,middle,False,13,W3160231559
5061938188,2022,last,False,5,W4292305358
5061948783,2021,middle,False,8,W3173864402
5061952427,2022,last,False,4,W4312931084
5061956359,2022,first,True,2,W4288943067
5061963466,2022,middle,False,7,W4385572797
5061963964,2022,last,False,3,W4312222627
5061972189,2020,last,False,3,W3115653677
5061992028,2020,first,False,3,W2997792775
5062009349,2020,middle,False,7,W3044312764
5062029765,2020,middle,False,3,W3103699753
5062035687,2020,middle,False,7,W3122607238
5062042272,2022,first,False,5,W4308216812
5062048275,2022,middle,False,18,W4234577219
5062064974,2019,last,False,4,W3015324269
5062072064,2022,last,False,5,W4292787324
5062114153,2022,middle,False,10,W4313525648
5062114345,2022,first,False,2,W4283728719
5062116814,2022,last,False,5,W4361732502
5062129374,2020,first,True,1,W3096051900
5062137716,2022,middle,False,12,W4302018437
5062143037,2021,first,False,5,W3181833619
5062149619,2020,first,False,8,W3035485997
5062152110,2021,last,False,8,W3172583326
5062153401,2019,last,False,3,W3012131082
5062156254,2019,first,False,6,W3004943689
5062163326,2021,middle,False,3,W3155953506
5062168363,2021,middle,True,5,W3175557358
5062168574,2021,middle,False,6,W3207396986
5062171476,2021,middle,False,5,W3185073554
5062187850,2019,first,False,3,W2949442961
5062194509,2020,middle,False,4,W3177156676
5062209641,2019,middle,False,4,W2971350424
5062224846,2020,first,False,5,W3034987881
5062228577,2021,middle,False,4,W3169842523
5062237409,2022,last,False,3,W4285102056
5062250845,2022,middle,False,11,W4225096077
5062260595,2022,middle,False,7,W4385573113
5062260796,2021,middle,False,6,W3195483305
5062271417,2021,last,True,4,W3198996759
5062272913,2022,last,False,6,W4312974298
5062276512,2020,last,False,5,W3034514149
5062285844,2022,middle,False,6,W4280631063
5062287073,2022,middle,False,6,W4309223340
5062293219,2020,last,False,4,W3015746101
5062300635,2020,last,False,5,W3034835156
5062304446,2021,last,True,2,W4221033961
5062305204,2021,middle,False,7,W3217456031
5062319704,2022,middle,False,5,W4313134354
5062322499,2021,middle,False,7,W3175339114
5062327704,2020,middle,False,3,W2996991341
5062334200,2022,middle,False,9,W3205467272
5062350659,2022,middle,False,4,W4313535389
5062357883,2020,middle,False,8,W3015646649
5062359795,2021,first,False,8,W4226373076
5062375227,2021,last,False,3,W3203895273
5062380251,2022,middle,False,11,W4287854423
5062392678,2020,last,False,6,W3035205243
5062396463,2022,first,False,4,W4385572808
5062413478,2020,middle,False,6,W3116099796
5062421156,2022,last,False,6,W4293370870
5062421935,2021,middle,False,5,W3164106291
5062423698,2022,middle,False,7,W4385255030
5062424672,2022,first,False,4,W4293103929
5062426866,2022,middle,True,8,W4311458893
5062433768,2022,last,False,2,W4293576670
5062442747,2022,middle,False,6,W4296777590
5062468884,2022,middle,False,6,W3202807130
5062473985,2020,middle,False,8,W3098068947
5062476973,2022,first,False,10,W4211146624
5062481072,2021,last,False,5,W3214376504
5062519505,2020,middle,False,3,W3103737531
5062530299,2022,first,False,3,W4285242767
5062542123,2022,middle,False,5,W4385573290
5062550465,2022,middle,False,4,W4225015089
5062553068,2020,last,False,2,W3101520866
5062573204,2020,last,False,4,W3128867615
5062586768,2020,middle,False,8,W3115327988
5062587488,2022,last,True,6,W4282946581
5062591167,2021,middle,False,3,W3152988214
5062591304,2020,last,False,7,W3114063959
5062616461,2022,first,False,4,W4283832733
5062620116,2022,middle,False,14,W4306353220
5062638440,2021,middle,False,5,W3215241401
5062662647,2021,middle,False,5,W4226272674
5062666378,2021,middle,False,7,W4210673375
5062710400,2022,middle,False,7,W4285236811
5062718839,2022,last,False,5,W4214877181
5062722477,2020,middle,False,4,W3092695273
5062724090,2019,first,False,5,W2962669974
5062726606,2020,first,True,3,W3114316604
5062726854,2021,middle,False,6,W3155371471
5062737501,2022,first,False,7,W4385573816
5062767761,2022,first,False,7,W4289533802
5062771971,2022,last,False,6,W4328028485
5062774048,2020,middle,False,5,W3094117570
5062778007,2022,middle,False,4,W4225160911
5062807811,2020,last,False,6,W3028659139
5062826665,2022,middle,False,4,W4312876730
5062829885,2021,last,False,5,W3193176023
5062835183,2021,last,False,2,W3211792685
5062836381,2021,last,False,4,W3201219595
5062853168,2021,last,False,2,W3167325725
5062877879,2021,middle,False,6,W3209249960
5062879885,2022,last,False,5,W4385566999
5062895972,2021,middle,False,5,W3173455491
5062897561,2022,last,False,6,W4221143434
5062909392,2019,middle,False,13,W3011949846
5062910836,2019,last,False,5,W2972413484
5062915713,2022,middle,False,7,W4312318972
5062917240,2022,middle,True,6,W4306377771
5062921553,2022,middle,False,3,W4223591627
5062940343,2021,middle,False,6,W3144557079
5062940611,2021,last,False,2,W3183246637
5062942718,2021,middle,False,4,W3168553196
5062945520,2022,last,False,4,W4309478457
5062969664,2020,last,False,5,W3120276248
5062971861,2022,middle,False,7,W4285288414
5062975742,2022,middle,False,8,W4285123920
5062985886,2021,last,False,4,W3196219489
5062991629,2022,last,False,4,W4377236653
5062999747,2021,first,False,3,W3203238533
5063006354,2021,middle,False,7,W3198233388
5063015312,2021,middle,False,4,W3215083509
5063016307,2020,last,False,4,W3111004703
5063036884,2021,middle,False,10,W3133566556
5063046658,2022,middle,False,3,W4311059915
5063052820,2022,last,False,5,W4285210829
5063061204,2019,last,False,2,W2991289992
5063062444,2020,middle,False,7,W3035499295
5063064804,2022,middle,False,3,W4318443974
5063066022,2021,first,False,4,W3213639431
5063067173,2022,last,False,5,W4312504738
5063075000,2021,first,False,6,W3207396986
5063082066,2022,middle,False,3,W4312457403
5063095022,2021,middle,False,17,W3139150463
5063110936,2021,last,False,5,W3204179985
5063128584,2021,middle,False,5,W3173528751
5063147657,2020,last,False,3,W3095340763
5063149046,2020,first,False,4,W3035313462
5063153446,2020,first,True,1,W3116571678
5063170334,2022,middle,False,9,W4385572825
5063170670,2021,middle,False,7,W3203961508
5063188437,2020,last,False,4,W3099051003
5063210975,2021,first,True,1,W3196088075
5063220292,2022,first,True,1,W4297236822
5063223563,2022,last,False,3,W4312457403
5063227535,2020,first,False,6,W3021989992
5063241234,2019,middle,False,5,W2987669390
5063262156,2022,last,False,2,W4283390570
5063280455,2022,last,False,9,W4281384453
5063283689,2020,last,False,2,W3037575273
5063285882,2021,middle,False,6,W4214663214
5063287623,2022,first,True,3,W4311597670
5063288559,2022,middle,False,9,W4293732080
5063297467,2022,middle,False,13,W4310239597
5063299946,2022,middle,False,5,W4312730918
5063307425,2021,first,False,8,W3174306305
5063318300,2020,middle,False,6,W3068336208
5063343642,2020,first,False,2,W3104939451
5063346093,2020,middle,True,4,W3007474616
5063351917,2021,last,False,3,W3176589722
5063358572,2020,middle,False,9,W3112315235
5063364645,2019,middle,False,8,W2988739750
5063371150,2022,first,True,2,W4295736374
5063398043,2020,middle,False,7,W3105935311
5063402368,2022,last,False,2,W4385572951
5063405831,2019,middle,False,8,W2954226438
5063412515,2021,first,False,4,W3195888405
5063416376,2022,middle,False,4,W4288781262
5063419041,2021,last,False,2,W3151345987
5063426870,2022,middle,True,12,W4300861364
5063431322,2022,middle,False,3,W4385324836
5063439393,2021,first,False,2,W3172097791
5063444742,2021,middle,False,5,W3215241401
5063455671,2021,last,False,6,W3208243843
5063457506,2020,last,False,18,W3031301501
5063459703,2020,last,False,5,W3037422790
5063460321,2021,middle,False,8,W3173360659
5063460883,2020,middle,False,5,W2998640556
5063463192,2022,middle,False,7,W4312854774
5063466614,2020,last,False,3,W3175860345
5063474492,2021,last,False,15,W3177331906
5063475947,2021,middle,False,4,W4205243694
5063477361,2020,last,False,3,W3093912612
5063480277,2020,last,False,3,W3099739484
5063482441,2021,first,False,2,W3172497214
5063499248,2020,middle,False,3,W3109281256
5063512115,2022,middle,False,9,W4312898271
5063512642,2021,last,False,3,W3156794988
5063517725,2022,middle,False,7,W4313564004
5063521444,2020,last,False,5,W3044083334
5063528547,2022,middle,False,4,W4385573522
5063536123,2021,first,False,3,W3200895474
5063539323,2021,first,False,4,W3195044875
5063557800,2021,middle,False,4,W3155091141
5063559163,2022,first,False,5,W4385573837
5063564093,2022,middle,False,5,W4298144071
5063568442,2022,middle,False,6,W4210598544
5063574664,2021,middle,False,21,W3162479984
5063576338,2021,last,False,3,W4231582634
5063590181,2022,middle,False,11,W4385573280
5063590605,2022,middle,False,5,W4293064497
5063611538,2022,last,False,2,W4304997378
5063617509,2019,middle,False,8,W2970092972
5063619413,2022,last,False,2,W4226264925
5063629854,2021,middle,False,5,W3200653731
5063642951,2022,last,False,4,W4210839873
5063658399,2022,middle,False,7,W4313006333
5063672760,2020,last,False,3,W3109540321
5063685438,2021,last,False,3,W4200336541
5063695659,2020,middle,False,4,W3034503989
5063696855,2021,middle,False,6,W3206851169
5063700071,2021,middle,False,4,W3169842523
5063704705,2021,middle,True,16,W3200545562
5063710079,2020,last,False,2,W3120151739
5063739609,2020,middle,False,8,W3092453057
5063747030,2021,last,False,2,W3134798453
5063756527,2022,middle,False,15,W4214672816
5063761460,2021,last,False,2,W4210752446
5063774442,2021,last,False,2,W4206952096
5063781422,2020,first,True,3,W3076690275
5063784054,2021,middle,False,6,W3199908710
5063792608,2022,middle,False,5,W4283217358
5063794550,2021,middle,False,7,W4200380400
5063811339,2021,last,False,4,W3212767696
5063813962,2021,middle,True,3,W3198965934
5063822723,2021,middle,False,3,W3174392074
5063823247,2020,middle,False,5,W3131976281
5063824268,2022,last,False,7,W4285236811
5063831391,2021,middle,False,6,W4211021002
5063848163,2019,middle,False,4,W2983836503
5063851327,2022,middle,False,5,W4286569754
5063856109,2020,middle,False,3,W3116119174
5063856862,2022,middle,False,7,W4224315276
5063868945,2022,middle,False,3,W4280583168
5063869451,2020,last,False,4,W3118456553
5063876259,2020,last,False,4,W3116676827
5063881434,2021,middle,False,3,W4200356532
5063882039,2022,last,False,4,W4285136668
5063901246,2022,middle,False,5,W4316021280
5063903016,2022,last,False,4,W4292794185
5063933953,2019,middle,False,8,W2970374239
5063936654,2022,middle,False,6,W4310738370
5063948517,2022,middle,False,8,W4307561376
5063959214,2022,middle,False,5,W4210879464
5063961362,2022,middle,False,7,W4293517975
5063986559,2021,last,False,7,W3214234195
5063992777,2020,middle,False,4,W3034556548
5063995470,2020,last,False,3,W3037980204
5064018105,2021,first,True,7,W3214260033
5064019498,2019,middle,False,5,W2983766176
5064020803,2020,middle,False,7,W3129502917
5064023395,2019,first,False,3,W2955348530
5064028977,2020,middle,False,4,W3131911579
5064029620,2020,middle,True,4,W3012716110
5064053803,2021,first,False,2,W3208191520
5064068987,2022,first,False,2,W4280540876
5064069283,2021,middle,False,4,W3167355120
5064072429,2022,middle,False,3,W4210846584
5064078720,2020,last,True,4,W3011396000
5064096346,2022,middle,False,5,W4221122204
5064113904,2019,middle,False,3,W2952659073
5064138796,2022,last,False,3,W4291801327
5064140664,2021,first,False,3,W3114457194
5064148555,2022,last,False,3,W4311753802
5064150468,2020,middle,False,5,W3014585688
5064194126,2021,middle,False,23,W3190761184
5064196534,2021,last,False,5,W3175426713
5064201630,2021,middle,False,7,W3157712880
5064213921,2021,middle,False,7,W4200227931
5064217008,2022,first,False,4,W4221138494
5064234855,2022,last,False,4,W4292847819
5064238181,2022,last,False,6,W4313525558
5064240021,2022,last,False,3,W4313417929
5064261982,2022,first,False,4,W4385573765
5064270644,2022,last,False,3,W4283367184
5064305881,2022,middle,False,7,W3214192224
5064307334,2021,middle,False,3,W3176614973
5064330344,2021,middle,False,3,W4200325561
5064332736,2022,middle,False,4,W4295204309
5064333828,2022,first,False,6,W4226403810
5064335115,2020,last,False,7,W3034952896
5064335604,2022,middle,False,6,W4312401814
5064347324,2022,middle,False,4,W4312341581
5064355563,2020,first,False,3,W3113565049
5064355568,2021,last,False,4,W3211468584
5064384923,2019,last,False,3,W2995811135
5064386877,2022,middle,False,8,W4221021831
5064395265,2021,last,False,3,W3214540015
5064412021,2020,first,False,3,W3108158635
5064414060,2021,middle,False,12,W3200887081
5064422885,2021,last,False,3,W4200554022
5064425555,2022,middle,False,5,W4312454878
5064432881,2021,middle,False,8,W3185611785
5064437952,2022,last,False,6,W4225986972
5064453204,2022,middle,False,6,W4318147471
5064457872,2021,middle,False,6,W3164370402
5064469610,2020,middle,False,9,W3037190798
5064474786,2022,middle,False,3,W4312508610
5064480048,2019,middle,False,10,W2996005046
5064487134,2022,middle,False,5,W4319978604
5064497251,2020,last,False,3,W3117570688
5064527875,2019,middle,False,11,W2972437240
5064529557,2019,middle,False,5,W2969319132
5064535836,2019,middle,False,5,W2992016955
5064541855,2021,middle,False,4,W3170092793
5064570061,2022,middle,False,6,W4224308582
5064573074,2020,last,False,3,W3157160075
5064585229,2019,last,False,5,W2966387645
5064598993,2022,last,False,4,W4311404676
5064600650,2022,middle,False,4,W4285309972
5064602266,2022,middle,False,9,W4308555726
5064606251,2020,middle,False,8,W3033685272
5064612306,2020,middle,False,13,W4233923317
5064615378,2019,last,False,4,W2995439439
5064619395,2021,first,False,2,W3192931333
5064628212,2022,middle,False,10,W4313339841
5064633247,2021,last,True,4,W3215943979
5064637082,2020,middle,False,7,W3034837209
5064643788,2022,middle,False,8,W4318147820
5064645579,2020,first,False,3,W3118314043
5064646829,2022,middle,False,6,W4281787155
5064651888,2022,last,True,3,W4296764940
5064654165,2022,last,True,6,W4293415087
5064657549,2022,middle,False,6,W4221155853
5064657765,2022,middle,False,5,W4296184108
5064660738,2020,last,True,2,W3092036368
5064665867,2020,first,False,4,W3114000409
5064670089,2022,first,True,5,W4286560036
5064675519,2019,middle,False,3,W2973212832
5064681122,2022,middle,False,5,W4213089501
5064683660,2022,middle,False,5,W4312870949
5064701784,2022,middle,True,5,W4309632567
5064708832,2022,first,False,3,W4303021240
5064722764,2021,middle,False,7,W4205176794
5064727229,2021,last,True,5,W3196515943
5064752144,2021,last,False,4,W3184553911
5064766573,2019,middle,False,4,W2946468379
5064767131,2022,middle,False,4,W4226048102
5064779937,2020,middle,False,10,W3094324255
5064788213,2022,middle,False,4,W4285176133
5064795613,2021,last,False,6,W4200544893
5064805926,2021,middle,False,5,W3198299822
5064816456,2020,middle,False,8,W3104464572
5064821427,2021,first,False,5,W3211363559
5064824003,2022,middle,False,3,W4206321637
5064835238,2019,middle,False,5,W2970872015
5064844412,2022,last,False,3,W3085482952
5064845769,2022,last,False,10,W4293691679
5064849055,2021,middle,False,5,W3196326437
5064857650,2022,first,False,5,W4283797513
5064858748,2019,last,False,3,W2970771982
5064869475,2022,middle,False,4,W4285266418
5064872913,2022,middle,False,10,W4224918069
5064873591,2022,last,False,5,W4205601573
5064876801,2021,last,False,3,W3175011118
5064880629,2022,last,True,3,W4309828692
5064883209,2021,middle,False,7,W4207035043
5064895652,2020,first,False,2,W3160322996
5064904127,2022,first,False,4,W4292348010
5064904778,2022,middle,False,6,W4312202005
5064905000,2022,last,False,5,W4313164946
5064905883,2019,last,False,7,W2995514860
5064908921,2021,middle,False,7,W3176971293
5064920618,2022,first,False,5,W4229052826
5064923570,2022,middle,False,6,W4211071725
5064931251,2020,first,False,9,W3095360351
5064938075,2021,last,False,3,W4285334574
5064950120,2022,middle,True,7,W4292852496
5064977687,2019,middle,False,4,W2974794596
5064981016,2022,middle,False,5,W4283790221
5064993025,2020,middle,False,4,W3111939271
5065006343,2021,first,False,4,W3169202238
5065043639,2021,middle,False,7,W3158783012
5065059558,2021,last,False,5,W3137292936
5065060448,2022,last,False,4,W4224065439
5065063835,2022,last,True,5,W4207035468
5065066165,2019,last,False,3,W2972498864
5065100569,2020,last,False,4,W3119978476
5065100828,2020,last,False,4,W3115679279
5065102655,2021,last,False,2,W3207247341
5065104101,2020,last,False,3,W3143431740
5065107543,2021,last,False,4,W3152757982
5065113414,2021,last,False,3,W3204081054
5065118727,2021,middle,False,7,W4200459702
5065120637,2022,middle,True,6,W4286701684
5065142942,2022,middle,False,3,W4221042002
5065143008,2021,first,False,4,W3182095804
5065146109,2021,last,False,6,W3155638556
5065151218,2019,middle,False,5,W3000580701
5065165330,2022,last,False,3,W4285813409
5065166985,2022,middle,False,8,W4220722740
5065170642,2022,middle,False,7,W4311173007
5065183855,2021,middle,False,18,W3186200218
5065193578,2019,middle,False,7,W2983981554
5065197504,2021,middle,False,6,W3214447639
5065207789,2021,middle,False,4,W3173926131
5065209470,2022,last,False,8,W4294719209
5065211292,2022,last,False,2,W4293107644
5065212753,2022,middle,False,3,W4293220829
5065219989,2021,last,False,3,W3193800158
5065226956,2022,first,False,5,W3216939881
5065228901,2020,middle,False,4,W3006227201
5065240222,2022,middle,False,7,W4311448413
5065246697,2022,first,False,6,W3200369555
5065250332,2021,last,False,5,W3175787213
5065257553,2020,middle,True,6,W3117200629
5065273077,2021,middle,False,5,W3209230846
5065291780,2020,first,False,2,W3088852692
5065296262,2019,middle,False,7,W2954444514
5065306891,2022,middle,False,7,W4316036003
5065310800,2021,last,False,10,W3215715863
5065313479,2020,last,False,11,W3011906630
5065316896,2021,last,False,4,W3195402592
5065321500,2021,last,False,6,W3213804213
5065328227,2020,last,False,2,W3080211063
5065367615,2022,middle,False,6,W4220853886
5065368839,2021,middle,False,5,W3155825510
5065370018,2020,middle,False,3,W3115431956
5065374721,2022,middle,False,5,W4213114564
5065378241,2020,middle,False,6,W3105082862
5065380724,2021,middle,False,9,W3202528722
5065382850,2021,middle,False,3,W3203360330
5065394791,2020,last,False,4,W3016137096
5065396147,2021,middle,False,5,W3195865364
5065396462,2022,middle,False,6,W4311679548
5065397399,2022,middle,False,6,W4287891172
5065410886,2022,last,False,3,W4319586115
5065413313,2021,last,False,3,W3213896733
5065414422,2022,middle,False,9,W4317495847
5065418889,2019,last,False,4,W2985601521
5065420566,2019,middle,False,7,W2962904809
5065423139,2020,middle,False,4,W3101509145
5065423554,2021,last,False,7,W3167364369
5065426559,2022,middle,False,3,W4311313865
5065432201,2022,middle,False,17,W4281696767
5065432848,2022,first,False,2,W4361732189
5065436711,2022,middle,False,7,W4211026163
5065441631,2022,middle,True,9,W4221033952
5065462244,2021,middle,False,3,W4239646627
5065464552,2021,middle,False,6,W3196401837
5065472980,2022,middle,False,5,W4285247267
5065504551,2022,middle,False,6,W4214873408
5065505890,2022,middle,False,4,W4220973222
5065509988,2021,middle,False,5,W4210337481
5065522947,2022,last,False,3,W4308462679
5065526118,2022,first,True,4,W4226269280
5065529268,2021,middle,False,7,W3209950363
5065529689,2022,middle,False,6,W4229032688
5065532121,2021,middle,True,6,W3155638556
5065539173,2022,middle,False,16,W4312799098
5065549677,2020,first,True,6,W3012070096
5065553978,2021,last,False,3,W4205388893
5065576006,2022,middle,False,4,W4313186669
5065583071,2022,middle,False,9,W4284681137
5065595661,2020,middle,False,6,W3114925695
5065615211,2022,middle,False,5,W4386159457
5065630092,2022,middle,True,5,W4229053887
5065630093,2021,last,False,4,W3176033362
5065630217,2022,last,False,5,W4310461588
5065635207,2021,middle,False,5,W3197386487
5065644953,2021,middle,False,4,W3134547365
5065649079,2020,middle,False,6,W3010593057
5065660222,2022,middle,False,15,W4313128715
5065661520,2021,middle,False,6,W4205156487
5065669269,2022,middle,False,5,W4285290202
5065669497,2022,first,False,5,W4210820433
5065674779,2020,first,False,5,W3104713013
5065675832,2022,last,False,9,W4280518705
5065701116,2022,last,False,3,W2997781365
5065707035,2022,middle,False,8,W4306694238
5065708102,2022,middle,False,5,W4312238214
5065709581,2020,last,False,6,W3104746486
5065722787,2022,last,False,4,W4312949526
5065724368,2022,middle,True,5,W4283702053
5065725754,2021,middle,False,3,W3124887724
5065732180,2022,middle,False,5,W4320801492
5065745449,2022,last,False,4,W4385894651
5065751582,2021,last,False,3,W3135352592
5065764571,2020,middle,False,5,W3125133334
5065766320,2021,last,False,6,W3216550917
5065766721,2020,last,False,3,W3090163455
5065767090,2021,first,False,3,W3208444943
5065787417,2022,last,False,3,W4321386571
5065787419,2022,last,False,3,W4308235913
5065802292,2022,middle,False,4,W4290996525
5065822589,2020,first,False,4,W3116295307
5065837975,2021,last,False,3,W4200176306
5065842715,2021,middle,False,5,W4206084090
5065845420,2021,middle,False,5,W3131324121
5065846659,2022,first,False,3,W4309224965
5065846695,2022,middle,True,24,W4220888452
5065856469,2019,last,False,5,W2970303069
5065865669,2021,last,False,6,W4225940582
5065879041,2022,first,False,3,W4362650921
5065882373,2022,middle,False,7,W4289533802
5065887338,2021,last,False,5,W3195865364
5065941595,2020,middle,False,6,W3170131685
5065943693,2021,last,False,3,W3214605075
5065946561,2021,middle,False,5,W3200653731
5065952016,2021,last,False,6,W3186814609
5065953057,2022,last,True,3,W4309647895
5065953933,2022,first,False,7,W4285123808
5065960134,2020,middle,False,7,W3114149551
5065964089,2022,last,False,4,W4221167453
5066004392,2022,middle,False,3,W4289534020
5066026428,2020,last,False,4,W3037223009
5066026979,2022,last,True,3,W4205137427
5066030227,2020,first,True,5,W3104910720
5066034988,2021,middle,False,8,W3122886537
5066043613,2020,last,False,2,W3091960922
5066063086,2020,middle,False,6,W3097301690
5066063885,2019,last,False,3,W2974134141
5066077296,2019,last,False,5,W2978281900
5066119228,2023,middle,False,9,W4382203398
5066126611,2021,last,False,6,W4200156962
5066126749,2022,middle,False,18,W4287854440
5066130528,2021,last,False,3,W4206671254
5066140774,2019,middle,True,5,W2970320848
5066142255,2021,last,True,5,W3046357466
5066149942,2022,middle,False,5,W4292827667
5066151952,2022,middle,False,4,W4317418743
5066155126,2021,last,False,5,W3162311522
5066158286,2022,first,False,2,W4281634230
5066174919,2022,first,False,4,W4304098627
5066179425,2022,middle,False,5,W4316021280
5066184277,2021,middle,False,6,W3185915495
5066184920,2020,middle,False,4,W3099635335
5066198756,2022,first,False,4,W4289397461
5066203252,2022,middle,False,5,W4308216812
5066203581,2022,last,True,4,W4281564645
5066205926,2021,last,False,3,W4255756278
5066217549,2021,last,False,2,W3162504618
5066229916,2022,middle,False,4,W4224267936
5066242385,2022,middle,False,6,W4225377340
5066245750,2021,last,True,6,W3137581839
5066277873,2022,middle,False,15,W4313251083
5066282713,2021,first,False,5,W3174090807
5066286956,2022,middle,False,9,W4210827199
5066305082,2019,last,False,4,W2985750080
5066310925,2019,middle,False,6,W2987583383
5066313021,2021,middle,False,5,W3201225328
5066314455,2022,middle,False,4,W4309346246
5066326081,2022,middle,False,4,W4200629808
5066326238,2020,middle,False,7,W2997645422
5066338886,2022,middle,False,4,W4212916849
5066340205,2020,last,False,2,W2981004913
5066340728,2021,middle,False,8,W3214081646
5066341740,2021,first,True,4,W3204737103
5066361870,2021,middle,False,3,W3197388494
5066365471,2020,middle,False,5,W3080562041
5066382672,2021,last,False,7,W3205784907
5066386392,2022,last,False,6,W4313489927
5066394609,2020,last,False,2,W3046978282
5066400785,2022,last,False,12,W4281487830
5066401951,2020,middle,False,7,W3129502917
5066404470,2020,first,False,7,W3102854726
5066409680,2022,middle,False,6,W4283803815
5066412228,2021,first,False,2,W3215742971
5066422711,2020,last,False,6,W2997464781
5066447873,2022,middle,False,8,W4312311432
5066452160,2021,middle,False,3,W3194936395
5066452288,2020,first,False,4,W3127411548
5066456246,2020,middle,False,5,W3046075397
5066462028,2022,first,False,3,W4288388985
5066463520,2022,last,False,4,W4312747999
5066468110,2022,last,False,6,W4308236201
5066475302,2022,last,False,5,W4281566391
5066497689,2020,last,False,3,W3101023622
5066499031,2022,first,False,5,W4224243241
5066504775,2020,middle,False,7,W3106488531
5066506385,2021,first,True,3,W4200530755
5066506917,2021,last,False,4,W3197486099
5066520392,2021,first,False,3,W3193970561
5066544075,2021,last,False,2,W3176484337
5066546170,2021,middle,False,8,W3129895333
5066553195,2022,first,False,5,W4292828961
5066555129,2019,first,False,2,W3005983548
5066555930,2022,middle,False,5,W4313229660
5066573512,2020,first,False,3,W3114613321
5066589212,2021,middle,False,6,W3185487872
5066592325,2021,last,False,4,W3214515980
5066595711,2021,last,False,3,W3196601925
5066610574,2021,last,False,2,W3197707764
5066617875,2021,first,False,6,W3129824274
5066619159,2021,middle,False,5,W3175303557
5066621776,2021,last,False,6,W3202655240
5066633137,2022,last,False,4,W4306148196
5066635275,2022,middle,False,7,W4310731961
5066639695,2021,middle,False,5,W3217467230
5066645546,2021,first,False,6,W3173432693
5066657755,2022,last,False,5,W4304142243
5066658319,2022,last,True,2,W4229372676
5066667859,2021,middle,False,11,W3214785274
5066675534,2021,first,True,1,W4206631369
5066682900,2021,middle,False,12,W3177500196
5066699855,2021,middle,True,4,W4200182940
5066720584,2021,middle,False,5,W3198599759
5066725212,2020,middle,False,5,W3041134523
5066726623,2021,last,False,5,W4205831880
5066727108,2021,middle,False,4,W4214940728
5066732273,2021,last,False,6,W3188510491
5066755055,2022,last,False,3,W3200000156
5066756066,2021,last,False,6,W3212963155
5066763268,2022,middle,False,7,W4318186076
5066768790,2022,middle,False,8,W4385573325
5066783652,2021,middle,False,11,W3214785274
5066791489,2022,first,False,8,W4283722331
5066796478,2022,last,True,2,W4298008244
5066811192,2022,middle,False,5,W4313306150
5066825402,2021,first,False,4,W3175501901
5066829510,2022,middle,False,3,W4220788359
5066831688,2022,middle,False,4,W4385574375
5066848156,2019,last,False,4,W2971051558
5066856623,2021,middle,False,4,W3217429391
5066857796,2021,middle,False,6,W4206178224
5066862201,2020,last,False,6,W3094577834
5066864733,2021,last,False,3,W3133874165
5066867900,2020,middle,False,5,W3099008231
5066873932,2019,last,False,4,W2970393840
5066881473,2021,middle,True,4,W3121097083
5066896766,2020,middle,False,8,W3109919947
5066905801,2019,middle,False,4,W2962845008
5066925770,2019,last,False,2,W2987972786
5066940046,2019,last,False,3,W2995936766
5066945309,2021,last,False,3,W3154368324
5066967599,2022,middle,False,4,W4280567182
5066968362,2020,first,False,3,W3117480590
5066973702,2022,last,False,6,W4226403810
5066976445,2020,middle,False,4,W3039987544
5066977998,2022,last,False,3,W4293096179
5066981817,2021,last,False,6,W3178384248
5066994589,2022,last,False,4,W3207316101
5066999906,2022,last,False,9,W4309751617
5067001353,2022,middle,False,6,W4292869146
5067034635,2020,last,False,4,W3034588514
5067042195,2021,middle,False,5,W3208449471
5067054454,2020,last,False,2,W3024226488
5067057943,2022,middle,False,5,W4312317697
5067064621,2022,last,False,2,W4385573937
5067068244,2019,middle,False,7,W2970645034
5067077182,2021,last,False,5,W4226126870
5067081441,2020,middle,False,7,W3175470739
5067088014,2022,last,False,3,W4309675387
5067090170,2022,middle,False,7,W4293518014
5067097659,2021,last,False,3,W3209798173
5067124710,2022,middle,False,3,W4312451049
5067133778,2020,middle,False,3,W3117162907
5067137759,2022,middle,False,5,W4226217623
5067141358,2021,first,False,7,W3174263371
5067143303,2020,last,False,5,W3043424630
5067147989,2020,middle,False,7,W3037016244
5067163128,2021,last,False,5,W3211282340
5067167924,2021,first,False,3,W3193466539
5067170834,2021,middle,False,4,W3176033362
5067174475,2021,middle,False,3,W3191663075
5067178556,2019,last,False,7,W2955503464
5067189335,2022,middle,False,3,W4312807036
5067191302,2022,last,False,4,W3197929691
5067194140,2021,last,False,5,W3161430317
5067200719,2021,first,False,4,W4205178067
5067208985,2020,middle,False,6,W3046209160
5067214173,2019,last,False,8,W2970374239
5067220251,2021,middle,False,13,W3169283738
5067226213,2021,middle,False,5,W3198923619
5067229100,2022,first,False,5,W4366308439
5067235438,2020,last,False,2,W3098275893
5067237858,2022,last,False,3,W4221074645
5067237923,2022,middle,False,7,W4280596790
5067251509,2020,middle,False,7,W3089935563
5067253160,2022,middle,False,10,W4312962570
5067253588,2021,middle,False,3,W3173596483
5067255721,2021,last,True,2,W3211256153
5067278180,2021,middle,False,3,W3122649560
5067285379,2021,first,False,3,W3205743929
5067293823,2021,middle,False,7,W3194740358
5067298540,2021,last,False,3,W3196543367
5067298637,2022,last,False,3,W4205328112
5067301751,2020,last,False,4,W3115174251
5067325797,2021,middle,False,6,W3129824274
5067341711,2020,last,False,3,W3037260988
5067363563,2020,last,True,4,W3023360076
5067371740,2022,middle,False,6,W3121354667
5067373420,2022,last,True,5,W4293770948
5067373772,2022,middle,False,9,W4284681137
5067376795,2022,middle,False,7,W4226396484
5067377863,2021,last,False,5,W3173718765
5067404025,2020,middle,False,11,W3094616447
5067423633,2020,middle,False,7,W3042196038
5067433878,2021,first,False,3,W3163044982
5067456520,2022,middle,False,9,W4385573192
5067456561,2022,middle,False,6,W4296993572
5067460538,2022,middle,False,6,W4285212850
5067464832,2022,last,False,3,W4285736465
5067467896,2022,middle,False,6,W4283203903
5067478126,2022,middle,True,4,W4283516025
5067478312,2022,first,True,1,W4282930119
5067489760,2019,middle,False,5,W2970487286
5067499148,2021,first,False,8,W3129895333
5067501991,2021,last,False,2,W3170952411
5067502218,2021,last,False,4,W3157867677
5067504579,2022,middle,False,5,W4224310864
5067523103,2022,middle,False,4,W4285265395
5067527166,2020,last,False,13,W4233923317
5067529252,2022,middle,False,5,W4297461942
5067541352,2022,middle,False,17,W4281696767
5067553162,2019,middle,False,4,W3004838723
5067556490,2021,middle,False,6,W3199674352
5067578148,2020,middle,False,5,W3099862858
5067578751,2022,middle,False,7,W4294991206
5067606425,2022,first,True,3,W4213060092
5067619763,2020,last,False,3,W3130256328
5067621853,2021,last,False,6,W3148437589
5067626567,2022,middle,False,5,W4285603001
5067637282,2019,first,False,2,W2964938584
5067637620,2021,middle,False,6,W3214579757
5067651075,2020,last,False,2,W3124303681
5067664620,2021,middle,False,6,W4205528004
5067665101,2021,first,False,7,W3177376760
5067666250,2022,middle,False,7,W4385573513
5067668919,2022,middle,False,5,W4213114564
5067682200,2022,middle,False,3,W4309675387
5067685274,2021,first,False,7,W4200395878
5067703807,2020,last,False,2,W3044191296
5067715727,2022,middle,False,6,W4206722835
5067722075,2020,middle,False,3,W3118109963
5067727119,2022,middle,False,4,W4312825288
5067728815,2020,last,False,7,W3127195320
5067752906,2021,last,False,6,W3173528555
5067754968,2019,first,True,2,W2972696717
5067763208,2021,first,False,6,W3200300167
5067776186,2022,middle,False,7,W4306292704
5067778879,2022,middle,False,6,W4287887943
5067786282,2022,middle,False,4,W4306252592
5067799841,2022,middle,False,8,W4287849789
5067803447,2022,last,False,6,W4220853886
5067804280,2019,middle,False,7,W2962904809
5067813745,2021,middle,False,5,W3199252595
5067820015,2022,last,False,15,W4226277421
5067846625,2019,middle,False,7,W2951221758
5067849522,2021,last,False,5,W4211178164
5067850699,2022,middle,False,9,W4293732080
5067851689,2022,last,False,2,W4296252840
5067851924,2020,last,False,2,W3037212200
5067855183,2021,last,False,3,W4205299830
5067858777,2022,middle,False,7,W4366308365
5067869262,2020,middle,False,5,W3118630514
5067875645,2022,last,False,3,W4309224960
5067880199,2022,middle,False,7,W3215180973
5067880329,2021,middle,False,9,W3133671674
5067895217,2021,middle,False,3,W3135835076
5067909817,2020,middle,True,6,W3012070096
5067919401,2019,middle,False,4,W2970550868
5067939225,2021,last,False,5,W3154972880
5067943980,2019,last,True,2,W2963571583
5067949412,2022,middle,False,7,W4389009376
5067965505,2022,middle,False,5,W4292828962
5067975594,2022,first,False,2,W4313331018
5067975955,2021,last,False,4,W3212829701
5067984774,2022,last,False,5,W4212820322
5067992545,2022,middle,False,3,W4293083618
5067997502,2020,middle,True,5,W3104616515
5067997634,2019,middle,False,6,W3005626333
5068036675,2022,last,False,18,W4225593490
5068043486,2020,last,False,4,W3093545390
5068065546,2019,first,False,7,W2965536863
5068068982,2022,middle,False,10,W4207068766
5068082037,2020,middle,False,7,W3094256870
5068084016,2021,first,False,7,W3214862327
5068085383,2022,last,True,2,W4226516448
5068085751,2021,last,False,2,W4206668490
5068098071,2022,last,True,3,W4286266821
5068103198,2022,last,False,2,W4281492018
5068119108,2022,middle,False,6,W4294811220
5068145529,2022,first,False,3,W3130527742
5068147431,2019,middle,False,4,W2945465473
5068150504,2019,middle,False,11,W3004516141
5068157871,2019,middle,False,6,W2970224261
5068184256,2020,middle,False,5,W3101850416
5068185614,2021,middle,False,5,W3206387123
5068187442,2022,first,False,4,W3216606786
5068195118,2022,middle,False,5,W4313350185
5068228244,2022,middle,False,14,W4293181503
5068240764,2021,last,False,4,W3196434891
5068243197,2020,middle,False,4,W3033455154
5068244750,2020,first,False,6,W3176438635
5068251401,2022,first,True,4,W4313457022
5068251664,2020,middle,False,5,W3179121683
5068268204,2020,first,False,3,W3115245508
5068271978,2021,middle,False,4,W3127245124
5068272420,2022,middle,True,3,W4284886889
5068304622,2022,last,False,3,W4308347910
5068320631,2020,middle,False,4,W3132183265
5068323815,2022,last,False,4,W4283027008
5068324214,2022,first,False,3,W3196706143
5068324507,2021,middle,False,7,W4200380400
5068330105,2020,first,False,3,W3081488690
5068341861,2021,middle,False,3,W3197958603
5068342884,2020,middle,False,6,W3094741065
5068355358,2020,last,False,3,W3048338659
5068355428,2019,middle,False,9,W2997522493
5068363339,2022,last,True,5,W4280490223
5068377776,2022,first,True,3,W4282561308
5068381295,2020,middle,False,3,W3034995026
5068382420,2020,middle,False,3,W3119308520
5068384981,2020,middle,False,15,W3088112290
5068387703,2022,first,True,9,W4281384453
5068395875,2021,middle,False,6,W4225940582
5068408717,2022,last,False,8,W4312311432
5068426842,2021,first,True,5,W3178340556
5068433690,2021,first,False,4,W3168125510
5068447696,2021,middle,False,4,W3198996759
5068459156,2020,first,False,7,W3035503910
5068467320,2022,middle,False,3,W4212929379
5068477431,2021,last,False,8,W3170037207
5068508238,2022,first,False,3,W4280532631
5068508539,2019,last,False,5,W2952988558
5068510150,2021,middle,False,3,W3199321767
5068522348,2021,last,False,3,W3139450269
5068523611,2022,middle,False,16,W4311711276
5068530473,2021,middle,False,6,W3139508020
5068537006,2022,middle,True,4,W4220956846
5068539014,2022,middle,False,9,W3197370269
5068548095,2022,first,False,2,W4285019302
5068565584,2022,last,False,6,W4220769461
5068590853,2022,middle,False,4,W4293153656
5068604686,2022,middle,False,3,W4312097514
5068624597,2022,middle,True,5,W4206973387
5068625546,2019,middle,False,7,W2965497726
5068626480,2021,last,False,5,W3175904109
5068645922,2020,last,False,4,W3090305424
5068664439,2021,last,False,3,W3203373254
5068665155,2021,middle,False,5,W4200158018
5068670330,2019,middle,False,10,W2970172141
5068675549,2021,middle,True,4,W3172181889
5068679305,2021,last,False,5,W3212341733
5068694303,2021,middle,False,4,W4200575386
5068709817,2019,last,False,8,W2972664115
5068728736,2021,middle,False,4,W3159521921
5068730597,2021,last,False,4,W3130487402
5068732609,2022,last,True,10,W4220729493
5068745864,2021,first,True,4,W3165871609
5068752386,2022,first,False,2,W4285210591
5068755696,2019,middle,False,3,W2966485999
5068756690,2021,first,False,2,W3141961557
5068760974,2022,middle,False,3,W4281755684
5068764025,2022,last,False,4,W4312717156
5068767089,2021,middle,False,5,W3153192127
5068768998,2021,middle,False,8,W3163826605
5068776818,2021,last,False,2,W3125131374
5068780105,2022,first,False,2,W4297263623
5068789709,2020,first,False,8,W3097797955
5068792201,2021,middle,False,4,W3196091473
5068794484,2021,middle,False,8,W3138559567
5068798602,2021,middle,False,5,W3202218171
5068803477,2022,last,False,7,W4225834427
5068811427,2019,middle,False,5,W2970832665
5068812101,2020,middle,False,4,W3160603648
5068816674,2022,last,False,3,W4205757194
5068826352,2022,middle,False,8,W4282049100
5068829373,2022,last,False,3,W4388423786
5068833320,2019,last,False,5,W2971062717
5068836948,2022,middle,False,4,W4297514003
5068838638,2021,first,False,3,W3199321767
5068843753,2021,middle,True,3,W4212895649
5068853170,2021,middle,False,3,W3162843412
5068866637,2022,middle,False,6,W4317178346
5068868453,2022,first,False,3,W4385573783
5068870868,2022,last,False,5,W4229082241
5068874280,2022,last,True,2,W4205827692
5068877998,2022,middle,False,4,W3212977909
5068878643,2021,last,False,12,W3119786062
5068882573,2022,middle,False,6,W4290996482
5068885379,2022,middle,False,15,W4313128715
5068887242,2022,first,True,7,W4385566975
5068927917,2020,middle,False,4,W3096160408
5068929948,2020,first,False,4,W3115751294
5068942141,2021,middle,False,7,W3154706393
5068942914,2022,last,False,3,W4312620766
5068951317,2022,middle,False,5,W4311167584
5068968920,2021,last,False,3,W3170936934
5068978543,2019,middle,False,3,W2945329331
5068994330,2022,middle,False,3,W4320029458
5069003342,2020,middle,False,13,W3016028808
5069007377,2021,middle,False,7,W3213027572
5069010932,2020,middle,False,6,W3101056292
5069025501,2021,middle,False,5,W3192003496
5069029343,2020,first,False,5,W3115650992
5069030030,2021,last,False,5,W3135454619
5069035106,2022,middle,False,3,W4283793412
5069082023,2019,last,False,3,W2963878748
5069085463,2022,first,False,6,W4280631063
5069105710,2020,middle,False,4,W3091973425
5069120214,2021,first,False,3,W3173345969
5069125151,2020,middle,False,4,W3098820968
5069139257,2020,middle,False,8,W3100710793
5069179055,2021,last,False,2,W3175126073
5069180530,2022,middle,False,8,W4311883742
5069185272,2020,middle,False,3,W3094944767
5069195550,2022,last,False,5,W4287891151
5069195591,2021,middle,False,4,W3194712525
5069201284,2022,middle,False,6,W4206380771
5069209710,2022,middle,False,8,W4308129966
5069214492,2021,last,False,4,W3188732276
5069214588,2020,last,False,2,W3112417441
5069225913,2020,last,False,3,W3096274078
5069228908,2019,last,False,7,W3000100294
5069239428,2021,first,False,9,W3158802984
5069241620,2021,last,False,6,W3161465675
5069263468,2022,middle,False,10,W4285279512
5069264027,2021,middle,False,3,W3184394178
5069270736,2019,last,False,4,W2962910668
5069295854,2022,middle,False,4,W4213195278
5069296252,2021,first,False,6,W3144557079
5069303169,2020,middle,False,4,W3028824622
5069311949,2020,last,False,4,W3136377320
5069325704,2022,last,False,5,W4283699647
5069339294,2021,middle,False,6,W3201942032
5069344139,2022,middle,False,3,W4317382454
5069353502,2021,middle,False,9,W3210951978
5069365665,2019,middle,False,7,W2970504110
5069367912,2021,middle,False,5,W3165574448
5069375338,2022,first,False,3,W4285306212
5069388936,2022,middle,False,5,W4288057765
5069394608,2022,last,False,6,W4224083781
5069395041,2022,last,False,6,W4292794796
5069398453,2021,last,False,3,W3189741034
5069401381,2022,middle,False,5,W4284960025
5069410082,2022,middle,False,4,W4226471298
5069421871,2020,middle,False,5,W3101381894
5069439283,2022,last,False,3,W4220933909
5069459185,2019,first,False,3,W3012181258
5069459810,2022,middle,False,6,W4385573151
5069462779,2020,last,False,3,W3117162907
5069473793,2020,middle,False,6,W3116099796
5069485198,2020,last,False,2,W3116152597
5069487278,2019,middle,False,5,W3003611324
5069488212,2021,middle,False,5,W3196500669
5069497505,2022,last,False,3,W4318969872
5069505458,2021,first,False,7,W3161997752
5069516527,2021,middle,False,9,W3211983116
5069519911,2022,last,False,3,W4312756816
5069526885,2020,middle,False,6,W3101887656
5069530115,2021,middle,False,7,W4205176794
5069534195,2021,last,False,3,W3200831063
5069543374,2022,first,False,4,W4285171092
5069548004,2021,first,True,1,W3214286331
5069565391,2022,middle,False,7,W4225249629
5069565463,2021,middle,False,16,W2759088880
5069570912,2021,middle,False,3,W3212482672
5069574244,2022,middle,False,3,W4327773950
5069577540,2020,first,False,6,W3036566622
5069580705,2022,last,False,5,W4312097030
5069585870,2022,last,False,3,W4286571608
5069587945,2019,middle,False,3,W2970139579
5069596903,2020,last,False,8,W3102009955
5069637938,2022,last,False,5,W4312718759
5069654537,2019,middle,False,6,W2976193469
5069654949,2021,middle,False,5,W3180728985
5069655973,2021,last,False,5,W3111057178
5069657658,2022,middle,False,5,W4287890645
5069666374,2021,middle,False,4,W3174794090
5069681054,2020,middle,False,7,W3103592385
5069685461,2021,middle,False,6,W3174110202
5069685493,2021,last,True,3,W3187723961
5069697936,2022,middle,False,5,W4210668396
5069698101,2020,first,False,3,W3035252911
5069702331,2021,middle,False,6,W3179436402
5069726973,2021,middle,False,3,W3175052898
5069734813,2022,middle,False,5,W4212820322
5069749738,2021,last,False,7,W3123806455
5069777357,2022,middle,False,4,W4308981844
5069790115,2022,last,False,2,W4313055377
5069794837,2020,first,False,3,W3038035611
5069796663,2019,middle,False,4,W3011187180
5069838077,2022,middle,False,3,W4360764823
5069844991,2020,middle,False,6,W3107480012
5069884358,2022,middle,False,14,W4404783489
5069884464,2021,last,False,3,W3216452752
5069902264,2022,last,False,3,W4287854480
5069911612,2022,first,False,7,W3189259198
5069921704,2021,middle,False,24,W3196831814
5069931383,2021,middle,False,18,W3164777966
5069935355,2022,middle,False,6,W4308390527
5069950306,2020,last,False,3,W3022284198
5069954850,2021,last,False,6,W3144557079
5069980045,2022,first,False,4,W4213447155
5069989297,2022,middle,False,4,W4283832733
5069992162,2022,middle,False,4,W4311774868
5070002963,2021,middle,False,4,W3204121251
5070009201,2022,middle,False,5,W4308370073
5070017771,2021,middle,False,8,W3204921648
5070024543,2021,middle,False,5,W3203053806
5070026501,2022,last,True,7,W4226400527
5070030398,2021,middle,False,4,W3192484213
5070033770,2022,middle,False,6,W4312364543
5070042249,2022,last,False,3,W4292283760
5070046659,2022,last,False,3,W4312808294
5070059389,2020,first,False,6,W2996888978
5070060839,2021,last,False,3,W4200061051
5070063054,2020,last,False,3,W3099617520
5070073283,2022,middle,False,8,W4313413439
5070112256,2021,last,False,4,W3163320509
5070135550,2020,middle,False,4,W3035925421
5070140601,2021,last,False,2,W3169058668
5070142969,2022,last,False,4,W3211316654
5070146233,2020,first,False,5,W3125133334
5070147451,2019,last,False,2,W2988787701
5070150374,2021,middle,True,6,W3177599311
5070152050,2021,middle,True,4,W3161782229
5070164335,2021,last,False,3,W4225873827
5070165835,2021,middle,False,5,W4205737716
5070173803,2022,middle,False,6,W4312493728
5070184068,2022,middle,False,6,W4318148365
5070185855,2022,middle,False,8,W4361020108
5070196864,2022,first,False,6,W4385573122
5070197299,2021,last,False,8,W3167443963
5070206012,2022,first,False,2,W4283074650
5070209552,2022,middle,False,3,W4312097121
5070216261,2021,middle,False,4,W3205436659
5070222190,2021,first,False,16,W2759088880
5070224744,2022,middle,False,6,W3149806960
5070236628,2021,middle,False,4,W3163938617
5070248228,2020,last,False,9,W3105078342
5070260526,2022,first,False,3,W4312620766
5070267730,2019,last,False,4,W2990164998
5070270104,2022,middle,True,3,W4285384560
5070279915,2021,last,True,16,W3200545562
5070289331,2022,middle,False,5,W4281566391
5070296642,2021,middle,False,11,W3203024440
5070302452,2020,last,True,5,W3035500185
5070308323,2022,last,False,4,W4310273272
5070310624,2021,last,False,4,W3212863534
5070312562,2022,middle,False,5,W4225015585
5070319114,2020,first,False,5,W3129113349
5070329277,2020,middle,False,3,W3115180239
5070341092,2021,last,True,3,W3043350800
5070348998,2021,last,False,6,W3048835936
5070369468,2022,middle,True,6,W4206380771
5070375939,2021,middle,False,7,W3176195078
5070399630,2020,last,False,2,W3136510012
5070418792,2019,middle,False,4,W2970796523
5070424852,2022,middle,False,6,W4226394973
5070425791,2020,middle,False,4,W3090245986
5070426245,2021,last,False,5,W3215722946
5070434985,2021,last,False,5,W3204850320
5070439966,2021,middle,False,6,W3173432693
5070441489,2021,middle,False,8,W3206213635
5070457855,2022,middle,False,5,W4312715548
5070459818,2021,first,False,5,W3160851104
5070473813,2021,middle,False,4,W3163825730
5070477116,2021,middle,False,7,W3211963123
5070498298,2020,middle,False,5,W3101705953
5070511738,2019,last,True,6,W2912904516
5070513394,2021,middle,False,15,W3160766462
5070528120,2022,middle,False,4,W4226365456
5070529061,2022,middle,False,3,W4307165495
5070560932,2021,middle,False,3,W4210691130
5070570893,2022,middle,False,3,W4308573806
5070582509,2020,middle,False,6,W3139035125
5070589644,2019,middle,False,7,W2983981554
5070591850,2022,middle,False,4,W4280598345
5070594684,2020,last,False,3,W3119159844
5070605476,2022,middle,False,7,W4293246009
5070617771,2021,last,False,5,W3196204467
5070618344,2019,middle,False,6,W2970410759
5070634219,2021,last,False,2,W3174220201
5070638387,2022,last,False,4,W4285227295
5070642269,2021,last,False,7,W3213775039
5070644094,2020,first,True,4,W3033455154
5070646187,2021,middle,False,11,W4205508242
5070654032,2022,last,False,3,W4229077021
5070657531,2021,middle,False,5,W3162978535
5070659987,2020,middle,False,5,W3101112860
5070662893,2020,middle,False,5,W3044384472
5070681215,2021,last,False,2,W4205934342
5070684680,2021,last,False,3,W3155104557
5070697660,2020,last,False,3,W3004304303
5070698573,2021,last,False,2,W3130479974
5070700515,2021,first,False,6,W3208132107
5070700637,2019,middle,False,13,W3011949846
5070713713,2021,middle,True,14,W3200391510
5070716976,2022,middle,False,3,W4312945876
5070726773,2020,last,False,4,W3093865413
5070736617,2022,last,True,8,W4307871192
5070742827,2021,last,False,3,W4231068634
5070762092,2022,last,False,8,W4290996451
5070766714,2022,middle,False,8,W4306403642
5070783596,2020,last,False,3,W3114445540
5070783668,2021,middle,False,7,W3160848464
5070784701,2019,middle,False,5,W2990188683
5070792118,2022,last,False,5,W4284888249
5070797211,2021,middle,False,6,W3185194050
5070798635,2022,first,False,4,W4312935996
5070799528,2022,middle,False,5,W4207049479
5070803984,2022,last,False,14,W4283790004
5070810885,2020,middle,False,7,W3105056409
5070811213,2021,last,False,3,W3211973768
5070811292,2021,middle,False,6,W3153219694
5070818950,2020,middle,False,5,W3108831921
5070820441,2022,middle,False,6,W4283768917
5070822759,2021,middle,False,3,W3212905562
5070828650,2019,middle,False,17,W2970731908
5070829469,2021,middle,False,6,W3179897446
5070829652,2019,middle,False,8,W2964915587
5070837664,2022,middle,False,8,W3101447603
5070843690,2021,middle,False,7,W3185019296
5070846571,2022,last,False,3,W4323520186
5070849202,2020,last,False,5,W3127864344
5070850590,2020,middle,False,5,W3099549037
5070856186,2021,middle,True,5,W3209864719
5070857812,2022,middle,False,8,W4221104124
5070859841,2020,last,False,3,W3117606449
5070864522,2022,middle,False,5,W4312232303
5070865671,2021,last,False,6,W4213229048
5070867959,2021,last,False,3,W3198875375
5070871008,2020,last,False,4,W3114239654
5070872826,2019,last,False,3,W3010663975
5070878114,2022,middle,False,3,W4310609398
5070886624,2022,middle,False,11,W4287854423
5070891305,2022,middle,False,6,W4293582966
5070892771,2022,middle,False,7,W4309476636
5070896707,2021,first,True,7,W3165195746
5070900410,2019,middle,False,8,W2970092972
5070904802,2022,last,False,5,W4316021280
5070905937,2020,last,False,5,W3035008906
5070924923,2021,last,False,4,W3210032359
5070926324,2020,middle,False,5,W3083728776
5070936425,2020,last,False,4,W3014475539
5070937840,2021,last,False,3,W3184275834
5070940290,2021,middle,False,18,W3158665049
5070956153,2020,middle,False,9,W3095360351
5070961790,2021,middle,False,5,W4226341954
5070969603,2021,middle,False,6,W4210543124
5070975639,2022,last,True,3,W4213425661
5070976480,2020,middle,False,5,W3017074538
5070990953,2021,middle,True,4,W3183487391
5070993028,2022,middle,False,7,W4297499142
5071001941,2022,middle,False,4,W4293167183
5071001999,2022,last,True,2,W4280541338
5071003393,2022,first,False,5,W4281670935
5071007779,2021,middle,False,6,W3199250649
5071015273,2021,middle,False,10,W3156012351
5071030042,2021,last,False,5,W3175557813
5071032734,2022,middle,False,3,W4319586475
5071033804,2021,first,False,3,W3188594074
5071047865,2020,last,False,4,W3004922004
5071052367,2022,middle,False,4,W3211925781
5071053999,2022,middle,False,9,W4311618438
5071056540,2022,middle,False,10,W4287854452
5071059562,2022,last,False,2,W4308092837
5071061118,2022,middle,False,3,W4313045495
5071084001,2020,middle,False,4,W3091311542
5071093940,2021,middle,False,8,W3210923133
5071104283,2021,last,False,8,W3209024753
5071107603,2022,middle,False,3,W3203778378
5071128160,2021,last,False,3,W3120303871
5071144367,2019,last,False,5,W2985881660
5071160608,2020,last,False,2,W3131245875
5071165387,2020,last,False,5,W3099549037
5071178113,2021,last,False,4,W3114423350
5071179460,2019,middle,False,5,W2970686691
5071183925,2020,last,False,2,W2978707075
5071189599,2021,middle,False,3,W3175011118
5071189955,2022,last,False,2,W4385323514
5071190415,2019,first,False,6,W2963349408
5071191374,2021,middle,False,6,W4210604938
5071208302,2021,first,False,6,W3217119495
5071209066,2020,middle,False,4,W3114000409
5071210435,2022,middle,False,5,W4296068794
5071214181,2021,middle,False,6,W3161048756
5071216468,2020,middle,False,4,W3150518232
5071220716,2019,middle,False,7,W2954444514
5071229482,2021,last,False,7,W3215994516
5071261172,2021,first,False,4,W3208925030
5071262695,2022,last,False,2,W4224086119
5071273324,2022,middle,False,6,W4296993572
5071286568,2022,middle,False,4,W3205405669
5071286986,2022,last,True,10,W4210716706
5071290194,2019,middle,False,10,W2970390493
5071293344,2021,middle,False,6,W3169611685
5071303493,2020,last,True,3,W3106916526
5071308396,2021,middle,False,8,W3118630706
5071309872,2022,middle,False,6,W4290996482
5071315709,2022,first,True,2,W4210940290
5071318126,2020,last,False,6,W3124000956
5071319688,2022,middle,False,8,W4294975626
5071320926,2021,last,False,5,W4211061449
5071321132,2019,last,False,4,W2952208079
5071338243,2021,first,False,3,W3124834669
5071340024,2022,middle,False,16,W4311711276
5071360545,2019,last,False,4,W2970120757
5071361787,2021,first,False,6,W3211959704
5071362658,2020,first,False,8,W3035419191
5071366091,2022,middle,False,21,W4310957810
5071384393,2022,middle,False,4,W4385567257
5071392629,2021,middle,False,5,W4206647166
5071396110,2021,middle,False,6,W3192810304
5071398995,2022,middle,False,7,W4212850805
5071400741,2019,first,False,3,W2980569537
5071401829,2021,middle,False,4,W3196219489
5071404767,2021,first,False,4,W4200276776
5071409817,2020,first,False,2,W3115289550
5071422010,2019,middle,False,5,W3004302692
5071422618,2021,last,False,5,W3212406280
5071435827,2022,middle,False,13,W4281569374
5071443236,2022,first,False,3,W4323060522
5071444502,2021,middle,False,18,W4226194443
5071451025,2021,middle,False,5,W3145247846
5071457501,2022,last,False,5,W4312892766
5071457812,2022,middle,False,5,W4285174271
5071463629,2022,last,False,4,W4290786007
5071473719,2019,first,False,8,W2954226438
5071473857,2020,first,True,3,W3038652477
5071489089,2022,middle,False,8,W4360764531
5071489179,2021,last,False,7,W4200380400
5071495561,2022,last,False,3,W4281619372
5071504728,2021,middle,False,7,W3163032678
5071505335,2022,last,False,3,W4389009448
5071510961,2022,last,False,5,W4229453513
5071511029,2022,middle,False,3,W4285127355
5071512410,2022,middle,False,8,W4224910504
5071513905,2020,middle,False,9,W3112505875
5071514312,2020,middle,False,5,W3014585688
5071516373,2021,last,False,6,W4200391245
5071521025,2021,middle,False,12,W3171737727
5071526705,2021,middle,False,3,W3211500712
5071529609,2022,middle,False,10,W4285162243
5071533156,2021,middle,False,10,W3188426584
5071538550,2021,first,False,10,W3173316665
5071543025,2022,middle,False,3,W4285204079
5071546444,2022,last,False,4,W4293233924
5071561412,2021,last,False,5,W4226109440
5071579968,2020,last,False,5,W3129113349
5071580125,2021,middle,False,5,W3197520524
5071585254,2020,last,False,3,W3035758001
5071595184,2021,middle,False,3,W3175661117
5071599724,2020,first,False,6,W3035296331
5071602715,2021,last,False,3,W3157114826
5071607720,2021,last,False,6,W3210431426
5071614400,2021,middle,False,5,W3199484478
5071638388,2022,first,False,5,W4293793696
5071639289,2022,middle,False,8,W4225418320
5071647188,2020,first,True,1,W3117427620
5071656520,2020,middle,False,6,W2998579922
5071670501,2022,middle,False,4,W4220858660
5071674394,2022,middle,False,4,W4283123655
5071684622,2021,middle,False,8,W3127165192
5071685496,2021,middle,False,6,W3185435390
5071688825,2022,last,False,5,W4223902951
5071702566,2020,middle,False,5,W3097882114
5071702962,2020,first,False,3,W3204623544
5071709543,2020,last,False,6,W3115242847
5071711311,2020,middle,False,5,W3043684480
5071712019,2022,middle,False,6,W4312253630
5071715737,2021,middle,False,6,W4210690962
5071721504,2021,middle,False,19,W3188562849
5071724015,2022,last,False,4,W4213325746
5071728146,2020,middle,False,8,W3099700870
5071729602,2022,last,False,5,W4313395829
5071765665,2020,last,False,2,W3081965855
5071819311,2022,last,False,3,W4221017132
5071827392,2021,first,False,7,W3119849530
5071830107,2020,middle,False,6,W3046209160
5071834503,2021,middle,False,4,W3167986947
5071836454,2021,middle,False,5,W3153468025
5071837282,2022,last,False,3,W4306317280
5071839367,2019,middle,False,6,W3004844052
5071842389,2022,middle,False,5,W4389009522
5071842569,2021,middle,False,5,W3198952405
5071848619,2020,middle,False,4,W3034937228
5071862146,2021,middle,False,6,W3175986638
5071869570,2022,middle,False,8,W4223412181
5071875967,2021,middle,False,5,W3211691197
5071878312,2020,last,False,3,W3116605602
5071893787,2021,first,False,2,W3173888607
5071894271,2019,middle,False,7,W2986907127
5071913711,2020,middle,False,5,W3115926405
5071922620,2021,middle,False,4,W3212389293
5071923786,2021,middle,False,8,W3175542978
5071933192,2021,middle,False,6,W3178384248
5071941088,2022,middle,False,5,W4312264811
5071943346,2019,middle,False,4,W2963621436
5071955115,2022,middle,False,14,W4296886067
5071956319,2021,middle,False,12,W3119786062
5071964814,2020,last,True,3,W3101228803
5071976104,2022,last,False,8,W3198379050
5071983998,2019,middle,False,4,W2973146910
5071984392,2021,last,False,3,W3154225438
5072018988,2022,middle,False,14,W4295761272
5072019513,2019,middle,False,8,W2971120622
5072023060,2022,middle,False,8,W4296989354
5072029041,2021,last,False,6,W3184784418
5072030969,2021,middle,False,9,W3154275519
5072032804,2020,last,False,7,W3105935311
5072041982,2022,middle,False,3,W4280586606
5072050541,2021,middle,False,6,W4205177317
5072054932,2022,middle,False,6,W4385573853
5072068932,2021,middle,False,8,W3175542978
5072072153,2021,middle,False,5,W3203053806
5072074260,2022,middle,False,4,W4312392100
5072092614,2022,last,True,8,W4312186830
5072096736,2021,last,False,6,W3206033887
5072105691,2022,last,False,10,W4312962570
5072105936,2022,middle,False,4,W4220728003
5072108555,2022,middle,False,4,W4308995382
5072120057,2022,last,False,8,W4226087293
5072125670,2022,last,True,4,W4297341724
5072127484,2022,last,False,4,W4313180316
5072128915,2022,last,False,3,W4385574385
5072129091,2022,middle,False,8,W4207067088
5072130052,2020,last,False,3,W3105220303
5072149417,2020,middle,False,7,W3119781137
5072163605,2021,last,False,2,W3213495626
5072166761,2021,first,False,4,W3172352865
5072181882,2020,middle,False,6,W3054905649
5072186051,2022,middle,False,3,W4223644783
5072192995,2020,last,False,3,W3114757058
5072198223,2022,middle,False,3,W4385567094
5072213170,2018,middle,False,6,W4392656767
5072217103,2021,first,False,4,W3126568801
5072223736,2019,last,False,3,W3015963989
5072232894,2019,last,False,4,W2971196929
5072233507,2020,middle,False,11,W3011906630
5072241540,2022,middle,False,6,W4292968575
5072244112,2019,middle,False,3,W3003379107
5072249624,2021,middle,False,5,W3153468025
5072250553,2021,middle,False,4,W3152757982
5072261415,2019,last,False,3,W2953597499
5072262751,2021,middle,False,5,W3156407437
5072309548,2022,middle,False,5,W4283785634
5072311081,2021,last,False,3,W3216991452
5072312522,2022,middle,False,12,W4285060468
5072316347,2022,last,False,7,W4286976735
5072334342,2021,last,False,3,W3132573559
5072340863,2021,middle,False,6,W3207807747
5072348463,2022,middle,False,21,W4310957810
5072350518,2021,middle,False,6,W3201942032
5072368581,2022,middle,False,6,W4312421085
5072374563,2019,last,False,2,W2963240573
5072375914,2020,middle,False,3,W3037031145
5072380374,2021,middle,False,5,W3174851372
5072395820,2022,middle,False,5,W4205671747
5072404521,2020,last,False,4,W3047291452
5072406974,2022,last,False,6,W4229032688
5072407810,2022,last,True,4,W4225608741
5072408376,2022,first,False,4,W4224050240
5072409139,2022,middle,False,4,W4362650860
5072412248,2022,middle,False,6,W4313166352
5072415351,2021,middle,False,4,W3189104398
5072423562,2022,last,True,3,W4386339092
5072424728,2022,middle,False,3,W4308404500
5072432252,2020,middle,False,6,W3114688549
5072455364,2021,last,False,3,W3212745554
5072456412,2022,middle,False,12,W4306646496
5072459546,2019,last,False,4,W2953733770
5072469414,2022,last,False,4,W4309629898
5072482402,2022,middle,True,5,W4287855076
5072482410,2021,middle,False,4,W3198026189
5072493587,2020,middle,False,4,W3118160003
5072506254,2020,middle,False,17,W3016395792
5072516124,2022,first,False,8,W4290996451
5072517057,2022,middle,False,4,W4224917057
5072528523,2021,last,False,3,W3135189994
5072540013,2020,last,False,6,W3104215796
5072542443,2021,middle,False,3,W3198848374
5072563536,2021,middle,False,4,W3126568801
5072571599,2020,last,False,3,W3035513747
5072618060,2020,last,False,6,W3116681083
5072622280,2020,middle,False,5,W3109016349
5072625229,2022,middle,False,3,W4220906857
5072639039,2021,middle,False,6,W3162799364
5072644651,2022,middle,False,5,W4294974856
5072659160,2019,middle,False,5,W2978281900
5072689275,2022,last,True,5,W4285589676
5072690374,2020,middle,False,5,W3123375411
5072690491,2022,middle,False,3,W4360764554
5072701486,2020,middle,False,5,W3117359318
5072701587,2021,first,True,1,W3135632990
5072702926,2019,last,False,2,W3011822556
5072703507,2020,last,False,4,W3033904515
5072706004,2021,middle,False,7,W3171540545
5072715119,2022,first,False,9,W4297648407
5072734293,2022,first,False,5,W4316021280
5072750611,2020,last,False,3,W3133700522
5072760035,2020,middle,False,12,W3012939329
5072774346,2020,middle,False,10,W3034985765
5072774403,2022,last,False,3,W4292973077
5072791865,2022,last,False,4,W4220938834
5072808499,2019,middle,False,6,W2963547127
5072835010,2021,middle,False,4,W3199639400
5072875068,2021,last,False,6,W3175392547
5072879702,2022,middle,False,6,W4312644483
5072881423,2021,middle,False,12,W3202043691
5072882318,2020,last,False,4,W3035925421
5072885718,2022,last,False,6,W4283768917
5072890368,2021,last,False,5,W3159832730
5072906996,2022,middle,False,18,W4234577219
5072908989,2022,middle,False,10,W4312068410
5072909289,2021,first,False,12,W3167150438
5072912426,2020,first,False,3,W3107128980
5072925582,2022,last,False,4,W4224979739
5072951828,2022,middle,False,5,W4310461588
5072969773,2021,last,False,3,W3174602460
5072988055,2020,middle,False,5,W3100719877
5072991889,2021,first,False,8,W3204921648
5072992339,2021,middle,True,5,W3184615727
5073019324,2022,middle,False,6,W4311121803
5073032922,2022,middle,False,4,W4312935996
5073034417,2021,middle,False,8,W3213148312
5073038439,2022,first,False,4,W4224931234
5073040865,2020,middle,False,4,W3101540846
5073055826,2021,middle,False,7,W4206198736
5073063842,2021,middle,False,6,W4200156962
5073069826,2020,last,False,2,W3118931819
5073091471,2022,middle,False,3,W4292829054
5073107845,2022,middle,False,3,W4293868309
5073111123,2021,middle,False,4,W3160557590
5073120743,2022,first,False,6,W3207149528
5073129092,2022,middle,False,4,W4367173915
5073139380,2021,last,False,5,W3173465197
5073155664,2022,last,False,2,W4294608595
5073157008,2022,middle,False,6,W4284679571
5073157681,2021,middle,False,3,W3208934527
5073167797,2022,middle,False,4,W4285042490
5073170587,2022,middle,False,5,W4312237773
5073179339,2021,middle,False,6,W4285338182
5073188792,2021,middle,False,6,W4230384986
5073189396,2018,middle,False,5,W4289753644
5073189627,2021,last,False,3,W3214678605
5073201681,2022,middle,False,6,W4285254085
5073204082,2021,middle,False,7,W3164640227
5073208419,2021,last,False,6,W3159843954
5073211270,2022,middle,False,4,W4287887133
5073213620,2020,middle,False,11,W3098605233
5073215738,2022,middle,True,5,W4310202185
5073250704,2019,middle,True,4,W2983324485
5073264941,2020,last,False,2,W3096219600
5073280030,2020,last,False,2,W3109234882
5073282867,2021,last,False,4,W3211188186
5073284807,2022,middle,False,13,W4310731242
5073287748,2020,last,False,5,W3035218869
5073299653,2022,middle,False,6,W3188437627
5073309846,2022,first,True,1,W4313334409
5073310637,2022,middle,False,6,W4385573323
5073316871,2022,middle,False,4,W4385567070
5073335805,2019,last,False,3,W4363610999
5073342710,2020,middle,False,5,W3104712462
5073352990,2021,first,False,3,W3201295503
5073353122,2020,last,True,4,W3109320561
5073365814,2021,last,False,3,W3169838845
5073373993,2022,first,False,2,W4312627939
5073376805,2022,last,False,5,W3094130708
5073383075,2020,middle,False,5,W3106969213
5073391035,2021,middle,False,7,W4200114766
5073392421,2022,last,True,3,W4283376178
5073408657,2022,last,False,5,W4280641766
5073412960,2021,last,False,2,W3211694908
5073413742,2020,last,False,4,W3105801792
5073439637,2019,middle,False,4,W2964022985
5073443117,2021,middle,False,4,W3166890286
5073451935,2022,middle,False,12,W4297035359
5073463405,2021,last,False,4,W3198016157
5073474306,2019,last,True,3,W2982957557
5073483751,2021,last,False,5,W4214773477
5073484560,2022,middle,False,5,W4296777335
5073489684,2021,middle,False,7,W3175316843
5073498202,2022,middle,False,5,W4285046714
5073503574,2020,middle,False,4,W3133478370
5073504754,2022,middle,False,3,W4282958666
5073505036,2020,middle,False,10,W3101300984
5073514062,2021,middle,False,8,W3122060391
5073524035,2022,middle,False,18,W4385574110
5073529204,2020,middle,False,4,W3037461693
5073533486,2021,middle,False,18,W4226194443
5073535794,2022,last,False,3,W4287854580
5073544378,2022,middle,False,7,W4223906719
5073551426,2020,middle,False,6,W3139310403
5073557290,2022,first,True,4,W4291710825
5073572588,2022,last,False,9,W4312656272
5073587128,2022,last,False,4,W4315694963
5073601646,2021,last,False,2,W4206661740
5073601707,2021,first,False,5,W3156558703
5073606016,2020,last,False,4,W3037503597
5073619925,2022,last,False,6,W4214790612
5073624805,2021,middle,False,13,W3160231559
5073628146,2019,middle,False,4,W3016009267
5073659320,2020,first,False,5,W3033628195
5073661463,2020,middle,True,5,W3106388706
5073676361,2022,middle,False,6,W4385573744
5073680362,2020,middle,False,6,W3111488881
5073684612,2021,last,False,5,W3153192127
5073692224,2020,last,False,5,W3102577836
5073701627,2020,last,False,2,W2978769081
5073706037,2021,middle,False,6,W4210508275
5073709711,2019,last,False,4,W3006513641
5073711572,2021,middle,False,8,W4229452760
5073716393,2021,middle,False,7,W4210684130
5073720799,2021,last,False,4,W3207269436
5073726152,2021,middle,False,5,W3155594712
5073741072,2022,middle,False,3,W4221147223
5073741720,2022,last,False,9,W4389009383
5073748464,2020,last,False,3,W3116365291
5073752897,2021,middle,False,6,W4285338182
5073756389,2020,middle,False,5,W3104223418
5073770532,2022,middle,False,3,W3130527742
5073773211,2021,first,False,6,W3177219148
5073786634,2019,last,False,7,W2970868495
5073789459,2022,last,False,5,W4294672819
5073790847,2019,last,False,7,W2962829230
5073792028,2022,last,False,9,W4288058417
5073803011,2021,middle,False,4,W3168125510
5073809550,2021,last,False,2,W4205506655
5073812421,2021,last,False,3,W3168747821
5073818959,2020,middle,False,3,W3128980567
5073821506,2022,middle,False,5,W4312340546
5073835385,2022,middle,False,3,W4287854385
5073854712,2020,first,False,2,W3116359349
5073856277,2019,last,False,3,W2970785188
5073859762,2022,middle,False,5,W4283654351
5073885088,2021,middle,False,10,W3189675328
5073886319,2022,middle,False,19,W4225164540
5073894089,2022,middle,False,8,W4311529505
5073897483,2022,middle,False,8,W4312591085
5073912249,2020,first,True,2,W3037153843
5073920793,2020,last,False,3,W3030045769
5073924795,2022,last,False,4,W4308234208
5073930300,2020,last,False,4,W3017239579
5073965668,2022,last,True,2,W4298137155
5074001163,2021,middle,False,8,W3203898052
5074008006,2022,middle,False,9,W4212804866
5074011652,2022,middle,False,9,W4284681137
5074042008,2020,middle,False,7,W3103817618
5074052443,2022,middle,False,8,W4285208881
5074055647,2022,middle,False,4,W4223926364
5074057809,2022,middle,False,6,W4304099169
5074059438,2021,middle,False,6,W3209249960
5074059447,2019,last,True,2,W2963280802
5074060464,2021,last,False,5,W3204783485
5074068834,2021,last,False,2,W3170457542
5074074791,2022,middle,False,5,W4287855052
5074084139,2020,middle,False,8,W3107366692
5074086920,2020,middle,False,5,W3015081369
5074093456,2020,last,False,3,W3117924576
5074097123,2020,last,False,5,W3159992200
5074098507,2022,middle,False,7,W4211173354
5074102447,2022,last,False,4,W4281621415
5074105267,2022,middle,False,10,W4225835448
5074127349,2020,middle,False,5,W3115153860
5074132108,2020,middle,False,9,W3104050923
5074142241,2019,middle,False,3,W2949227999
5074143496,2021,last,False,5,W4205523551
5074177185,2020,middle,False,6,W3012716314
5074179735,2020,last,False,5,W3081987387
5074189291,2019,middle,False,4,W2995971828
5074197492,2020,first,False,4,W3145527514
5074210163,2019,middle,False,15,W2970279348
5074215202,2022,last,True,6,W4296127101
5074219806,2022,first,False,5,W4293065576
5074225885,2022,middle,False,3,W4311106646
5074236242,2022,first,False,7,W4385574031
5074236397,2022,middle,False,7,W3210790666
5074238659,2021,first,False,3,W3163920200
5074241004,2022,last,True,2,W4313250058
5074245801,2020,middle,False,3,W3132235657
5074250521,2021,middle,False,3,W3175689281
5074262951,2022,last,False,3,W4312353038
5074269040,2022,last,True,7,W4294991206
5074272474,2020,first,False,4,W3000301330
5074278101,2021,first,False,4,W3185221362
5074284592,2021,last,False,4,W3183592968
5074287721,2022,first,False,3,W4212839763
5074294896,2020,middle,True,5,W3035807844
5074300569,2021,middle,False,3,W4206379437
5074305095,2020,last,True,4,W3044695055
5074322406,2021,middle,False,8,W3197771105
5074340955,2022,middle,False,6,W4289783439
5074342179,2020,first,True,5,W3024401989
5074342722,2022,last,False,3,W4292787316
5074360646,2022,middle,False,8,W4308129966
5074371475,2022,middle,False,6,W4309745330
5074393185,2020,middle,False,4,W3103227045
5074393700,2020,middle,False,5,W2996403597
5074406596,2022,middle,False,6,W4287889735
5074408622,2019,middle,False,11,W3004516141
5074416574,2021,middle,False,7,W4205350698
5074421743,2022,first,False,5,W4309672242
5074423713,2022,middle,False,9,W4385573803
5074427964,2021,last,False,2,W3210560621
5074431197,2022,middle,False,4,W4362647036
5074444658,2022,middle,False,5,W4309376528
5074449694,2022,middle,False,3,W3207058314
5074453004,2022,middle,False,3,W4214515550
5074470380,2019,last,False,8,W2950757501
5074472751,2020,middle,False,3,W3157503981
5074484345,2021,last,False,2,W3205442101
5074485795,2021,last,False,4,W3212651325
5074495136,2019,last,False,3,W2983640718
5074504351,2021,last,False,5,W3125488228
5074512289,2019,middle,False,6,W2952087461
5074514541,2020,middle,False,4,W3085374498
5074518242,2022,middle,False,4,W4226185779
5074539674,2022,middle,False,7,W4225531949
5074539682,2022,first,False,2,W4285412683
5074542010,2022,middle,False,4,W4284662726
5074551690,2022,last,False,3,W4283735109
5074559237,2022,middle,False,5,W4293199040
5074560860,2022,last,True,3,W4205923277
5074561505,2022,last,False,5,W4318148071
5074562462,2021,middle,False,5,W3181935702
5074569524,2019,last,False,6,W2970438359
5074570184,2021,last,False,3,W3195877255
5074588447,2022,last,False,3,W4310608580
5074595900,2022,last,False,3,W4283814918
5074606314,2022,last,False,3,W4381188050
5074607185,2021,middle,False,5,W4205523551
5074616217,2021,first,True,3,W3165850266
5074629800,2022,middle,False,6,W4312875997
5074633301,2020,middle,False,5,W2997380714
5074649574,2022,middle,False,8,W4281729944
5074655314,2022,middle,False,6,W4385572884
5074657982,2020,last,True,6,W3003943678
5074661038,2022,last,False,18,W4221148741
5074697516,2019,middle,False,4,W2984582583
5074697874,2021,middle,False,5,W4200047557
5074717197,2021,middle,False,6,W3199674352
5074725004,2019,first,False,8,W2950757501
5074728197,2022,first,False,2,W4292054934
5074739823,2021,middle,False,18,W3189296823
5074740364,2022,middle,False,6,W4223432929
5074743573,2021,last,False,5,W3174995573
5074744284,2020,middle,False,4,W3111939271
5074745823,2020,middle,False,5,W3117403310
5074764224,2019,first,False,4,W2987553933
5074783931,2022,last,False,6,W4312549535
5074798362,2021,last,True,9,W3204150987
5074799043,2019,last,False,5,W2985115890
5074808403,2022,last,False,5,W3205821239
5074809120,2021,middle,False,7,W3156394741
5074817028,2021,middle,False,3,W3153104134
5074821819,2019,last,False,6,W2970224261
5074825049,2020,last,False,2,W3010144884
5074834311,2021,last,False,4,W3163938617
5074834854,2019,middle,False,7,W2964067226
5074839699,2021,last,True,6,W3158724005
5074846849,2021,last,False,4,W3155683087
5074858555,2022,middle,False,6,W4306317286
5074858619,2022,last,False,5,W4286354358
5074867889,2021,middle,False,6,W3212963155
5074878641,2021,last,False,2,W3204889936
5074881863,2020,last,True,5,W3082619305
5074900529,2021,middle,False,7,W3170972077
5074904348,2020,middle,True,3,W4206955619
5074911112,2022,middle,False,9,W4311243316
5074919292,2022,last,False,15,W4313128715
5074949168,2021,middle,False,5,W3163378277
5074951825,2022,last,True,8,W4280594315
5074960174,2021,last,False,5,W3183824823
5074969115,2022,middle,False,6,W4285212850
5074974770,2021,middle,False,5,W3198923619
5074976770,2022,middle,False,13,W3208687975
5074977317,2021,last,False,5,W3217652996
5074990944,2022,last,False,5,W4283770444
5074994149,2021,middle,False,7,W3175991076
5074998130,2022,middle,False,5,W4283014282
5075001284,2020,last,False,3,W3101960104
5075004917,2020,middle,False,9,W3035153870
5075018873,2022,middle,False,6,W4313071966
5075023019,2021,first,False,2,W4206708688
5075033889,2020,middle,False,7,W3106109117
5075048365,2021,last,False,5,W3176284334
5075057955,2022,middle,False,5,W4313408649
5075062554,2022,middle,False,17,W4281696767
5075062675,2020,middle,False,3,W3093890791
5075063425,2020,first,False,6,W3080805237
5075071158,2022,last,False,6,W4318147141
5075109476,2022,last,False,19,W4311104054
5075117055,2019,last,False,3,W3003086891
5075117735,2021,last,False,5,W3212068524
5075121594,2020,first,False,2,W3116153902
5075133420,2022,last,False,3,W4297798768
5075146016,2022,middle,False,8,W4213145798
5075164818,2022,middle,False,4,W4296486025
5075175819,2022,middle,False,6,W4318603353
5075183307,2019,first,False,7,W2986836624
5075194812,2022,middle,False,6,W4385572922
5075198715,2021,middle,False,6,W3118907996
5075198788,2019,first,False,4,W2998298207
5075199030,2021,first,False,2,W3213048714
5075202003,2022,last,False,2,W4312888340
5075214885,2020,middle,False,7,W3000546628
5075220413,2022,middle,False,5,W3128494784
5075222372,2019,middle,False,3,W2995936766
5075223659,2021,first,True,7,W3212290569
5075235121,2022,last,False,4,W4295365513
5075237164,2019,middle,False,3,W2969298437
5075242841,2022,middle,False,4,W4318186079
5075246797,2020,middle,True,5,W3099995718
5075256906,2022,middle,False,12,W4296179733
5075275684,2020,last,True,3,W3092930902
5075279889,2022,middle,False,18,W4234577219
5075284697,2021,middle,True,4,W3208925030
5075290241,2020,middle,False,4,W3034777757
5075313108,2022,first,True,14,W4283790004
5075313163,2020,middle,False,7,W3029802725
5075316302,2022,middle,False,6,W4226497331
5075327685,2021,last,False,2,W3203115948
5075355326,2020,first,True,3,W3107640582
5075357799,2021,middle,False,3,W4205471450
5075369405,2022,first,False,4,W4385572737
5075371310,2022,middle,False,6,W3207149528
5075376956,2022,first,False,4,W4318187637
5075383368,2020,first,False,2,W3036648432
5075390417,2022,middle,False,9,W4313334122
5075390995,2022,middle,False,6,W4311197621
5075394107,2020,middle,True,4,W3004437357
5075395997,2020,middle,False,6,W2999363952
5075411914,2022,last,False,20,W4286717608
5075419050,2022,last,True,4,W4310036806
5075432565,2019,middle,False,4,W2970811405
5075435632,2019,middle,False,4,W2970393840
5075447203,2022,middle,False,3,W4286988498
5075449650,2022,last,False,5,W4285102487
5075453550,2022,middle,False,3,W4221141037
5075455551,2021,last,True,2,W3142516759
5075455952,2021,last,False,2,W3158000177
5075466372,2022,middle,False,4,W4226353085
5075467369,2022,middle,False,19,W4221066460
5075468052,2022,last,False,4,W4281884846
5075469047,2022,middle,False,3,W4285280911
5075471089,2021,first,False,2,W4214683720
5075477053,2022,last,True,3,W4304690448
5075479856,2022,middle,False,7,W4362647183
5075481810,2022,middle,False,6,W4292794796
5075489357,2021,first,False,4,W3160879610
5075492610,2021,last,False,2,W3213674227
5075500139,2022,middle,False,24,W4318603275
5075503421,2020,last,False,5,W3099995718
5075509168,2021,last,False,4,W3136346046
5075512625,2022,middle,False,6,W4226394973
5075524478,2021,last,False,6,W3119880013
5075526096,2022,last,True,14,W4210700580
5075528828,2020,last,False,4,W3115010267
5075544315,2022,middle,False,13,W4205999808
5075546175,2020,middle,False,7,W3014247716
5075553259,2022,middle,False,8,W4281493375
5075564798,2021,last,False,3,W3174468539
5075573151,2021,last,False,4,W3162632914
5075575094,2022,middle,False,5,W4313395829
5075581979,2022,last,False,2,W4366959026
5075621328,2021,middle,False,4,W4206778928
5075631545,2022,middle,False,5,W4285211483
5075633314,2021,middle,False,11,W3189205905
5075647751,2022,last,False,3,W4213168418
5075649839,2022,middle,False,5,W4386179375
5075664559,2021,middle,False,4,W3174931845
5075677746,2020,middle,False,3,W3081940431
5075678549,2021,middle,False,7,W3194740358
5075681290,2022,last,False,3,W4284681864
5075691677,2020,middle,True,9,W3024368629
5075696701,2020,last,False,3,W3116423158
5075698724,2022,middle,False,3,W4285157756
5075702573,2022,last,False,5,W4312237773
5075720299,2022,last,False,5,W4328028774
5075722001,2020,last,False,4,W3114046961
5075722115,2022,last,False,2,W4297685771
5075733431,2022,middle,False,5,W4283699647
5075755166,2022,last,True,4,W4310230601
5075756237,2021,last,False,3,W3130491114
5075758670,2020,middle,False,5,W3103866689
5075765823,2021,first,False,5,W3204999449
5075781493,2022,middle,False,7,W4282925187
5075784295,2022,first,False,3,W4319430924
5075790720,2022,middle,False,8,W4385573045
5075796989,2020,last,False,3,W3117019976
5075806425,2022,last,False,5,W4283217358
5075806509,2022,last,False,2,W4385572700
5075808348,2022,middle,False,4,W4385573131
5075808869,2021,middle,False,6,W3133895083
5075825791,2019,middle,False,12,W2941666437
5075826891,2021,first,False,2,W3199045806
5075830877,2019,middle,False,8,W3016357493
5075841450,2020,first,True,1,W2997116601
5075849118,2022,last,True,3,W4311268142
5075852451,2020,middle,False,4,W4390912422
5075876145,2022,last,False,2,W4220906824
5075894318,2021,last,False,6,W3206851169
5075900594,2022,last,False,5,W4312870949
5075903779,2022,middle,False,3,W4293057059
5075906727,2019,middle,False,5,W2991208183
5075920466,2022,middle,False,10,W4285279512
5075935325,2022,middle,False,4,W4225326921
5075936732,2020,last,False,3,W3126277094
5075937808,2021,middle,False,5,W3176890131
5075939769,2021,middle,False,11,W3161489373
5075945110,2020,middle,False,4,W3101788467
5075947154,2022,middle,False,4,W4313180316
5075948725,2020,middle,False,6,W3132699381
5075955258,2022,last,False,7,W4312886719
5075955866,2022,middle,False,4,W4287888120
5075964389,2020,last,True,5,W3090306696
5075978538,2021,last,False,2,W4200133939
5075985115,2020,first,False,5,W3081738998
5075992503,2022,middle,False,4,W4311922112
5075992947,2022,middle,False,6,W4312253630
5075996598,2019,first,False,4,W2970081744
5076002285,2022,middle,False,9,W4312656272
5076002956,2020,middle,False,3,W3115334716
5076012918,2021,middle,False,5,W3131852756
5076014464,2021,last,False,4,W3164693331
5076014872,2019,last,False,3,W2999099260
5076026636,2021,middle,False,7,W3152700969
5076031002,2021,last,False,2,W3155114168
5076032146,2022,middle,False,3,W4312558560
5076040193,2021,middle,False,6,W4213059241
5076043215,2020,last,False,4,W3114968970
5076052920,2021,middle,False,5,W3171446839
5076055067,2022,last,False,6,W4360764289
5076058129,2019,middle,False,12,W2947903144
5076059022,2021,middle,False,4,W3174820758
5076065873,2019,last,False,3,W3008327298
5076075666,2022,middle,False,3,W4226422867
5076086712,2022,middle,False,8,W4403878294
5076094010,2020,last,False,3,W3105069964
5076116273,2021,first,True,6,W3202655240
5076117344,2019,middle,False,5,W2984698993
5076120553,2021,middle,False,6,W4200514525
5076126160,2022,first,True,3,W4212929379
5076126999,2021,first,False,5,W3215241401
5076127071,2021,middle,False,6,W3175404808
5076129001,2022,middle,False,10,W4366310523
5076129409,2020,first,True,1,W3204678632
5076130415,2021,middle,False,5,W3139485732
5076145971,2021,last,False,2,W4224113206
5076153045,2022,middle,True,7,W4304197316
5076160231,2021,middle,False,3,W3125526397
5076160843,2021,middle,False,5,W4200372776
5076174923,2021,last,True,3,W4220891150
5076183025,2019,middle,False,4,W2985808369
5076188730,2021,last,False,3,W3197514838
5076202462,2022,last,False,6,W4285030403
5076203419,2019,last,False,5,W3013805123
5076204770,2021,middle,False,5,W3198936926
5076244567,2019,first,False,4,W2949231165
5076249543,2020,middle,False,6,W3099728037
5076250439,2019,middle,False,3,W2970986790
5076253304,2022,middle,False,5,W4214492518
5076259390,2022,last,False,6,W3207149528
5076259905,2022,last,False,2,W4225814374
5076265623,2020,last,False,2,W3105932574
5076270627,2020,middle,False,5,W3116159721
5076273885,2022,last,False,5,W4290086640
5076274329,2022,middle,False,5,W4288950918
5076283101,2021,last,True,7,W4200395878
5076287012,2022,middle,False,4,W4225572756
5076300958,2022,middle,False,7,W4221156340
5076336139,2022,middle,False,3,W3185141858
5076337726,2021,last,False,4,W3203312998
5076346273,2019,last,False,5,W3125615400
5076349830,2022,middle,False,7,W4293246009
5076361280,2022,middle,False,5,W4281487468
5076371700,2022,middle,False,3,W4312288006
5076372893,2020,first,False,4,W3026111682
5076378305,2022,middle,False,6,W4312228356
5076382765,2021,middle,False,8,W3184397423
5076384273,2022,middle,False,7,W4284975662
5076409146,2021,last,False,4,W3184484104
5076423724,2020,first,False,11,W3034503922
5076444077,2022,last,False,5,W4226098472
5076449752,2022,last,False,2,W4283821415
5076453110,2022,middle,False,6,W4213063565
5076453358,2022,last,False,4,W4283801188
5076467238,2021,middle,False,8,W3212606841
5076474156,2020,first,False,9,W3101767999
5076475097,2021,middle,False,6,W3213534368
5076479697,2022,last,False,3,W4225760239
5076517386,2022,last,False,6,W4294326309
5076524479,2021,last,False,3,W3172397280
5076542619,2022,middle,False,3,W4286256866
5076554923,2021,first,False,3,W3176589722
5076555423,2021,last,False,7,W3175316843
5076562643,2022,first,True,2,W4281778627
5076564877,2020,middle,False,5,W3118205297
5076565994,2021,middle,False,5,W3195374612
5076568855,2021,middle,False,6,W4205989901
5076574254,2022,first,False,6,W4317382087
5076576641,2020,middle,False,5,W3033777149
5076579785,2022,middle,False,6,W4308236201
5076593865,2020,last,False,5,W3035052826
5076598260,2019,middle,False,4,W2995439439
5076599775,2022,middle,False,5,W4328005907
5076605476,2022,middle,False,5,W4298087250
5076609933,2020,first,False,5,W3103866689
5076610826,2019,last,True,2,W2987831083
5076610873,2019,middle,False,7,W2993961432
5076633467,2022,last,False,2,W4296558946
5076633756,2021,middle,False,25,W3204256746
5076635608,2019,last,False,4,W2971173235
5076646445,2021,first,False,6,W3215918380
5076654908,2020,middle,False,6,W3118146946
5076656061,2020,middle,False,4,W3092173171
5076656655,2021,middle,False,6,W3203177300
5076657548,2022,middle,False,6,W4296177022
5076659352,2020,middle,False,5,W3041134523
5076664509,2021,last,False,3,W3137437996
5076665413,2021,middle,False,5,W4206687743
5076667950,2019,middle,False,3,W2985033342
5076669165,2021,middle,False,4,W3185921853
5076701832,2021,middle,False,5,W3213496406
5076702280,2022,middle,False,8,W4281993476
5076711710,2022,middle,False,5,W4287887154
5076723837,2021,middle,False,6,W3212697851
5076778841,2020,last,False,7,W3119781137
5076793943,2021,last,True,3,W3045958725
5076794753,2022,middle,False,5,W4285271805
5076801334,2020,last,False,4,W3101458441
5076804411,2021,middle,False,5,W3201987110
5076812698,2022,middle,False,7,W4285242045
5076840318,2020,middle,False,3,W3097748063
5076850408,2022,middle,False,5,W4312521437
5076852435,2020,middle,False,4,W3102183509
5076865166,2020,middle,False,5,W3089969421
5076868018,2021,middle,False,4,W3171666028
5076870712,2022,middle,False,7,W4292197005
5076873402,2022,middle,False,5,W4320024337
5076876024,2020,middle,False,3,W3097013020
5076876084,2019,last,False,2,W2940718221
5076882227,2021,first,False,23,W3190761184
5076900864,2019,middle,False,6,W2970169521
5076902652,2022,middle,False,6,W4285030403
5076904467,2019,middle,False,3,W2951434086
5076908482,2019,middle,False,4,W3008703798
5076909486,2021,middle,False,8,W3176641036
5076911583,2022,last,False,2,W4296339429
5076917278,2019,last,True,7,W2911489562
5076924374,2022,last,True,6,W4282924213
5076935629,2019,middle,False,15,W2970279348
5076946581,2022,first,False,2,W4281626039
5076968229,2022,middle,False,7,W4225673889
5076970918,2021,middle,False,5,W3173718765
5076976404,2022,middle,False,10,W4304689276
5076983719,2021,middle,False,3,W3194005300
5076991978,2021,middle,False,7,W3184877295
5076994242,2022,last,False,7,W4285213468
5076999947,2022,middle,False,4,W4303628775
5077002072,2019,last,False,5,W3004302692
5077010254,2022,first,False,6,W4213224833
5077016111,2021,middle,False,3,W3202827312
5077041853,2022,last,False,5,W4292827667
5077045386,2022,middle,False,5,W4294631187
5077046519,2019,middle,False,5,W3125615400
5077046779,2022,first,False,5,W4280580200
5077049103,2022,middle,False,4,W4295700961
5077063699,2019,last,False,5,W2970482069
5077079119,2022,middle,False,3,W4285199989
5077080413,2022,last,False,7,W4225370003
5077095301,2021,middle,False,8,W3172583326
5077095316,2020,first,True,5,W3036422752
5077099058,2020,middle,False,5,W3110623878
5077105641,2022,middle,False,9,W4285803722
5077109703,2022,last,False,4,W4229450800
5077110011,2022,first,False,4,W4361020038
5077115606,2022,last,False,3,W4287887951
5077116003,2021,middle,False,5,W3178755335
5077134715,2020,last,True,13,W3016028808
5077143179,2022,first,False,5,W4293239072
5077144125,2022,middle,False,5,W4295857812
5077156448,2020,middle,False,3,W3094847307
5077167825,2022,middle,False,3,W4294975751
5077188936,2020,middle,False,6,W3114688549
5077212321,2022,last,False,3,W4320024236
5077224755,2021,first,False,7,W3175444644
5077231313,2021,last,True,7,W3151929433
5077234015,2020,last,False,3,W3108702526
5077247065,2020,middle,False,6,W3036566622
5077257331,2019,middle,False,4,W2916113431
5077258552,2022,last,False,5,W4312758384
5077258803,2021,last,False,3,W3209442916
5077260444,2022,middle,False,4,W4312931084
5077261644,2022,middle,True,8,W3201849546
5077266611,2021,last,False,3,W3174956803
5077267552,2020,last,False,4,W3097474155
5077269072,2020,middle,False,6,W3099577420
5077273985,2020,middle,False,6,W3034624105
5077285164,2019,last,False,4,W2951216772
5077286440,2019,middle,False,6,W2970799419
5077295057,2020,last,False,6,W3134309290
5077296574,2020,first,False,3,W3116191565
5077299140,2022,last,False,3,W4287890490
5077310477,2021,last,False,4,W3177201695
5077316017,2022,middle,False,7,W4226396484
5077318302,2020,middle,False,6,W3111488881
5077322091,2020,middle,False,14,W3010140913
5077348778,2022,middle,False,7,W4285207898
5077348938,2020,middle,False,6,W3100133897
5077349056,2020,last,False,3,W3087780320
5077362985,2020,middle,False,6,W3126910220
5077365712,2019,middle,False,3,W2970785188
5077369098,2022,last,False,6,W4311769714
5077369376,2021,first,False,5,W4206252036
5077378114,2022,last,True,5,W4283777628
5077379080,2020,middle,False,4,W3093198074
5077387853,2022,last,False,3,W4366674457
5077401426,2021,last,False,13,W3162347631
5077406767,2021,middle,False,5,W3168552854
5077410877,2020,middle,False,6,W3090593301
5077419846,2020,last,True,5,W3116159721
5077428554,2022,middle,False,18,W4234577219
5077430497,2022,middle,False,7,W4210738256
5077439627,2020,last,False,3,W3043081418
5077450332,2021,middle,False,3,W3197942009
5077455505,2022,middle,False,5,W4294238315
5077460655,2021,middle,False,4,W3006597595
5077461380,2022,last,False,5,W4229370300
5077461682,2022,middle,False,3,W4294892150
5077468662,2020,first,False,3,W3115653677
5077472202,2022,first,False,3,W4293220829
5077478338,2022,last,True,3,W4206081398
5077484271,2020,last,False,3,W3090751054
5077485006,2022,last,False,6,W4221161778
5077509916,2019,middle,False,5,W2994071599
5077528633,2022,first,True,6,W4213457947
5077532535,2019,middle,False,5,W2970303069
5077539496,2022,last,False,6,W4385573349
5077543853,2022,middle,False,7,W4281479341
5077547406,2021,last,False,3,W3174501163
5077557759,2022,middle,True,4,W4285735580
5077569089,2020,last,False,3,W3119308520
5077570482,2019,middle,False,9,W2961575557
5077575024,2021,last,False,6,W3184230151
5077603718,2022,last,False,6,W4309223340
5077610457,2021,last,False,4,W3172352865
5077610917,2020,last,False,3,W3090988182
5077615805,2021,last,False,3,W3142064846
5077619272,2022,last,True,4,W4306857309
5077621150,2022,middle,False,7,W4226400527
5077626501,2022,middle,False,10,W4287887652
5077627355,2022,last,False,4,W3200795054
5077633483,2021,middle,False,7,W3167450463
5077641909,2020,middle,False,6,W3117737817
5077658936,2020,middle,False,5,W3113547433
5077663332,2021,middle,False,4,W3093721400
5077664809,2022,last,False,4,W4281753922
5077670675,2022,middle,False,4,W4205172550
5077671600,2021,first,False,5,W3208449471
5077681143,2020,middle,False,4,W3091322135
5077687075,2022,last,False,6,W4312685580
5077700312,2022,middle,True,14,W4306353220
5077707500,2022,middle,False,5,W4308919251
5077709014,2022,middle,False,5,W4296306361
5077725442,2021,middle,False,4,W3183866186
5077726785,2019,middle,False,5,W2939380783
5077738658,2021,first,False,3,W3186529872
5077746237,2019,middle,False,15,W2970279348
5077757629,2022,middle,False,4,W4385573397
5077760743,2022,last,False,2,W4286811077
5077762937,2020,middle,False,6,W3119106255
5077770842,2021,middle,False,5,W3175338534
5077783053,2021,middle,False,6,W3216561679
5077783791,2020,last,False,4,W3105926814
5077785918,2022,last,False,5,W4287889356
5077789334,2022,middle,False,6,W4308236201
5077815350,2022,middle,False,12,W4306646496
5077826217,2019,middle,False,3,W2981808500
5077832834,2020,last,False,6,W3098358988
5077846188,2021,middle,False,7,W4200337351
5077847474,2021,last,False,6,W3193034122
5077854459,2022,last,False,5,W4361733549
5077864708,2022,middle,False,5,W4281567778
5077878259,2020,last,False,2,W3111687273
5077880633,2022,last,False,4,W4283016277
5077882811,2020,middle,False,7,W2997124358
5077886604,2022,last,True,7,W4295064620
5077892744,2022,middle,True,8,W4280594315
5077896259,2021,last,False,2,W3208821873
5077902436,2022,middle,False,4,W4320057792
5077930700,2021,middle,False,23,W3190761184
5077946476,2022,middle,False,5,W4226098472
5077947499,2022,middle,False,5,W4312575895
5077947736,2022,middle,False,5,W4286751634
5077949115,2022,middle,False,7,W4306178485
5077958415,2022,first,False,3,W4292488281
5077965872,2022,middle,False,8,W4285176735
5077976343,2019,last,False,2,W2970868452
5077978504,2022,middle,False,3,W4289655848
5077989255,2021,middle,False,5,W3214193176
5077991621,2022,middle,False,4,W4224981226
5077992579,2022,first,True,5,W4307441899
5077994189,2019,first,True,2,W2951846787
5077996394,2020,last,False,2,W3163543516
5078007252,2020,last,False,3,W2997448699
5078026787,2021,middle,False,17,W4200213155
5078029945,2022,middle,False,7,W4313117614
5078049762,2022,middle,False,3,W4308424096
5078051602,2021,first,True,3,W3196347491
5078051957,2022,last,False,2,W4312863132
5078053131,2021,middle,False,6,W3122203712
5078053186,2022,middle,False,15,W4385574358
5078060919,2020,last,False,3,W3045889512
5078075278,2021,middle,False,7,W3152700969
5078087571,2022,last,False,2,W4285815371
5078089403,2022,middle,False,7,W4313420964
5078092645,2021,first,False,8,W4229452760
5078094295,2020,last,False,3,W3045703328
5078102229,2021,last,False,3,W3200681734
5078108605,2020,last,False,3,W3023186271
5078116487,2022,last,False,3,W4213256221
5078128277,2022,middle,False,6,W4289827868
5078132977,2020,last,False,4,W3015173574
5078136113,2021,last,False,3,W3135108781
5078141810,2020,last,False,7,W2998476971
5078146127,2021,middle,False,7,W4225512842
5078160632,2019,middle,False,5,W2970808735
5078162380,2020,middle,False,6,W3034623328
5078167885,2022,middle,False,4,W4285208819
5078170731,2022,last,False,2,W4365800448
5078170935,2021,middle,False,4,W3180733313
5078173428,2022,last,False,3,W4285102191
5078188438,2022,middle,False,4,W4226412672
5078193661,2022,first,False,2,W4385572956
5078205785,2022,last,False,7,W3201927751
5078210579,2019,middle,False,3,W2989667971
5078219471,2022,middle,False,5,W4287887252
5078223816,2021,last,True,4,W3201291817
5078232784,2020,middle,False,9,W3097588535
5078234452,2021,middle,False,5,W3155053993
5078234650,2021,first,False,2,W3163553943
5078239319,2021,middle,False,4,W3034368386
5078242198,2020,middle,False,4,W3115920274
5078254809,2019,last,True,3,W2972599464
5078262826,2020,last,False,4,W3014765019
5078263052,2020,middle,False,9,W3035153870
5078271197,2022,first,False,8,W4311524705
5078294323,2022,middle,False,5,W4311008766
5078302445,2022,middle,False,6,W4292223319
5078330211,2021,last,False,6,W3161048756
5078332129,2021,last,True,3,W3124640783
5078339613,2020,last,False,2,W3116387889
5078340301,2022,middle,True,6,W4311197621
5078351384,2021,first,False,6,W4205403018
5078354590,2021,last,False,4,W3212205709
5078362082,2019,first,False,5,W2970872015
5078370106,2021,first,False,5,W3207610752
5078390032,2020,last,False,2,W3098396250
5078391768,2022,last,False,6,W4292869146
5078394535,2020,last,False,6,W3098724294
5078406349,2022,last,False,3,W4319586585
5078412860,2022,middle,False,4,W4281665783
5078420686,2020,middle,False,6,W3095711142
5078430550,2022,last,False,3,W4288871177
5078442427,2022,middle,False,4,W4221152141
5078445362,2022,middle,False,5,W4229082241
5078449028,2022,first,False,6,W4225004043
5078475872,2021,middle,False,4,W3161021427
5078484174,2022,middle,False,6,W4285030403
5078495751,2022,middle,False,5,W4283327373
5078496897,2022,last,False,4,W4313007547
5078511386,2022,middle,False,5,W4385573832
5078512276,2022,middle,False,5,W4312102781
5078512486,2020,middle,False,6,W3034795928
5078514616,2022,last,False,6,W4308599814
5078515561,2022,middle,False,6,W4308390527
5078524542,2020,last,False,2,W3129905227
5078530959,2019,last,False,3,W2953287808
5078536980,2020,last,False,3,W3134691252
5078541115,2020,middle,False,5,W3106388706
5078555166,2021,middle,False,9,W3204150987
5078567927,2022,middle,False,6,W4293812347
5078571347,2019,middle,False,5,W2962895967
5078574617,2022,middle,False,11,W4221021785
5078592584,2022,middle,False,3,W3196706143
5078599820,2020,middle,False,5,W3102260352
5078621336,2022,middle,False,7,W4386339084
5078653333,2021,last,False,5,W4226163610
5078661113,2022,middle,False,7,W4385574252
5078668864,2021,first,False,5,W4206261140
5078696090,2022,middle,False,5,W4385573458
5078700724,2021,middle,False,12,W3137689960
5078716867,2020,middle,False,5,W3037678457
5078720265,2022,middle,False,20,W4281708620
5078730212,2022,last,False,3,W4297685754
5078744419,2022,middle,False,6,W3165168781
5078745193,2021,middle,False,5,W4226341954
5078767816,2021,first,True,5,W3131852756
5078773537,2021,last,False,6,W4200178498
5078778981,2021,middle,False,15,W3196321886
5078784976,2021,last,False,2,W3138801416
5078794661,2022,last,False,5,W4312724610
5078794731,2019,first,False,7,W3000100294
5078800069,2021,first,False,5,W3160157873
5078803267,2022,middle,False,7,W4385574297
5078808331,2020,first,False,7,W3042196038
5078812348,2020,first,True,1,W3117935238
5078813301,2022,first,False,4,W4214875575
5078838951,2022,last,False,4,W4312897837
5078840423,2022,middle,False,11,W4286267600
5078865608,2019,last,False,4,W2953958347
5078867617,2022,middle,False,8,W4307651724
5078867761,2021,middle,True,4,W3133361432
5078876809,2021,first,False,5,W3119518653
5078883262,2022,middle,False,5,W4286375281
5078886343,2022,last,True,2,W3162155171
5078910889,2021,middle,False,4,W3111216701
5078920845,2019,last,False,4,W2987432247
5078946433,2022,last,True,3,W4310603653
5078957171,2022,middle,False,5,W4312458691
5078959213,2020,middle,False,6,W3098903979
5078969904,2020,middle,False,6,W3116109762
5078974768,2021,middle,False,6,W4200346982
5078997618,2022,middle,False,4,W4296068408
5078998093,2022,middle,False,19,W4221066460
5078999372,2022,middle,False,7,W4378952359
5079013457,2022,middle,False,14,W4210700580
5079020868,2021,last,False,2,W3189699797
5079026336,2020,last,False,5,W3034669389
5079042022,2022,first,True,1,W4313194105
5079046603,2022,last,False,3,W4385573900
5079050234,2021,middle,False,8,W3172583326
5079050408,2020,middle,False,6,W3032423893
5079061237,2019,last,False,5,W2949849869
5079062342,2022,middle,False,12,W4285060468
5079066286,2021,first,False,2,W3169315457
5079066445,2021,middle,False,18,W3189296823
5079066886,2019,middle,False,3,W2990536557
5079082222,2022,last,False,8,W4285606429
5079106687,2022,middle,False,7,W4313050727
5079119503,2022,middle,False,6,W4312293024
5079130579,2022,middle,False,10,W4304689276
5079130645,2022,last,False,5,W4210576018
5079131136,2021,last,False,5,W3168690788
5079135719,2020,first,False,8,W3034417881
5079144156,2022,middle,False,6,W4293518656
5079152917,2020,middle,False,3,W3087105636
5079154791,2020,first,True,6,W3018413731
5079167910,2022,middle,False,7,W4221015778
5079179983,2021,middle,False,16,W3183988814
5079185955,2022,middle,True,3,W4284709634
5079191082,2022,middle,False,3,W4213045215
5079221585,2022,middle,False,9,W4294974978
5079222154,2021,first,False,3,W3173436762
5079230730,2022,middle,False,4,W4293182797
5079260216,2020,middle,False,6,W2998516864
5079264223,2022,middle,False,6,W4312868944
5079270249,2019,last,False,3,W2971314080
5079270380,2022,middle,False,8,W4226087293
5079301873,2022,middle,False,5,W4304086160
5079312541,2022,middle,False,5,W4297818301
5079315903,2019,middle,False,7,W2970476646
5079316675,2022,middle,False,5,W3170545223
5079320233,2022,middle,False,20,W4286717608
5079329106,2022,middle,False,6,W4312895349
5079332944,2022,last,False,3,W4323520641
5079336821,2019,first,False,4,W2963165489
5079346224,2022,middle,True,4,W4311169492
5079350138,2022,last,False,2,W4225397379
5079353328,2022,middle,False,8,W4306694238
5079357056,2019,middle,False,5,W2994071599
5079365943,2021,last,False,4,W4206478394
5079372832,2022,middle,False,5,W4206944021
5079372989,2022,last,True,2,W4225370732
5079376020,2020,last,False,2,W3150257417
5079405950,2021,middle,False,5,W4206065942
5079412089,2022,middle,False,5,W4313477296
5079430794,2021,last,False,4,W4206250065
5079433761,2021,middle,False,6,W4225688135
5079447763,2022,middle,False,12,W4296068592
5079455576,2019,first,False,3,W2988025470
5079457723,2022,middle,False,6,W4285307478
5079458476,2022,middle,False,9,W3206381016
5079461118,2022,middle,False,9,W4312466125
5079465565,2022,middle,False,11,W4285257396
5079475252,2021,last,False,7,W3194532951
5079503975,2021,middle,False,7,W3180940307
5079517520,2022,middle,False,11,W4294578455
5079518417,2020,last,False,7,W3039276721
5079518614,2022,middle,False,7,W4317600375
5079523076,2022,last,False,7,W4221154041
5079533791,2022,first,False,5,W4385573440
5079543720,2021,middle,False,4,W3123649662
5079543723,2020,last,False,4,W3041843014
5079544571,2021,middle,False,11,W3212947338
5079559561,2021,middle,False,5,W3213782110
5079572598,2021,middle,False,6,W3139508020
5079605672,2020,middle,False,6,W3046209160
5079607802,2020,middle,True,9,W3024368629
5079625677,2022,middle,False,4,W4210894209
5079627710,2019,first,False,7,W3013936901
5079637160,2022,middle,False,4,W4312897837
5079638413,2021,middle,False,16,W3183988814
5079642914,2021,last,False,6,W3176342638
5079643583,2022,middle,False,4,W4312924775
5079644404,2021,middle,False,11,W3160540087
5079648062,2021,first,False,3,W4205964182
5079648393,2021,middle,False,3,W3216626696
5079657818,2022,first,False,2,W4297035358
5079659239,2022,middle,True,6,W4281263016
5079659938,2022,middle,False,5,W4295934596
5079664374,2022,middle,False,6,W4318147471
5079677624,2021,middle,False,7,W3180940307
5079684936,2021,last,False,2,W3213002786
5079692192,2020,first,False,5,W3013642887
5079693142,2021,middle,False,4,W3198016157
5079699057,2021,middle,True,7,W4200200013
5079709359,2018,first,False,3,W2963190614
5079711114,2022,middle,False,14,W4404783489
5079726704,2022,last,False,6,W4310354215
5079733597,2020,middle,False,6,W3115787264
5079735717,2022,last,False,3,W4225287661
5079751395,2022,last,False,9,W4308555726
5079757419,2021,last,False,7,W3186218032
5079766012,2022,middle,False,7,W4297818243
5079791321,2020,last,False,2,W3058507927
5079798556,2021,middle,False,5,W3162948689
5079800756,2022,last,False,6,W3165168781
5079815444,2022,last,False,2,W4293051179
5079825375,2020,last,True,4,W2999215229
5079848178,2022,last,False,3,W4309440969
5079848894,2022,last,True,8,W4223412181
5079854850,2021,middle,False,7,W3169948074
5079872127,2021,last,False,3,W3174507191
5079873685,2022,first,False,4,W4289713454
5079873734,2021,first,False,4,W3093721400
5079887012,2020,middle,False,10,W3037991407
5079899832,2021,first,False,3,W3207011459
5079900418,2021,middle,False,3,W3125401821
5079910160,2022,last,False,6,W4297841875
5079916657,2020,last,False,3,W3092325673
5079932099,2020,last,False,4,W3014917413
5079939753,2021,middle,False,18,W4226194443
5079978766,2020,middle,False,6,W3118043957
5079988141,2021,middle,False,3,W3154987757
5079991004,2022,last,False,3,W4221086658
5079991821,2020,last,True,2,W3117864197
5080014791,2021,last,True,3,W3176997878
5080016463,2021,last,False,4,W3203393454
5080028094,2021,middle,False,6,W3158697642
5080030270,2020,last,False,8,W3107366692
5080030614,2020,last,False,3,W3042134271
5080042065,2020,last,False,5,W3137814514
5080063580,2019,last,False,3,W2971015282
5080069398,2020,middle,False,4,W3088999551
5080080797,2022,last,False,3,W4306967033
5080086968,2020,last,False,3,W3028795872
5080093489,2022,last,False,3,W4221096991
5080107395,2022,last,True,3,W4306732251
5080111149,2020,last,False,4,W3118017018
5080116611,2022,middle,False,3,W4294974793
5080122988,2021,last,False,4,W3205436659
5080125160,2019,last,False,5,W2970744242
5080137972,2022,middle,False,3,W4210768189
5080146945,2019,last,False,3,W2972573244
5080150537,2022,middle,False,4,W4293304858
5080153106,2022,middle,False,9,W4295925316
5080158470,2022,first,False,6,W4225377340
5080165465,2022,middle,True,3,W4312063084
5080168999,2022,last,False,5,W4295434409
5080183182,2021,last,False,8,W4211181447
5080185510,2022,first,False,2,W4312911846
5080190737,2021,last,True,2,W4200468156
5080208129,2022,middle,False,4,W4361020038
5080214850,2021,middle,False,5,W3185113268
5080219165,2022,first,False,3,W4280586606
5080221214,2019,middle,False,5,W2966387645
5080229193,2022,middle,False,19,W4221066460
5080237062,2022,middle,False,12,W4300861364
5080253648,2022,first,False,4,W4319780902
5080257498,2020,first,True,3,W2595186334
5080266755,2021,last,False,6,W3127117918
5080272127,2021,middle,False,5,W3113096756
5080285200,2020,middle,False,5,W3024507639
5080291510,2021,last,False,4,W3186778784
5080296321,2021,last,False,4,W3184202105
5080300851,2022,middle,False,14,W4385567119
5080312761,2021,last,False,9,W3122244192
5080326317,2020,first,False,2,W3023001428
5080337562,2022,middle,False,4,W4224050240
5080341760,2020,middle,False,4,W3011614468
5080342591,2021,first,False,3,W3217564845
5080346697,2022,middle,False,8,W4311524705
5080346989,2022,last,False,8,W4313065019
5080364797,2021,last,True,9,W3200523913
5080371739,2022,middle,False,5,W4361732502
5080433490,2022,middle,False,3,W4286436509
5080435987,2022,first,False,3,W4229449652
5080452338,2022,middle,False,6,W4322731678
5080453744,2020,last,False,6,W3109988957
5080454453,2022,middle,False,19,W4285211735
5080465274,2021,first,True,2,W3214366840
5080472445,2019,first,False,8,W2970156971
5080478930,2022,last,False,3,W4315777795
5080481315,2021,middle,False,5,W4210337481
5080482277,2021,last,False,4,W4200410707
5080485123,2020,middle,False,3,W3101026830
5080505347,2021,last,False,5,W3175338534
5080511731,2022,middle,False,6,W4294672645
5080516734,2021,middle,False,7,W3178751578
5080524660,2022,last,False,3,W4220851215
5080535716,2022,middle,False,5,W4312188752
5080541939,2021,last,False,3,W4200486127
5080542319,2021,last,False,5,W3157742604
5080544237,2020,middle,False,8,W3102749280
5080550833,2020,middle,False,6,W3097632072
5080560235,2022,middle,False,19,W4221066460
5080567273,2022,middle,False,4,W4319587062
5080569424,2021,last,False,5,W3168201070
5080591144,2019,middle,False,5,W2971107062
5080592381,2021,middle,False,6,W3184121905
5080606292,2021,middle,False,3,W3121250149
5080609952,2020,first,True,1,W3091738729
5080614281,2021,middle,False,6,W3171827422
5080614776,2019,middle,False,3,W2972573244
5080623810,2022,middle,False,19,W4225164540
5080634543,2021,last,False,3,W3217170394
5080641496,2022,middle,False,5,W4313339887
5080646275,2020,last,True,5,W3106652897
5080648360,2022,middle,False,5,W4308234197
5080649483,2022,middle,False,5,W4225264236
5080650089,2021,middle,False,4,W3165022283
5080653038,2019,first,False,3,W2971182981
5080654893,2019,last,False,2,W2949334784
5080660416,2020,last,False,6,W3021887096
5080664346,2022,middle,False,4,W4296425700
5080670840,2021,last,False,6,W4211021002
5080674767,2022,middle,False,3,W4226020328
5080683855,2021,first,True,9,W3160160137
5080699291,2020,first,False,4,W3093545390
5080703148,2022,last,False,5,W4312773760
5080724301,2019,first,False,2,W2985355867
5080735139,2021,first,False,3,W4214701599
5080738591,2019,last,False,5,W2962669974
5080755268,2021,middle,False,5,W3180728985
5080764714,2022,last,False,4,W4287888558
5080771635,2022,middle,False,3,W4205201623
5080786959,2020,last,False,2,W3037411214
5080796123,2020,middle,False,4,W3095525213
5080798381,2022,middle,False,6,W4385573652
5080804523,2020,middle,False,6,W3012716314
5080805670,2021,first,True,1,W4206434520
5080806360,2021,last,True,4,W3211003470
5080820519,2019,last,False,2,W2991650781
5080841119,2021,middle,False,4,W3174856943
5080851662,2021,last,False,3,W3216626696
5080855773,2021,last,True,2,W3213241343
5080856387,2020,middle,False,9,W3097588535
5080862674,2021,last,True,8,W3171186158
5080865059,2021,last,False,6,W3185487872
5080865519,2022,last,True,3,W4220861840
5080886129,2022,first,False,6,W4288057740
5080895628,2020,last,False,3,W3086353339
5080920610,2021,last,False,3,W4205964182
5080929578,2021,middle,False,6,W3199964822
5080937886,2021,first,False,4,W3093891978
5080938408,2020,middle,False,4,W3136377320
5080950099,2020,last,False,4,W3131911579
5080972445,2020,last,False,5,W3089666805
5080987750,2021,last,False,4,W4210999213
5080988309,2022,middle,False,6,W4287889730
5080990321,2022,middle,False,18,W4287854440
5080999253,2022,last,True,2,W4385572822
5081003438,2022,middle,False,20,W4286717608
5081008532,2020,middle,False,4,W3011414630
5081010729,2019,middle,False,6,W3010362629
5081017623,2021,first,False,2,W3200279340
5081022650,2019,last,False,5,W2970069267
5081026185,2021,first,False,3,W3212869160
5081036622,2020,middle,False,6,W3096150021
5081036659,2022,middle,False,4,W4286541468
5081041434,2022,last,False,6,W4220787749
5081054998,2022,middle,False,7,W4312127268
5081056915,2021,first,False,3,W4200259318
5081060523,2021,middle,False,5,W3208315018
5081085090,2022,middle,False,5,W4312521437
5081086453,2021,middle,False,6,W3169633657
5081097070,2022,last,False,3,W4312307060
5081114810,2020,middle,False,7,W3088684535
5081115024,2021,last,False,4,W3214480544
5081131668,2020,first,False,2,W3035073594
5081145634,2022,middle,False,9,W4312727366
5081159209,2022,middle,False,5,W4286560036
5081159876,2020,last,False,5,W3040342228
5081165207,2021,middle,False,5,W3191709143
5081165986,2021,first,False,4,W3154553408
5081173423,2022,last,False,5,W4287889587
5081175172,2021,last,True,4,W3171528420
5081208395,2022,middle,False,6,W4307844970
5081218376,2022,middle,False,10,W4313525648
5081219326,2020,middle,False,4,W3128867615
5081225515,2022,last,False,5,W4226365911
5081252567,2022,middle,False,8,W3198379050
5081254082,2021,middle,True,7,W4200580899
5081254155,2021,middle,False,9,W3209034179
5081269012,2022,middle,False,5,W4289550913
5081274781,2021,middle,False,7,W3208818243
5081278059,2022,last,False,6,W4226497331
5081290899,2022,middle,False,7,W4292828951
5081307846,2019,last,False,3,W2970996870
5081316458,2022,first,False,10,W4285279512
5081319088,2020,last,True,2,W3034206885
5081333735,2019,last,False,8,W2954226438
5081334208,2022,first,False,4,W4309219811
5081335221,2020,middle,False,3,W3114537552
5081337604,2020,middle,False,7,W3103817618
5081349908,2022,first,True,7,W4280543959
5081354508,2019,last,False,2,W2983202714
5081356898,2022,last,True,2,W4229454018
5081371370,2022,middle,False,7,W4283758572
5081385896,2022,middle,True,4,W4225985857
5081393566,2019,last,False,4,W2983836503
5081396646,2022,middle,False,6,W4287891172
5081398601,2019,last,False,5,W2964306921
5081428282,2020,middle,False,3,W3034802203
5081433919,2022,first,False,6,W4301184505
5081442372,2022,last,False,3,W4280643589
5081449581,2022,middle,False,5,W4308641648
5081457786,2022,middle,False,8,W3174174431
5081467995,2022,middle,True,5,W4225159691
5081470277,2021,last,False,2,W3207228856
5081479387,2021,middle,False,9,W3154594410
5081489939,2022,middle,False,5,W4206973387
5081497309,2021,middle,False,9,W4205466227
5081506338,2022,last,False,2,W4285504003
5081506611,2020,last,True,4,W3012716110
5081525024,2020,last,False,5,W3114544027
5081562101,2022,last,False,6,W3206128852
5081562478,2021,middle,False,3,W3184441741
5081563886,2020,last,False,12,W3012939329
5081566320,2019,middle,False,5,W2980813192
5081567725,2021,middle,False,16,W3133264589
5081577635,2021,middle,False,4,W3195489253
5081590498,2021,last,False,3,W3134422208
5081602801,2022,first,False,5,W4287888895
5081611388,2022,middle,False,6,W4310354215
5081627187,2020,first,False,3,W3108702526
5081629487,2021,last,False,3,W3215440557
5081631274,2022,last,False,4,W4224050240
5081635691,2019,middle,False,4,W2987553933
5081657954,2020,middle,False,8,W3118749559
5081661094,2021,last,False,4,W3185093206
5081662508,2020,middle,False,6,W3116155025
5081664259,2021,last,False,4,W3169842523
5081667124,2021,middle,False,3,W3214605075
5081670766,2022,first,False,6,W4220803716
5081683515,2022,middle,False,4,W4313420323
5081688191,2021,middle,False,4,W3199468887
5081695392,2022,last,False,5,W4220823258
5081700146,2020,last,False,2,W3101662265
5081703144,2022,first,False,2,W4312725824
5081709342,2022,first,False,4,W4285282571
5081712226,2022,last,False,3,W4312565955
5081754547,2021,middle,False,5,W3202218171
5081756234,2021,first,False,2,W3171766884
5081757587,2022,middle,False,6,W4308529129
5081758219,2021,first,False,6,W3199178087
5081759167,2021,last,False,4,W3170892757
5081760286,2019,middle,False,8,W2950757501
5081761211,2022,last,False,5,W4382864778
5081767617,2021,last,True,4,W3203755200
5081787254,2019,last,False,10,W2970172141
5081792355,2022,last,False,2,W4283580853
5081801388,2020,middle,False,4,W3034383590
5081806198,2021,middle,False,4,W3171617125
5081808619,2019,middle,False,3,W2972498864
5081824828,2018,last,False,2,W2963998676
5081826794,2020,middle,False,8,W3130911940
5081838860,2022,middle,False,6,W4312895349
5081841142,2022,middle,False,7,W4295442860
5081852717,2021,middle,True,18,W3189296823
5081854769,2020,last,False,2,W3116413464
5081855118,2022,last,True,3,W4283321006
5081862885,2019,first,False,3,W2951434086
5081863278,2021,last,False,3,W3144320030
5081874896,2020,middle,False,10,W3037991407
5081875121,2020,middle,False,3,W3101023622
5081880060,2022,middle,False,6,W4220695744
5081895375,2022,middle,False,10,W4312068410
5081898726,2020,first,False,6,W3010593057
5081912327,2021,first,False,6,W3113677131
5081922663,2022,first,True,19,W4225164540
5081939964,2021,last,True,3,W3207011459
5081951768,2022,last,True,5,W4225008383
5081955215,2021,last,False,3,W3201021139
5081961122,2022,middle,False,5,W4313330995
5081961287,2021,middle,True,6,W3212569382
5081965716,2021,middle,False,10,W3201165747
5081967453,2021,first,False,4,W3212863534
5081987954,2022,middle,False,7,W4200632828
5082003776,2021,first,False,7,W3208518149
5082017465,2022,last,False,6,W4312623522
5082045666,2020,last,False,3,W3120761542
5082047528,2020,first,False,3,W3098502857
5082064946,2021,middle,False,7,W3185041190
5082068608,2020,last,False,5,W3116977398
5082087108,2022,last,False,4,W4295768363
5082088223,2021,first,False,6,W3119880013
5082103530,2021,middle,False,4,W3175937250
5082114258,2021,middle,True,14,W3200391510
5082114795,2020,middle,False,6,W3099728037
5082115266,2019,middle,False,3,W3008327298
5082123014,2021,last,True,2,W3119466994
5082131901,2022,middle,False,12,W4281487830
5082145620,2020,last,False,5,W3091777332
5082146813,2022,last,False,4,W4309264767
5082147952,2022,middle,False,10,W4206221224
5082161062,2022,middle,False,4,W4281621415
5082173488,2022,last,False,5,W4307835584
5082184364,2021,last,True,2,W3198690080
5082191286,2021,last,False,2,W3164782458
5082205147,2022,last,False,2,W4312879418
5082228880,2022,middle,True,8,W4306403642
5082233800,2020,middle,False,7,W3117811146
5082237102,2021,middle,False,4,W4205997990
5082238675,2021,middle,False,4,W3215748135
5082239883,2022,first,False,4,W4206670423
5082255004,2021,last,False,4,W3193421702
5082256444,2020,middle,False,5,W3113610426
5082259794,2020,middle,False,8,W3130911940
5082268297,2022,middle,False,13,W4313525285
5082272720,2021,first,False,4,W3121217868
5082274727,2020,last,False,9,W3005811144
5082283204,2021,middle,False,3,W3165153695
5082286441,2021,middle,False,7,W3176443840
5082286929,2021,last,False,5,W3208326580
5082301194,2022,first,False,3,W4310609740
5082305994,2019,last,False,4,W2984582583
5082314454,2022,first,False,7,W4313564004
5082317196,2022,middle,False,7,W4308931255
5082325279,2020,last,False,8,W3117891071
5082326026,2021,last,False,2,W3206132041
5082329468,2020,first,True,2,W3123925945
5082339849,2021,last,False,5,W3153386185
5082349516,2022,first,False,4,W3202278141
5082350046,2021,last,False,2,W3166362601
5082351931,2020,middle,False,4,W3116295307
5082357240,2022,middle,False,8,W4281993476
5082362331,2022,middle,False,4,W4316021527
5082365228,2022,middle,False,9,W4280596951
5082372366,2021,first,False,6,W4210972654
5082375623,2022,middle,False,4,W4312385228
5082380547,2022,middle,False,6,W4312361117
5082383543,2020,last,False,3,W3094353684
5082384108,2021,middle,False,12,W3167150438
5082391569,2020,last,False,2,W3117055973
5082393460,2022,middle,False,7,W4220757565
5082404485,2021,first,False,3,W4210433544
5082406151,2021,first,False,8,W3210395416
5082408006,2020,middle,False,4,W3034896171
5082417280,2020,last,False,4,W3093456628
5082428303,2022,last,False,5,W4313339887
5082431810,2021,last,False,4,W3108757211
5082439574,2022,middle,False,8,W4281729944
5082450455,2019,middle,False,4,W2963873807
5082455230,2021,middle,False,5,W3199520873
5082464861,2022,last,False,3,W4205883286
5082472767,2022,last,False,6,W4283271734
5082477584,2022,last,False,2,W4225139333
5082493192,2022,last,False,2,W4307266178
5082494492,2019,first,False,5,W2983766176
5082506991,2021,first,False,5,W3162826982
5082517727,2021,middle,False,4,W3203366169
5082524666,2022,last,False,4,W4311166089
5082526887,2020,middle,False,3,W3080517163
5082535694,2022,first,False,2,W4284670372
5082548649,2021,last,False,4,W4210354423
5082553860,2021,middle,False,5,W3190697745
5082554104,2021,middle,False,6,W3184285541
5082583021,2022,middle,False,12,W4290802352
5082590468,2021,last,True,10,W3202078810
5082598678,2022,middle,False,4,W4299550693
5082599714,2021,middle,False,8,W3176421937
5082600899,2020,middle,False,4,W3112248285
5082602131,2021,middle,False,5,W3204179985
5082603621,2021,middle,False,4,W3177464472
5082606335,2022,middle,False,8,W4361020108
5082611298,2021,middle,False,4,W3154219437
5082613662,2022,middle,False,9,W4285164445
5082625385,2020,middle,False,6,W3035990700
5082629853,2022,last,False,9,W4229455170
5082630408,2022,middle,False,14,W4298147678
5082630903,2021,last,False,3,W4237012883
5082634431,2022,last,True,4,W4225003277
5082644040,2021,middle,False,6,W3161513287
5082663800,2020,last,False,3,W3103737531
5082668404,2020,last,False,3,W3081277912
5082669876,2021,middle,False,5,W3121620998
5082695020,2021,middle,False,5,W3146463158
5082708139,2022,middle,False,19,W4297977478
5082721560,2022,middle,False,7,W4287855134
5082726995,2022,middle,False,17,W4285250921
5082736347,2021,last,False,6,W3176362845
5082737646,2022,middle,False,6,W3131200591
5082739860,2021,middle,False,5,W3174735465
5082742221,2022,middle,False,13,W4312516176
5082748711,2021,middle,False,7,W3135847816
5082753354,2022,last,False,2,W4210331593
5082762398,2022,middle,False,5,W4308511843
5082763858,2020,first,False,4,W3129835843
5082772077,2021,middle,False,4,W3198609354
5082774439,2019,middle,False,7,W2951098185
5082775286,2020,middle,False,4,W3115187525
5082782238,2021,middle,True,6,W3134392794
5082786719,2020,last,False,4,W3035552787
5082811985,2022,middle,False,5,W4295037258
5082832007,2020,middle,False,8,W3101988982
5082834077,2020,middle,False,4,W3118160003
5082847636,2021,middle,False,10,W3177017072
5082868235,2021,first,False,2,W4205231983
5082880112,2021,first,False,7,W4210673375
5082881761,2022,middle,False,5,W4312718759
5082882922,2022,first,False,4,W4206747626
5082897139,2022,middle,False,5,W4306752035
5082898376,2021,last,False,2,W4205779689
5082910181,2022,middle,False,7,W4313229347
5082913979,2020,last,False,4,W3115599191
5082938148,2022,first,False,3,W4287887327
5082946615,2022,first,False,7,W4285294416
5082974417,2022,middle,False,11,W4286267600
5082983574,2022,last,True,2,W4205484635
5082997285,2022,middle,False,11,W4287854423
5082997975,2019,last,False,4,W2971209824
5083002103,2020,last,False,6,W3099577420
5083002246,2022,last,False,6,W3131200591
5083014247,2019,last,False,3,W2982429015
5083020821,2022,middle,False,4,W4308764913
5083043476,2021,middle,False,9,W3161113899
5083048049,2020,last,False,6,W3096150021
5083079672,2019,middle,False,6,W2988868092
5083080398,2022,first,False,4,W4283796213
5083083847,2020,last,False,5,W3114315778
5083088975,2020,first,False,7,W3033585268
5083111912,2021,last,False,2,W3197773947
5083113759,2022,middle,False,7,W4210738256
5083114149,2022,middle,False,6,W4285820921
5083124500,2022,middle,False,6,W4286331454
5083128057,2022,middle,False,14,W4306353220
5083141635,2022,middle,False,6,W4322577334
5083148508,2021,first,True,4,W3130971878
5083171604,2021,last,False,3,W3211839983
5083191333,2022,last,False,2,W4312673029
5083210688,2022,middle,False,6,W4317418688
5083240827,2022,middle,False,3,W4287887944
5083247761,2022,last,True,5,W4293092947
5083272976,2022,middle,False,5,W4312536607
5083274566,2022,middle,False,13,W4293088946
5083286341,2022,middle,True,20,W4220895458
5083293294,2022,first,False,5,W4292829167
5083331228,2021,middle,False,18,W3164777966
5083333420,2022,last,False,5,W4312822216
5083337385,2022,middle,False,4,W4312949526
5083355417,2022,first,False,5,W4380761621
5083356689,2020,middle,True,3,W3083137726
5083358892,2020,last,False,3,W3014490158
5083359166,2021,last,False,2,W3204143278
5083369457,2019,last,False,5,W2971014768
5083391820,2022,middle,False,7,W4225497281
5083393697,2022,first,True,3,W4313492484
5083407625,2020,middle,False,4,W4236692992
5083411784,2020,last,False,3,W3114314873
5083427215,2021,last,False,5,W3196097136
5083435293,2020,middle,False,6,W3139459806
5083441044,2022,middle,False,3,W4285185065
5083442506,2022,middle,False,5,W4324118148
5083444005,2022,middle,False,5,W4285174722
5083452139,2019,middle,False,5,W2972584841
5083458247,2021,last,False,6,W3136525061
5083459020,2019,last,False,3,W3159500995
5083460237,2022,middle,False,7,W4292197005
5083474083,2021,first,False,4,W3134815895
5083483735,2022,last,False,4,W4285303086
5083484982,2021,middle,False,7,W4210351797
5083515958,2019,first,True,1,W2951097643
5083516369,2021,middle,False,5,W3137108338
5083517445,2022,middle,False,18,W4289523162
5083524596,2021,middle,False,5,W3176366152
5083531419,2021,last,False,2,W3216454937
5083539852,2022,first,True,6,W4287512390
5083546491,2022,middle,False,4,W4285060105
5083549260,2021,last,False,3,W3214556549
5083552469,2022,first,True,20,W4220895458
5083554622,2021,middle,False,8,W4211181447
5083574298,2020,last,False,6,W3115198855
5083592532,2019,last,False,3,W2965215977
5083611868,2022,middle,False,4,W4385574375
5083618204,2020,middle,False,3,W3107128980
5083618878,2021,last,True,5,W3145127497
5083632340,2021,middle,False,7,W4214560328
5083652196,2022,middle,False,7,W3200800895
5083659557,2022,middle,False,5,W4304142243
5083669929,2022,middle,False,4,W4313563649
5083674573,2021,middle,False,6,W3133895083
5083675499,2021,middle,False,11,W4205508242
5083688498,2019,last,False,4,W2982953871
5083692198,2021,first,False,6,W4230384986
5083701265,2022,middle,False,7,W4297510844
5083702234,2021,middle,False,5,W3209176733
5083712311,2020,middle,False,8,W3097797955
5083723704,2021,middle,False,7,W3185516053
5083735830,2019,last,False,5,W2974353418
5083738483,2021,last,False,2,W4206813457
5083738577,2022,middle,False,4,W4295700961
5083743189,2021,last,False,7,W3212522196
5083748084,2022,last,False,10,W4307818395
5083756330,2021,middle,False,5,W3131852756
5083777443,2020,last,True,2,W3101638716
5083778139,2021,middle,False,7,W4205350698
5083783069,2022,middle,False,5,W4283217358
5083786042,2022,last,False,6,W4317382087
5083809384,2022,middle,False,8,W4211219865
5083822059,2019,middle,False,5,W2985108934
5083831776,2021,middle,False,8,W3160289600
5083836367,2020,middle,False,12,W3004198379
5083860679,2021,last,False,7,W3189781198
5083881309,2022,middle,False,6,W4285043710
5083884675,2020,last,True,14,W3101223450
5083901654,2020,last,False,5,W3083728776
5083914998,2021,middle,False,7,W3135847816
5083925073,2022,middle,False,12,W4297914802
5083927413,2022,middle,True,5,W4293092947
5083931403,2021,middle,False,10,W3215715863
5083939361,2022,middle,False,4,W4313562957
5083950817,2019,middle,False,5,W2946535868
5083964854,2022,last,False,5,W4225418906
5083976078,2022,last,False,3,W4312581133
5083990862,2022,first,False,6,W4210598544
5083995138,2020,middle,False,5,W3090179088
5084003807,2022,first,False,4,W4225286302
5084022157,2022,middle,False,6,W4311165836
5084025355,2020,last,False,4,W3019306663
5084025527,2022,first,False,2,W4312905556
5084044470,2022,last,False,4,W4285385233
5084047603,2021,last,False,3,W4210426155
5084048546,2020,last,False,4,W3028824622
5084054549,2022,middle,False,5,W4385574148
5084059847,2022,middle,False,4,W4309532037
5084072550,2019,last,True,12,W2947903144
5084078152,2022,middle,False,7,W4300865759
5084082421,2020,middle,False,13,W3016028808
5084114753,2021,first,False,3,W3173949779
5084127910,2022,middle,False,9,W4280596951
5084140816,2022,last,False,3,W4287882763
5084141859,2021,middle,False,6,W3190806564
5084153656,2022,middle,False,12,W4291127651
5084155236,2022,middle,False,13,W4281569374
5084169006,2021,last,False,3,W3206914982
5084172807,2022,last,False,2,W4287887155
5084175806,2021,first,True,5,W3197325918
5084177212,2021,last,False,4,W3195044875
5084186233,2020,first,True,2,W3007718694
5084189341,2022,last,False,8,W4311053839
5084190960,2021,first,True,7,W3164640227
5084195779,2020,middle,False,4,W3103962261
5084198564,2022,middle,False,6,W4308390527
5084205024,2022,middle,False,7,W4313496563
5084212006,2021,middle,False,3,W3201982639
5084225297,2019,middle,False,5,W2970872015
5084239176,2019,middle,True,6,W2972712416
5084270607,2021,last,False,5,W3193535092
5084279065,2020,last,False,5,W2997999674
5084280612,2022,middle,False,10,W4312579772
5084282503,2022,last,False,2,W4283159671
5084286453,2020,middle,False,3,W3096141267
5084291326,2022,last,False,7,W4289533802
5084313902,2022,first,False,7,W4223906719
5084317268,2021,middle,False,5,W3151309757
5084321238,2019,middle,False,3,W2971095815
5084330706,2022,middle,False,6,W4312581984
5084332360,2019,first,False,4,W2949554544
5084334213,2020,middle,False,6,W3068336208
5084348345,2021,last,False,2,W4205716200
5084361876,2022,first,True,1,W4312697028
5084382061,2021,middle,False,3,W3163144570
5084385239,2022,middle,False,9,W3152079230
5084395089,2022,last,False,4,W3193947338
5084396416,2022,middle,False,9,W4312727366
5084415556,2020,first,False,5,W3105912780
5084415727,2022,last,False,5,W4312933868
5084419965,2021,middle,False,5,W3131423379
5084430029,2021,middle,False,6,W3174588372
5084431800,2022,middle,False,4,W4385573016
5084445506,2021,middle,False,9,W3122244192
5084459196,2019,middle,False,3,W2951080837
5084461458,2020,last,False,2,W3036818742
5084467223,2021,middle,True,6,W3134392794
5084468073,2022,middle,False,12,W4309643839
5084474896,2022,middle,False,4,W4293921392
5084477919,2022,middle,False,6,W4312895349
5084481998,2022,middle,False,7,W4225834427
5084502652,2021,middle,True,6,W3191134273
5084505122,2021,first,True,2,W3172917028
5084509956,2021,middle,False,11,W3198771897
5084517393,2021,last,False,5,W3155053993
5084518207,2022,middle,False,4,W4210894209
5084523518,2020,last,False,4,W3043016077
5084532237,2020,middle,False,4,W3116878825
5084532918,2020,middle,False,8,W3139403840
5084535349,2022,first,False,3,W4385573688
5084550889,2022,middle,False,8,W4311053839
5084555411,2020,middle,False,3,W3022284198
5084575155,2021,middle,False,3,W3183260361
5084579916,2022,last,False,3,W4293057059
5084586546,2022,last,False,4,W4224308227
5084597959,2020,middle,False,6,W3106263887
5084618823,2022,last,False,5,W4300167402
5084622054,2021,middle,False,4,W3171336461
5084625962,2020,last,False,3,W3142279987
5084628821,2021,middle,False,3,W4210420497
5084629623,2020,first,False,4,W3097787369
5084635606,2022,middle,False,14,W4295761272
5084644152,2022,middle,False,7,W4287888087
5084672392,2021,middle,False,4,W3201326582
5084672445,2022,last,False,4,W3214002750
5084677085,2021,middle,False,4,W3172675642
5084685031,2019,middle,False,5,W2944898795
5084688814,2020,middle,False,5,W3087432510
5084693085,2022,middle,False,9,W4229040393
5084704835,2022,last,False,5,W4323520813
5084720611,2021,first,False,5,W3166845084
5084733331,2021,middle,False,6,W3170831269
5084734673,2022,middle,False,8,W4316495355
5084742757,2021,middle,False,4,W3136346046
5084754062,2021,first,False,4,W3185914400
5084781695,2022,last,False,3,W4360765157
5084785765,2022,last,False,5,W4281571952
5084800516,2022,middle,False,8,W3198379050
5084801659,2022,middle,False,4,W4296441193
5084810886,2021,middle,False,5,W3119518653
5084812833,2020,last,False,2,W3037458976
5084814667,2021,first,False,14,W4226373198
5084817144,2021,first,False,3,W4200304296
5084822815,2022,first,True,4,W4296005155
5084826798,2019,middle,False,3,W3005956111
5084829008,2020,middle,False,4,W3005276590
5084830184,2020,middle,False,3,W3124545497
5084830556,2019,middle,False,5,W2972715831
5084834657,2021,last,False,3,W3175258031
5084837026,2021,middle,False,6,W3155549525
5084864331,2021,last,False,5,W4206593922
5084867894,2021,first,False,4,W3199087338
5084868951,2021,last,False,4,W3128554366
5084874990,2022,last,False,4,W4313185449
5084878734,2021,last,False,13,W3152507829
5084879213,2021,middle,False,7,W3168640669
5084897975,2019,last,False,3,W2964082993
5084900407,2020,middle,False,6,W3132699381
5084901503,2022,last,True,3,W4294676509
5084902568,2021,middle,False,5,W3217229075
5084904773,2022,last,False,5,W4291653107
5084907146,2021,middle,False,8,W3206867815
5084908139,2022,first,True,5,W4294184025
5084915697,2020,last,False,2,W3098290221
5084917712,2021,last,False,3,W3211144921
5084918146,2022,first,True,5,W4307062553
5084932231,2022,first,False,7,W4313030848
5084933066,2022,last,False,4,W4307475401
5084942331,2022,middle,False,5,W4285263655
5084944008,2020,first,False,3,W2997189170
5084949286,2021,last,False,3,W3166720688
5084952808,2022,last,False,5,W4210728827
5084983727,2020,middle,False,5,W3104382126
5084984842,2019,first,False,4,W3020699346
5084986446,2022,middle,False,4,W4289295476
5085000737,2022,middle,False,6,W4296700210
5085011940,2019,last,False,4,W2970550868
5085014772,2020,middle,False,4,W3037516082
5085015270,2022,middle,False,14,W4210700580
5085020955,2022,last,False,6,W4313186194
5085022575,2020,middle,False,6,W3032732585
5085049261,2020,last,False,2,W3129381801
5085054529,2022,last,False,4,W4308080199
5085067496,2019,middle,False,5,W2971107062
5085073001,2020,middle,True,5,W3000139398
5085078831,2021,last,False,2,W3172500287
5085084886,2021,middle,False,5,W3156597800
5085086413,2019,middle,False,3,W3004983594
5085089542,2021,middle,False,5,W3173683732
5085094109,2019,last,False,6,W2970928735
5085106833,2022,middle,False,4,W4283203980
5085113815,2022,middle,False,4,W4313045798
5085113833,2020,first,False,3,W3037063616
5085122738,2022,first,False,6,W4385573744
5085128370,2021,middle,False,5,W3208825103
5085160545,2022,last,False,8,W4281756951
5085163865,2022,middle,False,18,W3156404059
5085187661,2019,middle,False,6,W2992123140
5085190039,2020,middle,False,5,W2998186887
5085197132,2020,middle,False,6,W3115547597
5085208338,2022,last,False,3,W4312882409
5085234316,2020,first,False,6,W3138282937
5085237554,2021,last,False,5,W3016004348
5085254654,2022,middle,False,5,W4205807088
5085262529,2019,last,False,3,W2970172244
5085263461,2020,middle,False,5,W3046591420
5085263462,2019,middle,False,4,W2988849053
5085277599,2021,middle,False,5,W3186786053
5085279803,2022,middle,False,5,W4385573103
5085284883,2020,last,False,4,W3108032709
5085302513,2020,last,True,3,W3034350582
5085309099,2020,middle,False,4,W2997636389
5085310066,2022,first,False,7,W4226302523
5085317250,2021,middle,True,4,W3128627341
5085333880,2021,middle,False,8,W3214081646
5085342552,2022,middle,False,15,W4226277421
5085349794,2022,middle,False,12,W4281643269
5085363061,2022,middle,False,9,W4226487007
5085363238,2021,middle,False,4,W4213019342
5085369675,2021,middle,False,5,W3161976355
5085370631,2020,last,False,2,W3092571060
5085371439,2022,middle,False,6,W4385573491
5085382296,2022,middle,False,6,W4313117736
5085403640,2021,middle,False,5,W3175095612
5085406955,2022,middle,False,6,W4310614814
5085413851,2020,first,False,4,W3101672304
5085437930,2022,middle,False,4,W3091818471
5085440585,2019,last,False,4,W3013941971
5085455591,2022,middle,False,5,W4298087250
5085457753,2022,last,False,4,W4312467257
5085471281,2019,last,False,5,W2944898795
5085471517,2021,first,False,4,W3195945007
5085487073,2021,middle,False,9,W3160160137
5085503354,2022,last,False,4,W4312433898
5085505828,2022,middle,False,3,W4285115684
5085508897,2020,middle,False,11,W3094616447
5085516741,2022,middle,False,8,W4308540792
5085519704,2022,last,False,2,W4312749457
5085523573,2020,middle,False,6,W3119106255
5085533260,2022,last,False,4,W3216606786
5085559514,2022,last,False,7,W4313564004
5085575952,2020,last,False,2,W3026350704
5085577263,2022,first,False,7,W4312854774
5085584566,2022,middle,False,5,W4294238315
5085592276,2019,last,False,6,W3004844052
5085593383,2021,middle,False,6,W3214530841
5085594669,2019,middle,False,7,W2965536863
5085610458,2021,first,True,1,W3204713004
5085616371,2022,middle,False,4,W4213072767
5085617659,2022,first,False,5,W4283654351
5085629068,2021,middle,False,7,W3202026671
5085633092,2021,last,True,4,W3216406879
5085641809,2022,middle,False,7,W4285236811
5085648720,2022,last,False,3,W4213152894
5085650357,2021,middle,False,6,W3144557079
5085660348,2021,last,False,2,W3160186953
5085663886,2022,middle,False,3,W4221150352
5085667441,2022,middle,False,10,W4385574204
5085679401,2022,middle,False,23,W4283170666
5085681502,2022,middle,False,6,W4312421085
5085682261,2022,middle,False,6,W4312253643
5085695760,2020,middle,False,5,W3080259327
5085700884,2022,middle,False,3,W4306194503
5085706537,2021,middle,False,9,W3171153522
5085722495,2021,last,False,2,W3172284381
5085740994,2020,last,False,3,W2998565286
5085755068,2020,last,False,2,W3101579073
5085758579,2022,middle,False,8,W4294975313
5085784813,2021,middle,True,6,W3129824274
5085787425,2020,last,False,4,W3103417625
5085812080,2022,first,False,2,W4377078841
5085816136,2019,last,True,2,W2987501933
5085818578,2019,last,False,2,W2970189355
5085829997,2022,middle,False,7,W4287854877
5085831385,2022,last,False,5,W4285155190
5085836910,2019,first,False,10,W2946617802
5085854894,2020,middle,False,4,W3090249280
5085860502,2021,middle,False,8,W3211622531
5085864488,2022,last,False,3,W4309620173
5085870393,2022,middle,False,10,W4385572827
5085870953,2022,last,False,2,W4312060039
5085875711,2020,first,False,5,W3035020961
5085880418,2019,middle,False,8,W2950757501
5085891781,2022,last,False,7,W4282838846
5085900678,2022,middle,False,5,W4287887252
5085917066,2022,middle,False,9,W4312818263
5085924003,2020,last,False,3,W3128304963
5085938112,2021,middle,True,4,W3212412034
5085945099,2022,middle,False,8,W4311812798
5085963057,2020,middle,False,7,W3104002368
5085963553,2022,last,False,5,W4313478226
5085976588,2022,last,True,8,W4290725230
5085977948,2021,last,False,3,W3169734818
5085983836,2019,middle,True,3,W2996798594
5085995102,2022,last,False,2,W4294891506
5086000078,2019,middle,False,4,W2970811405
5086032589,2020,middle,True,4,W3105801792
5086043827,2021,first,False,4,W3175718803
5086045014,2022,middle,False,3,W4285736465
5086047485,2022,middle,False,6,W4318147801
5086063823,2019,middle,False,8,W3016357493
5086082119,2022,middle,False,7,W4285293918
5086086427,2020,middle,False,5,W3104163040
5086087170,2019,middle,False,7,W2972736338
5086098017,2022,last,False,8,W4360764531
5086099237,2021,last,False,2,W3214083250
5086107623,2020,last,False,3,W3034995026
5086117468,2022,last,True,5,W4306353420
5086122043,2020,first,False,4,W3163060917
5086127398,2022,middle,False,4,W4213072767
5086131079,2022,last,False,3,W4210768189
5086147576,2022,first,False,3,W4308462679
5086154618,2021,middle,False,5,W3203167191
5086157485,2021,middle,True,14,W3200391510
5086165395,2022,last,False,3,W4312611743
5086169451,2021,last,False,5,W4206648963
5086173474,2020,middle,False,4,W3034761782
5086177621,2021,first,False,5,W3172415087
5086190700,2022,middle,False,10,W4285609472
5086201515,2019,last,True,2,W2969394406
5086217776,2022,middle,False,6,W4385567081
5086236078,2022,last,False,6,W4293582966
5086237842,2020,first,False,5,W3094117570
5086261973,2022,middle,False,9,W3194951844
5086267657,2022,middle,False,14,W4288754841
5086268637,2021,last,False,7,W3203961508
5086285176,2021,middle,False,5,W3209939081
5086308451,2021,last,False,8,W3205927779
5086309680,2022,last,False,7,W4297818243
5086311840,2021,last,False,4,W3205568494
5086316879,2022,middle,False,6,W4224921414
5086317084,2021,last,False,2,W4297804003
5086319422,2021,middle,False,5,W3197336992
5086324359,2022,last,False,4,W4223523352
5086329948,2019,middle,False,12,W2947160092
5086339662,2020,last,True,4,W3113457829
5086345001,2020,middle,False,5,W3106408139
5086362177,2020,last,False,3,W3096699748
5086363139,2022,middle,False,6,W4226304040
5086381528,2020,middle,False,4,W3114526288
5086392501,2021,middle,False,7,W3153005511
5086397952,2022,middle,False,6,W4221166007
5086421206,2021,middle,False,3,W3167727006
5086428556,2022,middle,False,6,W4298164033
5086429143,2019,last,False,4,W3004838723
5086440196,2022,middle,False,4,W4285392187
5086442444,2021,middle,False,5,W3167717463
5086456104,2022,last,False,2,W4292120623
5086462231,2021,last,False,7,W3152694464
5086465925,2021,middle,False,18,W4226194443
5086470621,2021,middle,False,4,W3214505465
5086487990,2022,middle,True,4,W4385573809
5086488087,2022,middle,False,8,W4385572979
5086501723,2022,middle,False,6,W4313176116
5086505111,2022,middle,False,8,W4281493375
5086508893,2020,middle,False,5,W3101705953
5086527358,2019,last,False,2,W2979602389
5086535804,2022,middle,False,3,W4213168418
5086542566,2020,middle,False,4,W3012438487
5086542590,2021,middle,False,5,W3211363559
5086545231,2022,last,True,6,W4283716960
5086551373,2019,middle,False,6,W2952087461
5086567079,2020,first,True,1,W3095601097
5086574604,2022,middle,False,7,W4281479341
5086576990,2019,first,False,4,W2978004179
5086583024,2021,middle,False,4,W3206646774
5086585292,2019,middle,False,4,W2971845883
5086603207,2020,middle,False,7,W3098266846
5086630113,2020,last,False,6,W3032732585
5086633120,2021,middle,False,5,W3198936926
5086642581,2022,middle,False,11,W4293746450
5086649532,2022,first,False,4,W4298836308
5086666436,2021,last,False,9,W4200285122
5086671201,2019,middle,False,7,W3000100294
5086674741,2019,middle,False,4,W2985056549
5086674756,2022,first,False,15,W4313251083
5086689347,2019,first,False,3,W3011688346
5086690079,2019,middle,False,6,W2970812170
5086692496,2020,last,False,7,W3037865544
5086698569,2022,last,False,4,W4287889440
5086702173,2022,first,False,6,W4306377771
5086705699,2022,first,False,8,W4281768282
5086717154,2019,last,False,3,W2949227999
5086723230,2022,middle,False,15,W4313251083
5086734382,2022,middle,False,6,W4291237297
5086745769,2020,middle,False,4,W3019306663
5086752907,2020,middle,False,3,W3175348014
5086760595,2020,last,False,3,W3106171756
5086775972,2022,middle,False,4,W4367048100
5086777036,2020,middle,False,8,W3116343068
5086782075,2021,last,True,3,W3182976505
5086794713,2020,last,False,4,W3117866035
5086805519,2020,last,False,3,W3100530666
5086811927,2020,last,False,5,W3201170423
5086826049,2020,last,False,3,W3120715951
5086827245,2021,first,False,5,W3175904109
5086851360,2022,last,False,2,W4311681680
5086858608,2022,middle,False,5,W4294833327
5086867154,2021,first,True,2,W4245423195
5086877012,2020,last,True,4,W3103855731
5086880868,2022,middle,False,4,W4310036806
5086894713,2021,last,False,3,W4214583587
5086895554,2021,first,False,6,W4200058928
5086911362,2020,middle,False,6,W3170131685
5086918686,2021,first,False,3,W4206496702
5086933462,2020,middle,True,9,W3084095723
5086934220,2021,last,False,2,W4205703489
5086940709,2022,middle,False,4,W4389009579
5086946465,2022,last,False,4,W4226365456
5086952347,2020,first,False,4,W3033904515
5086960141,2021,first,False,4,W3174049853
5086971174,2022,last,False,7,W4297841716
5087012171,2022,last,False,6,W4313188880
5087043856,2022,last,False,4,W4313139852
5087051920,2021,last,False,3,W4200630704
5087058987,2022,last,False,3,W4286544524
5087067510,2020,first,False,7,W3030394039
5087067913,2021,middle,False,4,W4226225515
5087078907,2020,last,False,3,W3100209521
5087079200,2020,middle,False,10,W3034985765
5087081747,2019,middle,False,7,W2986629868
5087088138,2020,middle,False,10,W3012624518
5087092493,2021,middle,False,3,W4205178592
5087096372,2019,middle,False,4,W2982054702
5087104756,2021,middle,False,25,W3213458975
5087149818,2021,middle,False,5,W4205590955
5087152480,2022,last,False,3,W4226247378
5087158377,2019,middle,False,8,W2984450720
5087165831,2022,middle,False,9,W4200631318
5087166070,2021,middle,False,3,W3208373106
5087166497,2021,middle,False,5,W4226109440
5087171054,2019,first,True,4,W2983309655
5087179276,2020,last,False,3,W3093925674
5087186667,2022,last,False,4,W4225428114
5087195265,2019,middle,False,4,W2973047874
5087197748,2021,first,False,5,W3170858065
5087200921,2022,middle,False,5,W4297510535
5087215613,2019,last,False,4,W2970811405
5087218579,2021,middle,False,8,W3118630706
5087225784,2022,first,False,5,W4285290202
5087242254,2022,middle,False,22,W4286512643
5087247030,2020,first,False,3,W3091617927
5087253826,2022,middle,False,6,W4312382936
5087254139,2020,middle,False,4,W3116996387
5087259526,2021,first,True,1,W3150554837
5087259589,2022,middle,False,3,W4311953730
5087269962,2020,middle,False,9,W3023154087
5087294951,2021,middle,False,5,W4200158018
5087294988,2022,last,False,2,W4385574376
5087296750,2022,middle,False,6,W4321512646
5087298250,2022,last,True,4,W4313244373
5087300335,2022,middle,False,5,W4294203886
5087323271,2021,last,False,3,W3126217745
5087346345,2019,first,True,3,W2933436187
5087347221,2022,middle,False,6,W4298164033
5087348362,2022,last,False,5,W4288739153
5087366961,2022,last,False,4,W4385573193
5087377384,2022,middle,False,9,W4317382084
5087377548,2021,first,False,9,W3046375318
5087388357,2022,middle,False,6,W4313287653
5087399323,2021,middle,False,6,W3194625338
5087419042,2022,last,False,2,W4283261419
5087419620,2020,middle,False,8,W3034417881
5087421101,2020,middle,False,5,W3015723617
5087433325,2021,middle,False,3,W3184829507
5087434029,2020,middle,False,3,W3022388210
5087437870,2022,middle,False,5,W4285174722
5087445336,2022,middle,False,4,W4289295476
5087448806,2022,middle,True,11,W4294578455
5087450445,2024,last,False,7,W4403628189
5087459652,2020,last,False,4,W4303968105
5087467089,2022,middle,True,20,W4220895458
5087468615,2021,middle,False,5,W3161430317
5087486098,2022,middle,False,9,W4385573192
5087490418,2020,middle,False,7,W3004092718
5087492771,2022,middle,False,5,W4284888249
5087496258,2021,last,False,5,W4285336306
5087505547,2021,last,False,2,W3196777735
5087512862,2022,middle,False,4,W3200795054
5087514947,2021,last,False,2,W3204316016
5087542455,2020,last,False,7,W3108592865
5087554069,2021,middle,False,15,W3196321886
5087562583,2021,last,False,5,W3210055401
5087562798,2022,last,False,7,W4361733032
5087565388,2021,middle,False,4,W3174556629
5087570219,2022,middle,False,7,W4283257387
5087593489,2021,middle,False,3,W3159266139
5087616647,2022,middle,False,4,W4225928737
5087616870,2021,last,False,5,W3200216120
5087619194,2020,middle,False,4,W3014475539
5087621364,2021,middle,False,10,W3215715863
5087628867,2021,middle,False,5,W3153192127
5087631670,2019,last,False,3,W3010949744
5087632404,2020,middle,False,5,W3097882114
5087636608,2020,middle,False,4,W3105190698
5087677226,2020,middle,False,4,W3090536330
5087682739,2020,last,False,3,W3034649151
5087710258,2021,middle,False,5,W3166845084
5087718701,2020,last,False,6,W3101509328
5087732258,2022,middle,False,12,W4280500332
5087733750,2022,middle,False,4,W4306932149
5087735486,2021,middle,False,7,W4210684130
5087741744,2021,first,True,12,W3202043691
5087748031,2021,middle,False,3,W3170936934
5087768439,2019,last,False,3,W2970933040
5087777496,2022,first,False,9,W4312438583
5087778670,2021,last,False,4,W4285419678
5087789746,2022,first,False,5,W4386159457
5087799432,2022,middle,False,7,W4285158365
5087799591,2021,middle,False,6,W4206509300
5087810793,2021,middle,True,16,W3200545562
5087823932,2021,middle,False,8,W3206119384
5087852871,2022,first,False,4,W4210258547
5087865794,2020,middle,False,6,W3005650752
5087869694,2022,middle,False,4,W4224923045
5087877326,2021,last,True,5,W3185551545
5087888694,2021,middle,False,5,W3190697745
5087891899,2021,middle,False,4,W3155683087
5087905006,2022,first,False,4,W4294975862
5087911213,2022,middle,False,5,W4293574572
5087920747,2019,last,True,5,W2952682849
5087929857,2020,first,False,3,W3037031145
5087936968,2022,middle,False,10,W4293163051
5087940849,2022,last,False,3,W4385573902
5087941479,2020,middle,False,8,W3103264768
5087948108,2022,middle,False,14,W4298147678
5087970571,2022,last,False,2,W4312419898
5087971684,2020,middle,False,4,W3114046961
5087974848,2021,first,True,1,W3164690975
5087980205,2021,last,False,5,W3217229075
5087987156,2021,last,False,4,W4226210750
5087989444,2022,middle,False,4,W4285227452
5087993772,2022,last,False,2,W4361733316
5088000634,2022,last,False,4,W4312816165
5088004913,2019,middle,True,3,W2970004377
5088009854,2021,middle,False,6,W3200498707
5088037430,2022,middle,False,6,W4282576498
5088038335,2022,middle,False,6,W4310358279
5088039595,2022,last,False,3,W4309675586
5088040986,2021,middle,False,9,W3181159501
5088044797,2019,first,True,1,W2970371880
5088047776,2020,last,False,4,W3021380283
5088053523,2022,middle,False,4,W4312604799
5088062069,2021,middle,False,3,W3208538591
5088068293,2021,first,True,5,W3131423379
5088072895,2021,middle,False,6,W3171827422
5088072972,2022,middle,False,6,W4328028664
5088073141,2022,last,True,2,W4306393227
5088075152,2020,first,False,5,W2899641901
5088078468,2019,middle,False,6,W2899501643
5088085383,2019,last,False,4,W2970960342
5088092740,2021,middle,False,6,W3133895083
5088098421,2022,middle,False,6,W4223926712
5088099909,2020,middle,False,8,W3101988982
5088100154,2020,middle,False,5,W3107580171
5088106883,2021,last,False,2,W3194570300
5088111638,2020,first,False,4,W3093006710
5088112892,2019,last,False,3,W2963712120
5088114671,2021,middle,False,6,W3174524944
5088129247,2022,middle,False,8,W4294719209
5088135366,2019,last,False,4,W2970081744
5088136847,2020,middle,False,4,W3177839047
5088137751,2020,last,False,3,W3099098707
5088152168,2022,first,False,6,W4307844970
5088166627,2022,middle,False,6,W4225004701
5088172355,2022,middle,False,10,W4321636758
5088191810,2020,middle,False,5,W2997936605
5088202585,2019,middle,False,8,W2950757501
5088215418,2022,middle,False,6,W4296177022
5088215863,2022,middle,False,3,W4226276237
5088221028,2021,last,False,3,W3157974261
5088235357,2020,middle,False,4,W3098820968
5088240691,2021,middle,False,6,W3161682586
5088242177,2021,middle,False,6,W4205961906
5088242852,2021,first,True,3,W3216514415
5088257057,2022,middle,False,8,W4226058394
5088262368,2022,middle,False,4,W4385574094
5088282276,2022,last,False,3,W4226244379
5088315797,2022,last,False,6,W4289533864
5088317432,2022,middle,False,13,W4287855085
5088319228,2022,middle,False,14,W4282936228
5088339142,2019,middle,True,6,W2912904516
5088348790,2021,middle,False,3,W3216916209
5088360311,2022,last,False,4,W4287889469
5088372348,2021,last,True,2,W3176301080
5088374460,2021,middle,False,3,W3157975787
5088378499,2022,middle,False,10,W3217246256
5088383943,2019,middle,False,8,W2982026428
5088395357,2019,first,False,3,W2986220368
5088410123,2020,last,False,4,W3041635132
5088459000,2021,first,False,6,W3207410886
5088463134,2020,middle,False,4,W3028824622
5088478509,2021,last,False,7,W3180940307
5088481632,2022,middle,False,5,W4312069774
5088515052,2020,last,False,5,W3029497709
5088517824,2019,last,False,5,W2964303116
5088526794,2022,last,False,7,W4385573097
5088547215,2022,middle,False,4,W4312965073
5088547412,2022,middle,False,12,W4210833614
5088548402,2022,middle,False,6,W4287887245
5088551093,2019,last,False,5,W2963453233
5088554026,2021,last,False,4,W4205997990
5088555568,2022,middle,False,3,W4313398454
5088556682,2022,last,False,7,W4312725592
5088559117,2022,last,False,3,W4285300583
5088559134,2022,middle,False,7,W4226147979
5088563285,2022,middle,False,4,W4309629898
5088563530,2021,middle,False,4,W3212389293
5088574552,2022,middle,False,5,W4312097030
5088588041,2020,last,False,10,W3101058639
5088589446,2021,last,False,7,W3213027572
5088596691,2022,middle,True,7,W4224998619
5088606075,2022,last,False,3,W4313127925
5088609790,2022,middle,False,8,W4287855069
5088612057,2022,middle,True,6,W4298009900
5088617921,2022,first,False,3,W4312288006
5088621320,2020,middle,False,5,W3092456670
5088629918,2021,first,False,13,W3188270315
5088633838,2022,middle,False,4,W4295015035
5088654194,2021,middle,False,6,W3216799472
5088688674,2022,middle,False,16,W4287891169
5088691885,2020,first,False,3,W3091338744
5088695714,2022,last,False,4,W4311017889
5088696642,2019,middle,False,4,W2995439439
5088696834,2022,middle,False,13,W3217767527
5088706680,2021,middle,False,4,W3214480544
5088715171,2020,first,False,4,W3083774803
5088716214,2022,middle,True,5,W4303431180
5088720980,2019,first,False,2,W2970189355
5088723765,2021,middle,False,9,W4214828087
5088730125,2020,middle,False,6,W3098903979
5088734341,2020,middle,False,7,W3029802725
5088737726,2020,first,False,4,W3048636527
5088745846,2021,last,False,3,W4200114368
5088749621,2019,middle,False,4,W2985601521
5088751649,2022,first,False,4,W4308236835
5088753165,2020,first,False,3,W3120761542
5088760097,2019,middle,False,7,W2975073332
5088781157,2022,last,False,5,W4313562700
5088788482,2021,first,False,4,W3214578609
5088797103,2022,last,False,3,W4206565707
5088806568,2022,middle,False,7,W4224760688
5088813478,2021,middle,False,5,W3190460267
5088814740,2020,first,False,4,W3103855731
5088816085,2020,middle,False,4,W3090789254
5088832285,2019,last,False,2,W2971351065
5088834359,2019,last,False,4,W2970773744
5088842089,2021,last,False,6,W3212697851
5088843588,2020,middle,False,7,W3106488531
5088846466,2022,middle,False,13,W3208687975
5088852010,2020,last,False,5,W3096609969
5088864309,2021,last,False,3,W3203238533
5088873940,2021,middle,False,4,W3210737877
5088884790,2021,middle,False,4,W3198385690
5088900327,2020,middle,False,4,W3106433641
5088900710,2020,first,False,5,W3115926405
5088907027,2021,middle,False,4,W3163320509
5088912009,2021,middle,False,5,W3156978600
5088913516,2021,middle,False,3,W4251440543
5088917243,2022,middle,False,5,W4312035739
5088929013,2022,middle,False,9,W4210891265
5088950452,2021,last,False,9,W3201369838
5088959189,2021,last,False,4,W4207064710
5088968292,2021,middle,False,5,W4225501245
5088970281,2022,middle,False,3,W4295768331
5088972801,2021,middle,False,6,W3174245720
5088984587,2019,first,False,3,W2963058357
5088989912,2022,last,False,5,W3216939881
5088997603,2021,last,True,3,W3121967837
5089000736,2021,middle,False,6,W3216582288
5089001187,2020,middle,False,4,W3116128708
5089011458,2021,middle,False,5,W3154733264
5089012283,2022,last,False,4,W4224992846
5089032031,2020,middle,False,3,W3104767739
5089050704,2022,middle,True,9,W4283462475
5089060602,2022,middle,False,7,W4226350219
5089061086,2021,middle,False,5,W3194364370
5089066381,2022,middle,False,3,W4306967033
5089083556,2022,middle,False,4,W4289655563
5089085275,2020,last,False,2,W3104080943
5089092418,2022,middle,False,12,W4294975305
5089101580,2020,last,False,2,W3118251220
5089103785,2019,middle,False,7,W2955503464
5089105523,2021,middle,False,8,W3163366132
5089118842,2022,middle,False,7,W4296983878
5089121860,2019,first,False,4,W2970746059
5089123257,2020,middle,False,5,W3047144459
5089123620,2021,last,False,6,W3154994385
5089126461,2021,first,False,3,W3197751177
5089149500,2020,middle,False,5,W3117359318
5089151641,2019,first,False,3,W3005583623
5089151678,2020,last,True,3,W3048123096
5089162552,2021,middle,False,3,W4226302921
5089169772,2022,last,False,3,W4360996929
5089170562,2020,last,False,2,W3121643200
5089183792,2019,first,False,2,W2985981836
5089193327,2020,middle,False,7,W3103592385
5089195488,2020,middle,False,7,W3100955355
5089205977,2021,middle,False,5,W3199252595
5089212858,2021,last,False,6,W3214579757
5089216253,2022,middle,False,3,W4385574123
5089225379,2022,last,False,2,W4296339351
5089236260,2021,middle,True,6,W3033077667
5089239701,2021,last,False,3,W3206721867
5089240137,2020,last,False,3,W3092558408
5089242200,2021,first,False,5,W3195865364
5089247780,2022,first,False,2,W4281750503
5089250428,2019,middle,False,7,W2955503464
5089269353,2021,last,False,4,W3213867609
5089274119,2021,middle,False,6,W3200597478
5089303681,2022,middle,False,15,W4313251083
5089307887,2022,first,False,12,W4306873598
5089326493,2022,middle,False,12,W4291127651
5089339049,2022,last,False,5,W4312690931
5089342931,2021,middle,False,8,W3201739983
5089361846,2020,middle,False,3,W3101047315
5089364379,2021,first,False,3,W3174209122
5089368966,2021,middle,False,6,W3195483305
5089374379,2021,middle,False,5,W3137292936
5089392019,2022,last,False,3,W4289655848
5089396175,2022,last,False,2,W4385573372
5089396433,2022,first,False,4,W4292651814
5089404640,2020,last,False,7,W2997585029
5089405476,2022,middle,False,7,W4385573252
5089410490,2022,middle,False,7,W4292793949
5089412213,2020,first,False,5,W3105042180
5089413311,2020,middle,False,7,W3098495697
5089418255,2022,middle,False,7,W4285213468
5089421129,2020,last,False,4,W3092141763
5089432787,2022,middle,False,7,W4285787147
5089446318,2021,last,False,5,W3198936926
5089448650,2020,middle,False,3,W3098467404
5089454303,2022,last,False,3,W4283785845
5089455757,2022,middle,False,5,W4287854750
5089476507,2022,middle,False,6,W4283317907
5089479540,2020,middle,False,10,W3101058639
5089485826,2020,middle,False,7,W3095166428
5089503656,2022,middle,False,10,W4285241172
5089504286,2020,middle,False,3,W3126173663
5089506248,2021,first,False,8,W3212906320
5089509620,2022,last,False,7,W3200800895
5089532441,2020,middle,False,7,W3044312764
5089539629,2019,middle,False,4,W2984812384
5089545632,2022,last,False,3,W3155162503
5089579452,2020,middle,False,6,W3025939866
5089584651,2022,middle,False,4,W4301184669
5089586983,2019,last,False,8,W2970092972
5089592709,2019,middle,False,6,W2978808818
5089604961,2022,middle,False,12,W4281643269
5089606464,2019,middle,False,5,W2964278185
5089624396,2020,first,False,5,W2999607687
5089624618,2022,last,False,5,W4287889163
5089627100,2022,last,False,4,W4225426208
5089628926,2022,middle,False,10,W4283651323
5089631063,2021,last,False,3,W4210738660
5089638140,2020,middle,False,6,W3090593301
5089659476,2021,middle,False,4,W3174223793
5089665236,2020,last,False,6,W3139035125
5089688702,2022,last,False,4,W4221149301
5089704088,2022,middle,False,6,W4285589483
5089705996,2019,middle,False,8,W2950757501
5089711319,2022,middle,False,11,W4220814225
5089714071,2020,last,False,4,W3152423298
5089723214,2022,last,False,6,W4292793966
5089744377,2021,middle,False,3,W3158543275
5089748667,2021,middle,False,4,W4200455899
5089769808,2020,last,False,5,W3088309569
5089770514,2022,middle,False,5,W4313452697
5089789099,2020,last,False,7,W3104373745
5089803540,2022,middle,False,21,W4310957810
5089812166,2021,middle,False,7,W4200411988
5089816456,2020,middle,False,6,W3047527718
5089822866,2022,first,True,3,W4205883286
5089824017,2021,last,True,3,W3119467012
5089837422,2022,first,False,2,W4312749055
5089840086,2022,last,False,5,W4312904978
5089887413,2021,middle,False,9,W4229963817
5089890773,2022,middle,False,7,W4385573778
5089891618,2020,middle,False,6,W4230571585
5089892601,2020,middle,False,3,W3117606449
5089902968,2022,last,False,3,W4312912241
5089908689,2020,middle,False,6,W3035205243
5089916394,2022,middle,False,7,W4312911211
5089919338,2022,last,False,3,W4286436509
5089944455,2022,last,False,4,W4312262585
5089948952,2022,last,True,15,W4286480083
5089952303,2022,last,False,5,W4297492727
5089960673,2019,middle,False,6,W2970630590
5089979977,2022,first,False,2,W4287889758
5089981863,2021,middle,False,4,W3212323599
5089986388,2022,middle,False,5,W4210668396
5089986506,2021,middle,True,3,W3134354193
5089990864,2020,middle,False,6,W2997518171
5090005360,2020,first,False,3,W3016703258
5090006211,2020,middle,False,4,W3035306625
5090007199,2020,first,False,3,W3023891225
5090010416,2022,middle,False,9,W4295886610
5090010728,2022,last,False,5,W4313419997
5090022501,2020,middle,False,7,W3035260104
5090034619,2022,middle,False,5,W4224216771
5090034689,2022,middle,False,4,W3168117580
5090037466,2022,middle,False,6,W4385574333
5090038371,2022,middle,False,4,W3205028211
5090043052,2021,middle,False,4,W3211003470
5090052557,2022,first,False,4,W4281753922
5090055224,2022,last,False,3,W4381322340
5090057266,2021,last,False,2,W3173210704
5090061579,2022,last,False,4,W4385574128
5090067423,2021,middle,False,5,W3174995573
5090080879,2022,middle,False,10,W3217246256
5090083507,2020,middle,False,7,W3037016244
5090087547,2022,first,True,5,W4288950918
5090095198,2021,middle,False,5,W4206214875
5090124792,2022,middle,False,7,W4225370003
5090151187,2019,last,False,3,W2952112859
5090160782,2022,middle,False,6,W4295046676
5090162434,2022,last,False,4,W4280574137
5090165607,2020,middle,False,4,W3041843014
5090167453,2022,middle,False,4,W4283203980
5090171111,2021,middle,False,3,W3201816072
5090171418,2022,middle,False,7,W4225673889
5090178873,2022,last,False,2,W4287854527
5090183461,2022,middle,False,4,W4285604348
5090184302,2021,last,False,2,W3129032528
5090192314,2022,first,False,7,W4312523625
5090215557,2019,last,False,6,W2921890305
5090217029,2019,last,False,3,W2949442961
5090227237,2020,first,False,4,W3095226752
5090229064,2021,middle,False,5,W3198270377
5090256693,2022,middle,False,6,W4296442413
5090268691,2022,last,False,3,W4210428353
5090272848,2021,middle,False,3,W4206359082
5090274388,2022,last,True,4,W4311472036
5090282810,2021,middle,False,5,W3168655573
5090295282,2021,last,True,2,W3199322465
5090299671,2021,middle,False,6,W3183843234
5090305015,2022,middle,False,5,W4285112458
5090305403,2020,middle,False,11,W3040155247
5090308773,2021,last,False,7,W3119849530
5090331439,2021,last,False,2,W3022643593
5090351022,2021,last,False,9,W3108047681
5090357305,2020,last,False,3,W3093818688
5090377936,2022,first,True,4,W4205572457
5090412070,2022,middle,True,6,W3188892795
5090416900,2022,last,True,4,W4220728003
5090419741,2022,middle,False,7,W4385572710
5090420716,2021,middle,False,5,W3176189029
5090424905,2022,middle,False,4,W4285385233
5090433321,2022,middle,False,6,W4310857078
5090435705,2021,last,False,4,W3174169056
5090436188,2022,middle,False,12,W4309643839
5090455375,2020,middle,False,6,W3054905649
5090458146,2022,first,False,3,W4287887532
5090467076,2022,middle,False,5,W4312629919
5090485343,2022,middle,False,6,W4296069131
5090500943,2022,middle,False,5,W4385573878
5090526192,2022,middle,False,7,W4281624287
5090530846,2021,middle,False,3,W3152524534
5090537084,2022,middle,False,5,W4307184837
5090568937,2022,middle,False,7,W4318148222
5090570042,2020,last,False,2,W3010110095
5090586839,2021,middle,False,6,W3048835936
5090591269,2021,first,False,3,W3199358626
5090592286,2021,last,True,4,W3150343563
5090592819,2021,last,False,4,W3167012965
5090596227,2022,last,False,4,W4213281889
5090600716,2021,last,False,2,W3210819377
5090606731,2022,first,False,10,W4385573170
5090620447,2021,last,False,2,W3199832406
5090633243,2021,last,True,3,W3195518306
5090639239,2019,middle,False,15,W3158436747
5090647314,2021,middle,False,11,W3160540087
5090665793,2022,middle,False,13,W4312516176
5090689566,2022,middle,False,4,W4225608741
5090707605,2020,middle,False,5,W3043424630
5090707978,2020,middle,False,5,W3137814514
5090709130,2021,first,False,2,W4200468156
5090713501,2022,middle,False,5,W4226342967
5090730117,2022,middle,False,11,W4312142088
5090730336,2021,middle,False,6,W3048835936
5090730641,2022,last,False,6,W4283797210
5090739892,2020,middle,False,4,W3035507081
5090741889,2019,first,False,7,W2972710875
5090743286,2020,last,False,3,W3046202445
5090745091,2020,last,False,4,W3109752844
5090758955,2020,last,False,6,W3006428138
5090764517,2022,middle,False,4,W4224939036
5090786901,2022,middle,False,5,W4210385504
5090788114,2020,first,False,5,W3035678232
5090788230,2021,last,False,7,W4225512842
5090801575,2020,first,False,2,W3037894786
5090842450,2022,middle,False,5,W4312872760
5090845035,2022,middle,False,7,W4225673889
5090871364,2022,last,False,3,W4297035432
5090881698,2021,last,False,2,W3192931333
5090886324,2022,middle,True,5,W3135646925
5090893421,2022,last,False,5,W4289550913
5090895916,2021,middle,False,5,W3212438831
5090901796,2020,middle,False,9,W3034608141
5090925242,2022,middle,False,7,W4285241608
5090926391,2022,middle,False,3,W4312756816
5090932389,2022,middle,False,12,W4311863320
5090939009,2022,first,False,2,W4281741178
5090950630,2019,middle,False,4,W2970644300
5090952399,2022,middle,False,8,W4311883742
5090964624,2019,middle,False,7,W2994833988
5090967945,2020,first,False,6,W3134309290
5090967969,2021,first,False,6,W3191134273
5090972470,2022,middle,False,4,W4312931084
5090983431,2022,last,False,3,W4287854647
5090998564,2021,last,False,4,W4207028133
5091012593,2020,first,False,3,W3118297076
5091016001,2022,middle,False,5,W4312936819
5091024901,2022,last,False,3,W4283588627
5091030900,2021,middle,False,16,W3200545562
5091031886,2020,middle,False,6,W3132699381
5091039555,2020,first,False,3,W3121103639
5091052858,2020,middle,False,5,W2997561853
5091060035,2019,middle,False,6,W2970453125
5091068062,2022,last,False,2,W4321066972
5091069084,2020,middle,False,5,W3035785882
5091073936,2020,last,False,5,W3033346947
5091090025,2022,middle,False,6,W3186518286
5091093449,2022,last,False,4,W4319587062
5091107431,2020,first,False,12,W3117238912
5091115011,2021,last,False,4,W3173926131
5091175785,2018,middle,False,4,W2963773505
5091180862,2022,last,False,3,W4297838888
5091194125,2021,middle,False,7,W3168545914
5091197716,2022,last,False,4,W4313045798
5091198094,2022,first,False,3,W4310990713
5091201226,2022,first,False,5,W4284960025
5091206533,2020,middle,False,8,W3116716112
5091206975,2020,middle,False,5,W3046747294
5091220289,2021,middle,False,3,W4210338274
5091221053,2021,last,False,6,W3207626483
5091221734,2022,last,True,7,W4385572886
5091225228,2022,first,False,2,W3212108239
5091242441,2020,middle,False,7,W3014247716
5091259315,2021,last,False,3,W3157975787
5091260693,2021,last,False,5,W4214926101
5091299470,2020,last,False,9,W3044249632
5091300175,2022,middle,False,5,W4311274712
5091308112,2021,middle,False,4,W3164530212
5091310382,2021,middle,False,9,W3204150987
5091311315,2022,last,False,6,W4308529129
5091314206,2021,middle,False,6,W3149762969
5091317839,2018,last,False,7,W2891555348
5091320821,2021,last,False,4,W3123379976
5091333725,2021,first,False,2,W3164350664
5091340586,2021,middle,False,6,W3171789337
5091341927,2020,last,False,5,W3046040002
5091342446,2021,first,False,4,W3176798216
5091353022,2022,first,False,2,W4223893069
5091364297,2021,last,False,4,W3195666616
5091365447,2022,last,False,3,W4280521129
5091365634,2022,middle,False,9,W4283796148
5091371031,2020,middle,False,7,W3101680040
5091375936,2020,first,True,3,W3092139388
5091382678,2021,last,False,4,W3150521545
5091386550,2022,last,False,4,W4315694994
5091399765,2021,middle,False,6,W3207010797
5091409516,2022,middle,False,11,W4306885037
5091420701,2022,last,False,7,W4378952359
5091429134,2021,last,False,6,W3209249960
5091443977,2020,middle,False,17,W3102660905
5091485423,2022,middle,False,6,W3204281258
5091489017,2022,middle,False,5,W4283219089
5091502081,2022,middle,False,13,W3213029956
5091515481,2021,middle,False,9,W3108047681
5091518967,2022,first,False,4,W4313023122
5091521083,2022,last,False,2,W4379034838
5091530162,2021,first,False,3,W3185847553
5091543837,2022,first,False,6,W4287854564
5091548229,2021,middle,False,3,W3174067564
5091549352,2019,last,False,6,W2970912185
5091554344,2022,first,False,9,W4221033952
5091555452,2021,middle,False,5,W3156978600
5091586702,2020,last,False,5,W3106306852
5091587552,2020,last,False,6,W3111637384
5091589634,2022,first,False,5,W4224903411
5091603434,2021,last,False,3,W4200490163
5091607703,2020,middle,False,6,W3105055324
5091609490,2020,last,False,4,W3101670576
5091612383,2022,middle,False,16,W4320024158
5091640552,2021,middle,False,7,W3167077707
5091650616,2020,last,False,2,W3046194722
5091660748,2021,middle,False,3,W3208540601
5091667059,2022,middle,False,5,W4316021298
5091668153,2019,middle,False,7,W2955503464
5091674853,2022,last,False,3,W4385574271
5091687210,2019,middle,False,7,W2962904809
5091703383,2022,last,False,4,W4310609587
5091708404,2022,middle,False,4,W4287888135
5091716232,2021,middle,False,4,W3200760931
5091722048,2022,last,False,2,W4315489018
5091733170,2021,middle,False,10,W3177474367
5091743378,2021,last,False,4,W4252180037
5091747186,2022,middle,False,5,W4318147134
5091757548,2022,last,False,10,W4385573966
5091758895,2022,middle,False,4,W4294839103
5091759842,2022,middle,False,7,W4229029358
5091768977,2020,middle,False,6,W3090593301
5091770877,2021,middle,False,4,W3168046227
5091773104,2022,middle,False,3,W4205757194
5091780889,2021,middle,False,4,W3170705121
5091796724,2022,middle,False,19,W4225164540
5091818245,2020,first,True,2,W3024226488
5091828530,2020,last,False,3,W3114834588
5091834117,2022,middle,False,4,W4226187619
5091838684,2022,middle,False,3,W4308329100
5091841504,2020,last,False,7,W3103592385
5091866119,2019,last,False,3,W2963105309
5091869105,2019,middle,False,4,W2966183794
5091879812,2021,last,False,2,W3202538305
5091880579,2022,middle,False,10,W4283071620
5091880621,2022,middle,False,5,W4200629494
5091884011,2022,last,True,5,W4308919251
5091892657,2022,middle,False,18,W4221148741
5091899643,2019,middle,False,12,W2947903144
5091902196,2021,middle,False,3,W3198735444
5091903225,2022,middle,False,14,W4295761272
5091904096,2020,first,False,2,W3080254470
5091906883,2020,middle,False,8,W2998184481
5100298903,2020,last,False,7,W3043244934
5100299715,2022,last,False,3,W4304755969
5100301527,2022,first,False,5,W4285307137
5100303941,2022,middle,False,7,W4385574024
5100304311,2021,middle,False,9,W3155335361
5100306065,2022,middle,False,7,W4385573529
5100306142,2021,last,False,5,W3171579186
5100306850,2020,middle,False,4,W3093006710
5100307788,2022,middle,False,13,W4281569374
5100308278,2022,middle,False,16,W4287891169
5100308746,2022,first,False,2,W4297105730
5100312213,2022,middle,False,14,W4385572802
5100317533,2022,middle,False,5,W4296426276
5100317887,2022,middle,False,6,W4283689139
5100317921,2022,last,False,5,W4224945259
5100317994,2022,middle,False,6,W4220853886
5100318161,2019,last,False,6,W3004179129
5100318193,2022,last,False,6,W4293518855
5100318285,2022,middle,False,5,W4294982692
5100318291,2022,middle,False,7,W4313117614
5100318416,2021,first,True,6,W3160372294
5100318438,2020,first,False,6,W3035620455
5100318495,2021,last,False,6,W3170886857
5100318540,2022,middle,False,9,W4385573007
5100318678,2022,middle,False,4,W4312173549
5100318682,2022,middle,False,6,W4290874890
5100318783,2020,middle,False,7,W2994689640
5100318915,2022,middle,False,6,W4225742065
5100318953,2022,middle,False,5,W4313134354
5100319007,2022,middle,False,11,W4294597159
5100319073,2022,middle,False,5,W4287958162
5100319205,2021,last,False,3,W3210582988
5100319320,2020,middle,False,4,W3103855731
5100319572,2020,middle,False,4,W3101683892
5100319719,2022,middle,True,6,W4213457947
5100319784,2021,middle,False,6,W3173794693
5100319993,2022,first,False,4,W4285169708
5100320066,2021,middle,False,12,W3171737727
5100320103,2021,middle,False,8,W3185611785
5100320181,2022,last,False,4,W4297094719
5100320215,2021,middle,False,5,W3194347141
5100320545,2021,middle,False,10,W3148898323
5100320635,2022,middle,False,6,W4385300868
5100320673,2022,first,False,5,W4296068794
5100320722,2020,first,False,4,W3038540520
5100320723,2019,middle,False,7,W2971136144
5100320842,2020,first,False,3,W2997702627
5100320847,2022,middle,False,7,W4220907840
5100320910,2021,middle,False,8,W3167539120
5100320970,2020,middle,False,8,W3042320389
5100321133,2022,middle,False,10,W4293567576
5100321247,2021,first,False,4,W3158237717
5100321399,2021,first,False,5,W4212800682
5100321449,2021,middle,False,4,W3153822571
5100321601,2021,first,False,3,W3208538591
5100321786,2022,middle,False,6,W4285171787
5100321835,2022,middle,False,4,W4389009407
5100321843,2021,middle,False,7,W3168545914
5100322119,2020,first,False,6,W3095711142
5100322200,2019,first,False,3,W2970443729
5100322208,2022,first,False,4,W4385573747
5100322270,2022,last,False,2,W4309769112
5100322345,2022,middle,False,8,W4285604202
5100322368,2020,last,False,4,W3004437357
5100322682,2022,middle,False,5,W4224919780
5100322712,2021,middle,False,5,W3176908654
5100322854,2021,middle,False,6,W3216582288
5100322864,2021,middle,False,6,W3193034122
5100323016,2019,last,False,3,W2951886778
5100323087,2022,middle,False,8,W4221104124
5100323156,2022,first,False,2,W4306950516
5100323157,2019,middle,False,10,W2946617802
5100323334,2020,last,False,5,W3024507639
5100323420,2022,middle,False,6,W4312300665
5100323546,2022,middle,False,6,W4312636726
5100323550,2022,first,False,11,W4312142088
5100323626,2022,first,False,3,W4385573798
5100323752,2021,last,False,3,W3196893172
5100323842,2020,middle,False,5,W3087975959
5100323918,2022,middle,False,8,W4302791249
5100323988,2020,middle,False,6,W3102556897
5100324003,2021,middle,False,7,W3194882226
5100324056,2021,middle,False,5,W3162212979
5100324098,2021,middle,False,4,W3173972567
5100324125,2022,middle,False,4,W4284892020
5100324286,2022,middle,False,5,W4295935122
5100324301,2021,middle,False,4,W3209163491
5100324642,2022,middle,False,6,W3165168781
5100324786,2022,middle,False,10,W4293163051
5100324793,2021,middle,False,5,W3111057178
5100325082,2022,middle,False,9,W4385572863
5100325084,2021,middle,False,10,W3173273620
5100325131,2022,first,False,3,W4287887966
5100325387,2022,middle,False,6,W4328028485
5100325397,2022,middle,False,5,W4312537149
5100325440,2022,middle,False,3,W4320026569
5100325607,2022,middle,False,4,W4377236653
5100325770,2022,middle,False,14,W4293181503
5100325863,2021,first,False,8,W3176006008
5100325881,2020,middle,False,4,W3049253296
5100325895,2022,middle,False,5,W4285285348
5100325952,2020,first,False,8,W3114142294
5100326021,2022,middle,False,5,W4303987563
5100326378,2022,middle,False,5,W4226374926
5100326498,2022,middle,False,15,W4286480083
5100326811,2022,first,False,6,W4296902456
5100326923,2020,last,False,3,W3034417909
5100326965,2021,last,False,5,W3127668261
5100326967,2021,last,False,4,W3167958315
5100326993,2022,last,False,5,W4285261485
5100327026,2022,middle,False,7,W4293519292
5100327072,2022,middle,True,8,W4224910504
5100327157,2022,middle,False,4,W4220693311
5100327168,2022,middle,False,13,W4226192380
5100327195,2022,last,True,4,W4312173549
5100327205,2022,middle,False,5,W4308497888
5100327372,2022,last,False,4,W4312941176
5100327490,2022,middle,False,3,W4362647243
5100327574,2022,middle,False,9,W4225001840
5100327595,2019,middle,True,5,W3002072934
5100327619,2022,middle,False,4,W4385574213
5100327620,2022,middle,False,11,W4296832031
5100327761,2022,middle,False,14,W4293181503
5100327828,2021,last,False,3,W3199396412
5100327839,2021,middle,False,3,W3163338468
5100328001,2020,middle,False,5,W3116968030
5100328245,2022,first,False,6,W4283317348
5100328264,2022,middle,False,8,W4210918116
5100328575,2020,middle,False,4,W3099559773
5100328729,2021,first,False,6,W3213949621
5100328838,2022,first,False,5,W4285306609
5100328989,2020,first,False,5,W3136091209
5100328995,2021,last,False,6,W3209108016
5100329252,2021,middle,False,8,W3213614916
5100329542,2022,middle,False,4,W4297094719
5100329609,2022,middle,False,10,W4286566368
5100329692,2021,first,False,6,W3201244947
5100329780,2021,first,False,6,W3203177300
5100329828,2022,last,False,5,W4296591867
5100329900,2022,middle,False,10,W4285287081
5100329970,2022,middle,False,4,W4385567345
5100330016,2020,first,False,4,W3101862534
5100330043,2021,middle,False,9,W3187248639
5100330138,2022,last,False,6,W4312960102
5100330142,2020,last,False,7,W3092961994
5100330185,2020,first,False,3,W3106007100
5100330223,2021,first,False,3,W3201162576
5100330268,2021,first,False,6,W3177599311
5100330576,2022,middle,False,5,W4285247267
5100330959,2021,first,False,4,W4206935019
5100330993,2019,first,False,5,W3093722805
5100331094,2020,middle,False,6,W3119076394
5100331196,2021,middle,False,5,W3110664450
5100331241,2022,middle,False,8,W4280594315
5100331370,2022,middle,False,9,W4385567372
5100331400,2021,last,False,5,W4205586222
5100331415,2022,middle,False,9,W4287887158
5100331488,2019,last,True,5,W2971126690
5100331555,2022,middle,False,5,W4308643054
5100331710,2022,middle,False,7,W4285106403
5100331741,2022,middle,False,19,W4285211735
5100331862,2022,middle,False,6,W4280568812
5100331867,2022,first,False,5,W4385574162
5100332096,2021,middle,False,8,W3206651063
5100332258,2020,middle,False,6,W3098295417
5100332272,2022,middle,False,5,W4304092677
5100332311,2021,middle,False,6,W3185435390
5100332530,2022,middle,False,3,W4301600542
5100332625,2021,middle,False,11,W3189279073
5100332831,2021,first,False,4,W3151895100
5100333239,2021,middle,False,9,W3156273683
5100333361,2021,last,False,6,W3133633832
5100333391,2021,last,False,11,W3153662254
5100333481,2021,first,False,6,W3206381175
5100333729,2019,first,False,7,W2986629868
5100333738,2020,middle,False,5,W3037979089
5100333758,2022,last,False,3,W4226361124
5100333835,2022,first,True,1,W4297802456
5100333854,2022,first,False,9,W4296025979
5100333930,2022,first,False,6,W4285307478
5100334099,2019,middle,False,7,W2911489562
5100334518,2021,first,False,4,W3134155563
5100334649,2021,first,False,8,W3176647794
5100334733,2022,middle,False,6,W4221161778
5100334781,2021,last,False,3,W3187544718
5100334829,2022,first,False,6,W4289783439
5100334873,2020,middle,False,8,W3088460296
5100335269,2022,middle,False,8,W4313270255
5100335322,2022,middle,False,6,W4385567238
5100335522,2022,middle,False,5,W4385573100
5100335769,2019,middle,False,4,W2971345087
5100336310,2022,middle,False,7,W4313184803
5100336360,2021,middle,False,4,W3170892757
5100336474,2021,middle,False,5,W3156133475
5100336500,2021,middle,False,5,W3209030604
5100336560,2020,middle,False,5,W3199951992
5100336576,2021,first,False,2,W3149405564
5100336687,2022,middle,False,19,W4285211735
5100336699,2022,middle,False,4,W4301184446
5100336774,2022,middle,False,6,W4313306993
5100336900,2022,middle,False,7,W4385574024
5100336998,2020,last,False,6,W3104598375
5100337052,2022,middle,False,6,W4385574134
5100337434,2022,middle,False,7,W4287890941
5100337516,2022,middle,False,8,W4221104124
5100337591,2022,first,False,7,W4385572710
5100337659,2021,middle,False,3,W4214697051
5100337731,2022,middle,False,7,W4385573113
5100337747,2021,middle,False,6,W3162748751
5100337764,2022,middle,False,6,W4221151164
5100337866,2022,middle,False,4,W4304098627
5100337868,2022,last,False,4,W4296441193
5100337887,2022,middle,False,10,W4287854706
5100338179,2022,first,True,2,W4285043263
5100338212,2022,middle,False,14,W4282587058
5100338243,2022,middle,False,7,W4304080240
5100338276,2020,middle,True,6,W3093657314
5100338386,2020,middle,False,8,W3102009955
5100338429,2019,middle,False,7,W2951098185
5100338479,2021,middle,False,11,W3175644086
5100338652,2022,middle,False,6,W4311197621
5100338689,2020,last,False,8,W3037217495
5100338728,2022,middle,False,6,W4283369524
5100339004,2019,middle,False,5,W2967874668
5100339138,2020,last,False,3,W3083137726
5100339151,2022,middle,False,7,W4200630919
5100339212,2021,middle,False,8,W3118668786
5100339289,2019,first,False,7,W2970645034
5100339373,2020,last,False,2,W3013221566
5100339431,2022,middle,False,6,W4313188880
5100339650,2022,middle,False,3,W4292794411
5100339735,2021,middle,False,6,W3110986327
5100339915,2020,last,False,4,W3092864024
5100339921,2021,last,False,3,W3172053684
5100339927,2020,middle,False,4,W3103223797
5100339989,2021,first,False,7,W3161768215
5100340071,2019,middle,False,4,W2989365868
5100340097,2022,last,False,6,W4385324830
5100340313,2022,middle,False,4,W4312767679
5100340443,2020,first,False,5,W3041464920
5100340522,2022,middle,False,7,W4280581786
5100340569,2021,middle,False,9,W3161106623
5100340644,2022,middle,False,6,W4286470556
5100340657,2019,middle,False,7,W2993961432
5100340726,2019,last,False,5,W3002072934
5100340834,2022,first,False,3,W2997781365
5100341027,2021,middle,True,8,W3171186158
5100341092,2021,middle,False,10,W3188426584
5100341185,2022,last,False,5,W4295037258
5100341219,2020,first,False,5,W3199951992
5100341321,2021,middle,False,6,W3215845947
5100341419,2021,middle,False,7,W3174148569
5100341552,2020,middle,False,5,W3094173182
5100341619,2022,middle,False,8,W4312186830
5100341628,2022,middle,False,17,W4285225959
5100341636,2022,middle,False,5,W4302067346
5100341799,2019,middle,False,4,W2995971828
5100341812,2022,middle,False,4,W4308926130
5100341816,2022,first,False,4,W4281619578
5100341992,2022,last,False,5,W4224217521
5100341993,2022,middle,False,8,W3206189675
5100342006,2020,first,False,3,W3096398645
5100342036,2022,middle,False,6,W4296902456
5100342108,2021,middle,False,9,W3211983116
5100342150,2022,last,False,2,W4285814389
5100342213,2021,last,False,2,W3174781392
5100342259,2022,middle,False,6,W4381322416
5100342380,2021,middle,False,7,W4214485011
5100342451,2022,first,False,14,W4282587058
5100342615,2021,first,False,5,W3111057178
5100342640,2019,first,False,3,W3006662724
5100342729,2022,middle,False,8,W4385572816
5100342771,2019,last,True,2,W2998517938
5100342777,2022,middle,False,4,W4309675322
5100342936,2021,first,False,3,W3201625223
5100342953,2020,middle,False,3,W3098502857
5100343044,2022,middle,False,7,W4312523625
5100343200,2022,middle,False,23,W3169341408
5100343450,2020,first,False,3,W3096141267
5100343513,2021,first,False,6,W3176892444
5100343564,2020,middle,False,5,W3105306115
5100343569,2020,middle,False,5,W3098493824
5100343632,2022,middle,False,9,W4285600327
5100343699,2020,last,False,4,W3115965961
5100343755,2022,last,False,5,W4304755973
5100343789,2021,middle,False,9,W3116323972
5100343820,2020,first,False,2,W3095340127
5100343991,2021,middle,False,5,W3208601917
5100344069,2022,first,False,2,W4285216891
5100344133,2021,first,False,5,W3212438831
5100344294,2021,middle,False,6,W3107617916
5100344400,2020,last,False,5,W3042025436
5100344481,2022,middle,False,7,W4226396484
5100344494,2022,last,False,9,W4312629101
5100344582,2020,middle,False,11,W3101149558
5100344604,2022,first,False,6,W4285603440
5100344628,2022,middle,False,6,W4312382936
5100344655,2022,middle,False,6,W4224919704
5100344943,2020,middle,False,7,W3042874060
5100344966,2022,first,False,6,W4287887245
5100344975,2021,middle,False,5,W3119414542
5100345062,2022,first,False,8,W4320507215
5100345092,2021,middle,False,13,W3162347631
5100345183,2020,middle,False,8,W3009874600
5100345229,2022,middle,False,4,W4293523262
5100345321,2020,first,False,2,W3109340983
5100345490,2022,middle,False,6,W4360996547
5100345521,2022,first,False,2,W4287891186
5100345552,2022,middle,False,3,W4287887789
5100345722,2022,middle,True,5,W4293106316
5100345753,2020,first,False,4,W2997753420
5100345833,2020,middle,False,3,W3100047304
5100345834,2022,middle,False,5,W4283811272
5100345915,2021,middle,False,3,W3174256071
5100346212,2022,middle,False,12,W4281487830
5100346225,2022,middle,False,4,W4328028672
5100346266,2021,middle,False,5,W4226058124
5100346317,2021,middle,False,5,W3156622706
5100346366,2022,middle,False,5,W4313527206
5100346508,2021,middle,False,8,W3175684466
5100346526,2022,middle,False,12,W4311863320
5100346548,2022,middle,False,6,W4385574343
5100346550,2021,middle,False,4,W3213422206
5100346602,2021,middle,False,9,W3173157360
5100346714,2019,middle,False,8,W2971060546
5100346747,2021,middle,False,7,W3175316843
5100346965,2021,middle,False,4,W3196091473
5100347143,2021,first,False,4,W3201495614
5100347493,2022,last,False,6,W4225596718
5100347601,2021,middle,False,4,W3155038476
5100347746,2020,middle,False,8,W3114142294
5100347785,2020,middle,False,4,W3100202074
5100347838,2021,first,False,3,W4205584166
5100347994,2021,first,False,11,W3161489373
5100348067,2021,first,False,3,W3203174623
5100348101,2022,middle,False,9,W4385324086
5100348142,2022,middle,False,6,W4310572902
5100348166,2022,middle,False,12,W4296068592
5100348399,2019,middle,False,17,W2970731908
5100348522,2021,last,False,10,W3173316665
5100348588,2022,last,False,6,W4313176116
5100348617,2022,first,False,5,W4224979365
5100348619,2020,middle,False,4,W3105083537
5100348795,2022,middle,False,8,W4289533863
5100348836,2020,first,False,4,W3035552787
5100348874,2021,last,False,3,W3199951264
5100348946,2021,first,False,6,W4214663214
5100349006,2020,middle,False,6,W3114584238
5100349055,2020,middle,False,5,W3043684480
5100349058,2021,first,False,6,W3126192873
5100349461,2021,first,False,5,W4214526701
5100349553,2021,first,False,3,W3201025125
5100349854,2022,first,False,4,W4295919046
5100349956,2021,middle,False,7,W3160848464
5100350053,2022,middle,False,4,W4288801866
5100350070,2020,first,False,4,W3092094101
5100350157,2019,middle,False,4,W2989365868
5100350165,2022,last,False,7,W4281560964
5100350192,2022,last,True,6,W4286751463
5100350205,2020,middle,False,4,W2937815589
5100350358,2022,middle,False,8,W4285123920
5100350377,2022,middle,False,5,W4299886057
5100350503,2019,middle,False,5,W2970069267
5100350708,2022,middle,False,7,W4221156340
5100350738,2021,middle,False,13,W3188270315
5100350793,2021,last,False,6,W3199178087
5100350814,2022,middle,False,7,W4283800873
5100350815,2019,first,False,7,W2994833988
5100350831,2022,middle,False,4,W4281554789
5100350965,2022,first,False,6,W4366308287
5100350999,2021,middle,False,8,W3129895333
5100351135,2022,first,False,3,W4224286930
5100351304,2020,last,False,5,W3132423895
5100351349,2021,last,False,8,W3185244911
5100351382,2021,first,False,4,W3199142809
5100351387,2022,middle,False,10,W4285141508
5100351398,2020,middle,False,8,W3012639927
5100351449,2021,middle,False,4,W3214038065
5100351559,2022,last,False,7,W4293517975
5100351795,2022,first,False,5,W4313306150
5100351814,2022,middle,False,9,W4385573342
5100352014,2022,first,False,4,W4285131076
5100352133,2022,middle,True,5,W4281670935
5100352139,2020,first,False,7,W3034257506
5100352321,2019,last,False,4,W2979144850
5100352418,2020,middle,False,3,W3114316604
5100352467,2021,middle,False,6,W3119627319
5100352614,2022,middle,False,6,W3211339043
5100352621,2020,middle,False,5,W3095776571
5100352646,2022,middle,False,6,W4385573122
5100352703,2021,middle,False,4,W4226478928
5100352782,2021,first,False,7,W3177049011
5100352786,2022,first,False,6,W4385573951
5100352800,2021,last,False,6,W4206826669
5100352922,2022,last,False,4,W4223651314
5100353028,2020,middle,False,3,W3129096424
5100353132,2020,middle,False,11,W3035718760
5100353181,2021,last,True,2,W3131800253
5100353280,2022,first,False,7,W4285112296
5100353315,2022,middle,False,8,W4282049100
5100353377,2020,middle,False,8,W2997774782
5100353447,2018,middle,False,5,W4289753644
5100353471,2021,first,False,5,W4226096048
5100353516,2022,middle,False,6,W4309096928
5100353576,2021,first,False,3,W3186032668
5100353589,2020,middle,False,6,W3176438635
5100353701,2022,middle,False,5,W4385574304
5100353748,2022,first,False,17,W4281696767
5100353758,2022,middle,False,6,W4313525558
5100353780,2019,first,False,4,W2985056549
5100353783,2023,middle,False,7,W4382203033
5100353872,2020,first,False,7,W3089948417
5100354039,2022,last,False,4,W4309574100
5100354072,2021,first,True,7,W3135847816
5100354105,2022,first,True,3,W4298156464
5100354220,2021,middle,False,9,W3176683285
5100354226,2021,middle,False,13,W3188270315
5100354322,2021,middle,False,3,W4210615591
5100354377,2021,middle,False,8,W3176421937
5100354434,2022,last,False,4,W4296794745
5100354505,2022,middle,False,6,W4312709938
5100354569,2022,middle,False,3,W4296070391
5100354571,2020,middle,False,7,W3104578551
5100354592,2021,middle,False,6,W3176937211
5100354667,2022,middle,False,6,W4286331454
5100354947,2021,last,False,6,W3190806564
5100355010,2019,middle,False,4,W2983408952
5100355025,2019,middle,False,5,W2985619053
5100355078,2020,middle,False,3,W2998562534
5100355083,2022,first,False,4,W4289778513
5100355268,2019,last,False,2,W2997394673
5100355406,2022,middle,True,6,W4307955350
5100355602,2021,first,False,3,W3200368352
5100355768,2021,first,False,6,W3217805968
5100355797,2022,middle,False,8,W4285292386
5100355854,2020,middle,False,4,W3038540520
5100355884,2021,last,False,7,W3153005511
5100356345,2020,first,False,7,W3122762307
5100356421,2022,middle,True,3,W3182672186
5100356430,2021,middle,False,6,W3158733382
5100356505,2021,middle,False,7,W3167441071
5100356576,2021,first,True,1,W3184845153
5100356635,2020,first,False,4,W3048717973
5100356742,2021,middle,False,6,W3167028092
5100356958,2021,middle,False,5,W3169618399
5100357128,2021,last,False,3,W3172691639
5100357357,2022,middle,False,4,W4309640070
5100357384,2022,first,False,6,W4312824590
5100357421,2021,first,False,5,W4200548756
5100357477,2022,middle,False,5,W4281398567
5100357478,2020,first,False,3,W3135906347
5100357746,2021,first,False,4,W3153942638
5100357767,2021,middle,False,4,W3025790378
5100357784,2019,first,False,3,W2997204042
5100357848,2022,middle,False,6,W4292973033
5100358009,2020,last,False,7,W2997354568
5100358064,2022,middle,False,8,W4294975313
5100358079,2021,first,False,7,W3163343414
5100358151,2020,first,False,3,W3018391788
5100358523,2020,middle,False,9,W3112315235
5100358611,2019,first,False,2,W3014025313
5100358735,2021,middle,False,13,W3152507829
5100358771,2022,middle,False,4,W4290715209
5100358968,2022,middle,False,7,W4287887180
5100359490,2022,middle,False,8,W4385573469
5100359534,2022,middle,False,5,W4295934596
5100359773,2022,middle,False,5,W4285207474
5100359784,2022,middle,False,5,W4313038764
5100359820,2022,middle,False,6,W4225293051
5100359891,2021,middle,False,5,W3174735465
5100359926,2022,middle,False,10,W4225835448
5100360034,2021,middle,False,4,W3172181889
5100360190,2021,middle,False,7,W3112336664
5100360194,2020,middle,False,5,W2998451506
5100360362,2022,middle,False,9,W4285164445
5100360395,2022,first,False,5,W4385573452
5100360407,2019,first,False,5,W2988294541
5100360466,2022,last,False,8,W4385573469
5100360524,2021,first,False,2,W3164103590
5100360704,2022,first,False,8,W4293417802
5100360935,2021,middle,False,7,W3128910262
5100360960,2021,middle,False,5,W3119414542
5100361415,2020,middle,False,9,W3044249632
5100361458,2021,middle,False,5,W3211771663
5100361483,2021,first,False,5,W3199294715
5100361611,2022,middle,False,8,W4312186830
5100361668,2021,last,False,3,W3154927178
5100361751,2022,middle,False,8,W4308148751
5100361857,2021,middle,False,7,W3156476125
5100361891,2021,middle,False,5,W3175787213
5100362398,2020,middle,False,6,W3176438635
5100362419,2022,middle,False,11,W4281779085
5100362457,2022,middle,False,6,W4311423650
5100362543,2022,last,False,4,W4298836308
5100362573,2021,middle,False,6,W3214350763
5100362650,2022,middle,False,5,W4287854684
5100362745,2021,middle,True,6,W3196696529
5100362838,2021,middle,False,3,W4256190464
5100362863,2019,middle,False,5,W2991433488
5100362874,2022,middle,False,5,W4224945259
5100362891,2022,middle,False,4,W4283803866
5100363060,2022,last,False,6,W4385574320
5100363116,2022,middle,False,5,W4225647599
5100363203,2020,first,False,3,W3115275800
5100363606,2022,middle,False,14,W4308025419
5100363698,2021,first,False,4,W4200325139
5100363712,2022,first,False,5,W4207049479
5100363719,2022,first,False,6,W3201191103
5100363740,2020,first,False,6,W3089559086
5100364041,2021,middle,False,6,W3208132107
5100364068,2022,middle,False,7,W4313050727
5100364094,2022,last,False,3,W4385573630
5100364127,2022,middle,False,9,W4283791710
5100364201,2020,middle,False,6,W3171459814
5100364209,2021,middle,False,6,W3202655240
5100364263,2022,first,False,3,W4312894376
5100364381,2021,last,True,2,W3177334331
5100364503,2020,middle,False,7,W3115990655
5100364587,2020,middle,False,7,W3088684535
5100364724,2022,middle,False,8,W4285208881
5100364873,2021,middle,False,7,W3198331626
5100365053,2020,middle,False,10,W3095189764
5100365142,2022,middle,False,4,W4285120780
5100365151,2021,first,False,2,W4200239969
5100365157,2022,last,False,4,W4226313456
5100365163,2022,first,False,5,W4285131379
5100365217,2022,first,False,5,W4285113287
5100365435,2022,middle,False,8,W4225136964
5100365484,2021,middle,False,6,W3174481817
5100365536,2020,last,False,3,W3111934536
5100365555,2021,middle,False,5,W3213564796
5100365743,2022,middle,False,7,W4282959781
5100365752,2020,middle,False,4,W3093043896
5100365766,2022,middle,False,8,W4283316516
5100366001,2020,last,False,2,W2999076907
5100366166,2020,middle,False,5,W3106306852
5100366283,2020,last,False,3,W3115608845
5100366368,2022,middle,False,3,W4320060562
5100366435,2020,last,False,2,W3163090022
5100366539,2022,first,False,4,W4296068433
5100366662,2022,middle,False,11,W4285168370
5100366890,2021,middle,False,4,W4285338096
5100367009,2022,middle,False,5,W4283770444
5100367141,2022,middle,False,8,W4287890989
5100367209,2022,middle,False,5,W4366959014
5100367403,2022,middle,False,7,W4361733032
5100367540,2019,middle,False,5,W2983735660
5100367735,2022,first,False,4,W4283324387
5100367924,2020,middle,False,7,W3108592865
5100367955,2021,last,False,4,W3163761993
5100368048,2019,first,False,6,W3016781606
5100368070,2021,middle,False,5,W3190697745
5100368203,2021,first,False,6,W3191562205
5100368312,2021,middle,False,13,W3188270315
5100368524,2020,first,False,6,W3098724294
5100368682,2021,middle,False,6,W3167277949
5100368686,2021,middle,False,8,W3206651063
5100368759,2022,middle,False,12,W4291127651
5100368865,2022,middle,False,8,W4289533863
5100368943,2022,last,False,5,W4287855076
5100369025,2021,middle,False,6,W4200469005
5100369148,2021,middle,False,4,W3211152275
5100369181,2022,last,False,2,W4306950516
5100369184,2021,middle,False,6,W3173789715
5100369260,2020,middle,False,5,W3104890489
5100369263,2022,middle,False,15,W4214672816
5100369354,2022,middle,False,7,W4293517975
5100369438,2022,middle,False,6,W4312620285
5100369545,2021,first,False,4,W4248240295
5100369670,2020,middle,False,6,W3114331024
5100369719,2021,middle,False,6,W4205934771
5100369763,2022,middle,False,8,W4224921333
5100369793,2020,middle,False,6,W3100852180
5100369797,2021,last,False,4,W4214597502
5100369870,2019,middle,False,5,W2984698993
5100369885,2022,middle,False,6,W4385567238
5100369916,2021,middle,False,11,W4200627592
5100370065,2021,middle,False,5,W3173870405
5100370079,2020,middle,False,5,W3034876042
5100370103,2020,middle,False,8,W2996806984
5100370155,2020,last,False,9,W3115362515
5100370341,2022,middle,False,10,W4285287081
5100370452,2019,middle,False,5,W3063384677
5100370492,2020,middle,False,8,W2997774782
5100370514,2021,middle,False,6,W3182937942
5100370523,2022,middle,True,4,W4312221409
5100370632,2022,middle,False,4,W4284708021
5100370636,2021,first,False,7,W4205350698
5100370668,2022,first,False,4,W4225163014
5100370898,2021,first,False,10,W3202078810
5100371161,2022,middle,True,4,W4309827933
5100371177,2019,first,False,4,W2971051558
5100371313,2022,last,False,3,W4385573468
5100371413,2022,first,False,4,W4328027195
5100371517,2022,middle,False,4,W4312341581
5100371535,2020,last,False,4,W3034745874
5100371550,2021,last,False,8,W3176641036
5100371596,2021,first,False,6,W4213229048
5100371604,2022,first,False,6,W4312725378
5100371711,2019,middle,False,5,W2970023150
5100371757,2021,middle,False,6,W3123799706
5100371984,2020,middle,False,5,W3034617555
5100371992,2019,first,False,2,W2986382673
5100372172,2022,first,False,3,W4385325124
5100372304,2022,first,False,3,W4323521306
5100372357,2022,middle,False,8,W4283805255
5100372518,2021,middle,False,3,W3120992250
5100372676,2020,last,False,7,W3000546628
5100372803,2022,middle,False,9,W3138081324
5100373159,2022,middle,False,7,W4313042449
5100373297,2022,middle,False,3,W4312565955
5100373327,2022,last,False,5,W4291653312
5100373451,2020,first,False,4,W3104763958
5100373492,2022,middle,False,7,W4312981036
5100373517,2020,last,False,4,W3104410689
5100373560,2021,last,False,2,W3194373887
5100373580,2021,middle,False,7,W3207345702
5100373723,2021,middle,False,8,W3201342367
5100374033,2022,middle,False,8,W4385572851
5100374064,2020,middle,False,7,W3022278830
5100374091,2022,middle,False,3,W4385572973
5100374175,2021,middle,False,6,W3187908937
5100374346,2022,first,False,2,W4294069431
5100374360,2020,middle,False,7,W3095373628
5100374506,2021,last,False,3,W3193250980
5100374757,2021,last,True,6,W3217728966
5100374771,2019,middle,False,4,W2989033444
5100374810,2019,middle,False,6,W2970928735
5100374831,2022,first,False,7,W4221159394
5100374850,2021,middle,False,6,W3176892444
5100374904,2022,middle,False,8,W4223479130
5100375342,2019,middle,False,8,W2970092972
5100375568,2022,middle,False,6,W4313210659
5100375653,2021,middle,False,23,W3190761184
5100375722,2022,middle,False,8,W4313413439
5100375732,2022,middle,False,5,W4303980607
5100375823,2020,last,False,4,W3026111682
5100375832,2022,first,False,3,W4312331157
5100375952,2022,middle,False,11,W3205816523
5100375986,2022,middle,False,7,W4385573410
5100376019,2021,middle,False,7,W3203961508
5100376186,2022,last,False,3,W4293196468
5100376219,2021,last,False,2,W3169315457
5100376310,2021,middle,False,4,W3132623428
5100376399,2022,middle,False,10,W3205544360
5100376761,2022,middle,False,7,W4223906719
5100376928,2022,first,False,3,W4312781440
5100376935,2020,middle,False,6,W3037000009
5100377070,2022,middle,False,11,W4287855194
5100377555,2022,first,False,7,W4285148830
5100377578,2022,last,False,9,W4293732080
5100377614,2022,last,False,5,W4285269190
5100377652,2022,first,False,8,W4302275696
5100377658,2020,middle,False,3,W3114059539
5100377801,2022,middle,False,4,W4282046439
5100377802,2019,middle,False,4,W2987751813
5100377931,2022,middle,False,9,W3209376089
5100377935,2022,first,False,6,W3205533980
5100377984,2021,middle,False,5,W4200548756
5100378046,2022,middle,False,8,W4385574176
5100378166,2022,middle,False,7,W4293246009
5100378207,2021,first,False,3,W4226191189
5100378208,2019,middle,False,7,W2986836624
5100378273,2022,middle,False,11,W4296832031
5100378418,2021,last,False,6,W3209174365
5100378754,2022,middle,False,6,W4307955350
5100378776,2020,first,False,7,W3089691460
5100378792,2019,middle,False,6,W2978808818
5100378800,2019,last,False,3,W3005249048
5100378893,2021,first,False,3,W3214464111
5100378956,2022,middle,False,5,W4293468105
5100379009,2022,first,False,9,W4313036289
5100379203,2021,last,False,7,W3185808850
5100379221,2021,middle,False,3,W3177451412
5100379262,2021,last,False,3,W4210453527
5100379486,2022,middle,False,6,W4313176116
5100379513,2022,middle,False,3,W4292794833
5100379983,2022,middle,False,3,W4312429630
5100380107,2020,first,False,2,W3098480005
5100380138,2020,middle,False,4,W3090380202
5100380233,2022,last,True,3,W4385566947
5100380463,2019,middle,False,5,W2977542973
5100380469,2022,first,False,7,W4283837702
5100380499,2021,middle,False,5,W3181252431
5100380570,2021,middle,False,10,W3173316665
5100380588,2020,last,False,3,W3114316604
5100380815,2022,first,False,4,W4385572934
5100380894,2022,middle,False,6,W4224030510
5100380896,2020,middle,False,3,W3103068588
5100380910,2022,middle,False,4,W4385573321
5100381333,2021,last,False,6,W4210604938
5100381393,2021,last,False,3,W3191663075
5100381694,2021,middle,False,4,W4226333920
5100381990,2021,middle,True,6,W3203177300
5100382017,2022,first,False,3,W4224510333
5100382033,2022,middle,False,17,W4281696767
5100382077,2019,last,False,2,W2955807891
5100382102,2020,first,False,4,W3032007299
5100382206,2022,middle,False,5,W4210820433
5100382220,2022,middle,False,5,W4295308551
5100382467,2022,last,False,6,W4294771193
5100382568,2022,middle,False,6,W4288064589
5100382806,2019,last,False,2,W2989352963
5100382943,2021,middle,False,4,W3127705355
5100382950,2019,middle,False,4,W2988849053
5100383004,2019,last,False,2,W2983379979
5100383032,2022,middle,True,5,W4290086640
5100383084,2021,middle,False,6,W3189953745
5100383106,2022,last,False,3,W4312580481
5100383114,2022,last,False,7,W4224253852
5100383203,2020,first,False,4,W3098266722
5100383241,2022,middle,False,5,W4294184025
5100383262,2022,middle,False,14,W4282587058
5100383332,2021,middle,False,9,W3209034179
5100383455,2022,first,False,3,W4292583675
5100383518,2022,middle,False,5,W4286569754
5100383567,2022,first,False,2,W4226247656
5100383569,2021,middle,False,7,W3212873837
5100383617,2022,middle,False,7,W4385573954
5100383721,2020,middle,False,10,W2998036008
5100383731,2021,last,False,7,W3132730420
5100383751,2022,middle,False,5,W4229453513
5100383897,2022,middle,False,8,W4285309765
5100383939,2020,middle,False,3,W3118129430
5100383985,2021,first,False,2,W4205899033
5100384035,2022,last,False,4,W4280510965
5100384130,2021,middle,False,7,W3163474636
5100384144,2021,middle,False,5,W3156586578
5100384309,2021,middle,False,4,W3213250563
5100384727,2019,middle,False,7,W3000100294
5100384838,2022,last,False,9,W4280604450
5100384877,2021,last,False,4,W3188865574
5100385138,2020,first,False,6,W3068336208
5100385194,2022,middle,False,5,W4328028514
5100385245,2022,middle,False,12,W4290802352
5100385274,2022,last,False,7,W4285184673
5100385323,2021,last,False,2,W3163218255
5100385338,2022,first,False,3,W4308883846
5100385622,2022,middle,False,12,W4311426701
5100385692,2021,first,False,4,W3211326643
5100385729,2022,middle,False,8,W4285158790
5100386183,2022,middle,False,7,W4292793949
5100386325,2022,middle,False,4,W4293518848
5100386394,2019,last,False,9,W2987241137
5100386405,2022,middle,False,9,W4285308960
5100386895,2020,middle,False,6,W3100053428
5100386903,2022,middle,False,7,W4285176401
5100386915,2022,first,False,5,W4285207474
5100386920,2021,last,False,6,W3113677131
5100386934,2021,last,False,5,W3177363015
5100386940,2020,middle,False,6,W3034795928
5100386964,2020,middle,False,3,W3048123096
5100387223,2022,first,True,3,W4281756024
5100387244,2022,middle,False,3,W4312437946
5100387346,2021,first,False,8,W3121976951
5100387509,2021,first,False,2,W3173891689
5100387512,2021,middle,False,5,W3195374612
5100387644,2021,last,False,4,W3212619554
5100387905,2021,first,True,2,W3126549860
5100388178,2022,middle,False,7,W4223956331
5100388186,2021,middle,False,6,W3172028705
5100388188,2020,middle,False,3,W3045834900
5100388333,2019,middle,False,7,W2985891764
5100388504,2021,middle,False,4,W3204737103
5100388567,2022,middle,False,6,W4224921414
5100388589,2021,middle,False,11,W3189279073
5100388682,2021,last,False,3,W3200079339
5100388745,2021,first,False,4,W3212498084
5100389286,2021,last,False,8,W3206867815
5100389298,2022,last,False,6,W4289866515
5100389329,2022,first,False,7,W4312612915
5100389337,2022,last,False,3,W4214854098
5100389350,2021,middle,False,4,W4206060246
5100389365,2021,middle,False,5,W3210003094
5100389396,2021,middle,False,7,W3215381707
5100389530,2022,middle,False,15,W4385574075
5100389641,2022,middle,False,5,W4385572739
5100389843,2022,middle,False,9,W4380605326
5100389881,2021,middle,False,8,W3212944133
5100389900,2019,middle,False,8,W2970501962
5100390112,2020,middle,False,4,W3030056709
5100390297,2022,first,False,11,W4308643152
5100390580,2021,middle,False,7,W3119760464
5100390697,2020,last,False,4,W3129290453
5100390719,2022,middle,True,8,W4308148751
5100390839,2021,first,True,5,W3213307153
5100391224,2022,last,False,3,W4205891067
5100391277,2022,middle,False,5,W4385573761
5100391315,2021,last,False,2,W4206463706
5100391361,2022,middle,False,8,W4307651724
5100391371,2021,middle,False,4,W4205409518
5100391442,2019,last,False,2,W3011866533
5100391494,2021,middle,False,6,W4200359811
5100391517,2020,last,False,4,W2998079989
5100391562,2023,first,False,12,W4385804927
5100391855,2020,middle,False,4,W3037503597
5100391888,2021,middle,False,8,W3176209443
5100391896,2019,middle,False,7,W3013936901
5100391934,2021,middle,False,4,W4226210750
5100392089,2021,last,True,9,W3215776227
5100392222,2020,middle,False,3,W3043303806
5100392353,2021,middle,False,5,W4214755140
5100392380,2021,middle,False,4,W4206478394
5100392510,2020,last,False,5,W3118205297
5100392547,2022,first,True,3,W4309701552
5100392796,2022,middle,False,4,W4312989971
5100392954,2019,middle,False,4,W2971209824
5100393017,2020,middle,False,5,W3090306696
5100393041,2020,middle,False,5,W3090831139
5100393228,2022,last,False,6,W4226280642
5100393241,2019,middle,False,3,W3011315863
5100393399,2022,middle,False,3,W4224997359
5100393429,2022,first,False,6,W4310614814
5100393445,2022,last,False,6,W4213063565
5100393463,2021,first,False,5,W3127668261
5100393484,2022,middle,False,9,W4385572809
5100393506,2020,last,False,4,W3034777757
5100393561,2021,first,False,7,W4206318191
5100393609,2022,middle,False,3,W4286377389
5100393616,2020,last,False,5,W3114773499
5100393751,2020,middle,False,5,W3127864344
5100393806,2022,middle,False,8,W4292829055
5100393809,2022,middle,False,6,W4287854564
5100393871,2021,middle,False,5,W3201219523
5100393880,2022,middle,False,6,W4366517598
5100393899,2021,first,False,5,W3169618399
5100393942,2022,first,True,4,W4210652400
5100394044,2022,middle,False,6,W4285291532
5100394046,2019,middle,False,5,W3002072934
5100394256,2020,middle,False,5,W3089347855
5100394297,2019,middle,False,6,W2970450228
5100394392,2022,last,False,3,W4229053728
5100394398,2021,middle,False,4,W3195888405
5100394562,2019,middle,False,6,W2970785793
5100394597,2022,middle,False,7,W4295064620
5100394917,2021,middle,False,9,W3210951978
5100394950,2022,first,False,3,W4285278211
5100395015,2022,middle,False,7,W4221167637
5100395035,2021,last,False,4,W3173972567
5100395073,2022,last,False,6,W4313525562
5100395146,2022,last,False,4,W4385572737
5100395198,2022,middle,False,4,W4225275515
5100395206,2020,first,False,3,W3128980567
5100395351,2019,middle,False,7,W2982536084
5100395383,2022,middle,False,8,W4285285977
5100395388,2022,last,True,9,W4313334122
5100395500,2022,first,False,3,W4294664312
5100395521,2022,middle,False,4,W4309574100
5100395562,2021,middle,False,7,W3206842948
5100395591,2021,last,True,3,W3203741962
5100395684,2022,middle,False,6,W4313009415
5100395750,2021,middle,False,4,W3169409885
5100395752,2020,last,False,4,W3105203922
5100395762,2022,middle,False,7,W4287889060
5100395816,2020,middle,False,4,W3081019734
5100395956,2021,middle,False,25,W3092136498
5100396039,2020,middle,False,6,W3115373593
5100396097,2021,middle,False,7,W3215381707
5100396211,2022,last,True,6,W4313531423
5100396375,2021,last,False,5,W4226058124
5100396545,2021,middle,False,6,W3213236677
5100396580,2021,first,False,5,W4226337077
5100396652,2020,middle,False,4,W3096178292
5100396687,2019,middle,False,9,W2986178925
5100396872,2023,middle,False,9,W4385571117
5100396885,2021,middle,False,4,W3112076981
5100397313,2021,middle,False,10,W3180176184
5100397384,2020,middle,False,8,W3009874600
5100397456,2021,middle,False,10,W3167225314
5100397465,2022,last,False,4,W4287891181
5100397486,2020,middle,False,6,W3045780055
5100397670,2022,last,False,8,W4287888692
5100397919,2020,first,False,6,W3047136615
5100397991,2021,middle,False,6,W3161465675
5100398013,2022,middle,False,6,W4385573585
5100398242,2022,middle,False,9,W4296025979
5100398281,2020,middle,False,6,W3114584238
5100398441,2021,middle,False,8,W3171186158
5100398547,2022,middle,False,10,W4225297420
5100398570,2022,middle,False,9,W4283796148
5100398807,2021,first,False,7,W3167077707
5100398953,2022,last,False,3,W4226068212
5100398969,2022,middle,False,5,W4316924393
5100399265,2022,middle,False,10,W4312238419
5100399297,2022,middle,False,6,W4313166352
5100399382,2021,middle,False,8,W3175038190
5100399461,2022,last,False,5,W4221163990
5100399466,2020,last,False,6,W3116417218
5100399487,2022,middle,True,5,W4303980607
5100399541,2022,middle,False,6,W4312382936
5100399548,2022,middle,False,4,W4385573201
5100399626,2021,middle,False,7,W3155151075
5100399630,2022,middle,False,7,W4296896315
5100399645,2020,first,False,4,W3045669112
5100399752,2021,middle,False,7,W3167364369
5100399797,2021,middle,False,5,W4210996392
5100399798,2020,first,False,7,W2997645422
5100399811,2021,last,False,4,W4226333920
5100400130,2022,middle,False,8,W4285604202
5100400179,2022,middle,False,4,W3205067433
5100400185,2022,middle,False,7,W4285787147
5100400329,2019,last,False,8,W2989186566
5100400376,2022,middle,False,7,W4385574024
5100400485,2022,middle,False,4,W4224276467
5100400497,2019,middle,False,7,W2951221758
5100400515,2021,first,False,4,W3165074364
5100400712,2022,middle,False,4,W4225645722
5100400753,2021,last,False,4,W4205409518
5100400776,2022,middle,False,7,W4312725592
5100400799,2021,middle,False,7,W4200227931
5100400816,2022,first,False,3,W4287888678
5100400886,2022,middle,False,4,W4311774868
5100400993,2022,middle,False,12,W4226314850
5100401045,2021,middle,False,6,W3196719896
5100401056,2022,middle,True,4,W4311769512
5100401111,2021,middle,False,8,W3176006008
5100401202,2021,middle,False,6,W4206377169
5100401385,2022,first,False,5,W4226359564
5100401427,2020,middle,False,5,W3036239992
5100401482,2020,middle,False,7,W3089691460
5100401542,2022,middle,False,5,W4221158433
5100401561,2021,last,False,2,W3172341633
5100401724,2022,first,True,1,W4319431016
5100401884,2020,last,False,4,W3106584733
5100402028,2022,middle,False,8,W4385573325
5100402281,2022,middle,False,5,W4328027965
5100402298,2022,middle,False,9,W4285308960
5100402304,2019,first,False,9,W2987241137
5100402336,2020,last,False,4,W3046650820
5100402345,2021,middle,False,5,W3171579186
5100402379,2022,last,False,6,W4385573370
5100402386,2022,last,False,5,W4285145730
5100402624,2022,middle,False,7,W4289533798
5100402694,2022,middle,False,4,W4309827933
5100402911,2019,middle,False,5,W2950739345
5100402925,2020,last,False,5,W3113710448
5100403024,2020,first,False,5,W3090306696
5100403195,2021,middle,False,6,W3210618910
5100403324,2022,last,True,7,W4292649791
5100403375,2021,first,False,3,W3174956803
5100403380,2022,first,False,4,W4225268857
5100403456,2022,middle,False,3,W4294676509
5100403505,2022,last,False,5,W4283209308
5100403556,2022,last,False,2,W4286277022
5100403562,2021,middle,False,4,W3172210712
5100403816,2022,middle,False,6,W4309374889
5100404392,2020,first,False,7,W3035365026
5100404497,2021,first,True,1,W3176465601
5100404643,2021,middle,False,5,W3173917828
5100404859,2021,middle,False,15,W3199246256
5100404954,2021,middle,False,5,W3211282340
5100405086,2020,last,False,4,W3101891351
5100405109,2020,middle,False,4,W3039987544
5100405359,2021,middle,False,4,W3215933179
5100405410,2022,middle,False,6,W4311167834
5100405475,2021,first,False,4,W3130487402
5100405476,2019,middle,False,4,W3016009267
5100405620,2021,first,False,5,W3173825844
5100405630,2021,last,False,3,W3177239160
5100406079,2022,middle,False,4,W4287854773
5100406104,2022,middle,True,5,W4312796107
5100406155,2020,middle,False,7,W3000546628
5100406238,2022,middle,False,14,W4306353220
5100406318,2022,first,False,6,W4225773902
5100406353,2021,middle,False,4,W4205202105
5100406445,2022,first,False,5,W4304755973
5100406584,2020,middle,False,5,W3035431747
5100406620,2021,first,False,6,W4213258200
5100406711,2021,middle,False,5,W3171446474
5100406725,2021,last,False,3,W3174441232
5100407035,2020,middle,False,6,W3116804412
5100407137,2022,middle,False,6,W4360996547
5100407233,2022,first,False,3,W4210921677
5100407234,2019,middle,False,5,W2970682957
5100407263,2022,first,False,7,W3215180973
5100407284,2020,last,False,5,W2997380714
5100407296,2020,last,False,2,W3034670175
5100407302,2019,middle,False,8,W2971149816
5100407381,2019,middle,False,6,W2982275843
5100407418,2022,middle,False,6,W4312557251
5100407433,2019,last,False,5,W2963614864
5100407434,2022,middle,False,5,W4221144473
5100407529,2021,middle,False,6,W3185435390
5100407591,2022,last,False,4,W4323339283
5100407681,2022,middle,False,10,W4293567576
5100407768,2022,first,False,4,W3212565515
5100407933,2022,last,False,4,W4297825008
5100407999,2021,middle,False,4,W3173783447
5100408086,2022,middle,True,6,W4312991122
5100408193,2022,last,False,2,W4293248314
5100408200,2022,middle,False,8,W4385573986
5100408245,2022,middle,False,4,W4308391439
5100408286,2022,middle,False,7,W3207360934
5100408300,2021,middle,False,6,W3200780444
5100408301,2021,first,False,5,W4205091083
5100408683,2022,middle,False,7,W4280528906
5100408780,2022,middle,False,5,W4291653312
5100408818,2022,middle,False,5,W4226490385
5100408983,2020,last,False,3,W3117346838
5100409113,2022,middle,False,5,W4282014435
5100409272,2021,middle,False,4,W3211326643
5100409390,2020,middle,False,8,W3104182623
5100409530,2022,middle,False,6,W4287854666
5100409691,2022,middle,False,7,W4307923086
5100409804,2020,first,False,7,W2997852611
5100410142,2019,first,False,4,W2983785000
5100410232,2022,middle,False,5,W4281670935
5100410286,2022,middle,False,8,W4283316516
5100410326,2022,middle,False,7,W4287887959
5100410366,2022,middle,False,7,W4385573901
5100410618,2021,last,False,5,W3195374612
5100410710,2021,last,False,2,W3198277925
5100410968,2021,first,False,4,W4214519690
5100410998,2022,middle,False,6,W4283369524
5100411088,2022,middle,True,4,W4297825008
5100411426,2020,middle,False,4,W3161760609
5100411532,2022,middle,False,3,W4313447850
5100411571,2022,last,False,8,W4285244497
5100411630,2020,last,False,4,W3102122100
5100411631,2019,last,False,2,W2972466095
5100411732,2021,first,False,6,W4206178224
5100411968,2022,middle,False,8,W4226208236
5100412142,2022,middle,False,4,W4224932929
5100412247,2021,middle,False,10,W3173316665
5100412293,2019,middle,False,4,W2970312693
5100412456,2021,middle,False,13,W3162347631
5100412510,2022,middle,True,11,W4321015976
5100412576,2022,middle,False,6,W4286751463
5100412590,2022,middle,False,6,W4288055447
5100412598,2021,last,False,2,W4205965165
5100412682,2022,middle,False,4,W4309270060
5100412686,2022,middle,False,4,W4328027195
5100412721,2019,first,False,5,W2971461915
5100412765,2020,middle,False,5,W2899641901
5100412815,2020,middle,False,4,W3046650820
5100412866,2022,last,False,6,W4225725185
5100412980,2020,middle,False,5,W3114315778
5100413039,2021,last,False,4,W4200257295
5100413314,2022,first,False,7,W4221159457
5100413330,2022,middle,False,10,W4287890458
5100413333,2022,middle,False,5,W4385573001
5100413418,2021,middle,False,4,W3195044875
5100413711,2022,middle,False,6,W4214813689
5100414277,2022,middle,False,9,W4284681867
5100414574,2021,middle,False,7,W3186134690
5100414787,2022,last,True,5,W4310625199
5100414906,2021,last,False,5,W3207409354
5100414958,2022,middle,False,7,W4285148475
5100415093,2022,middle,False,4,W4296118359
5100415292,2020,middle,False,7,W3089948417
5100415324,2022,first,False,6,W4312329375
5100415455,2021,last,False,5,W4205417139
5100415528,2022,first,False,3,W4312941264
5100415568,2020,middle,False,5,W3091418883
5100415705,2022,first,False,7,W4385572728
5100415731,2021,last,False,10,W3159535809
5100415757,2021,middle,False,8,W3176079416
5100416018,2022,middle,False,5,W4285061313
5100416039,2020,middle,False,5,W3034987881
5100416254,2022,middle,False,6,W4385573592
5100416259,2021,middle,False,5,W4225360048
5100416319,2021,last,False,5,W3155116553
5100416380,2020,middle,False,5,W3102793471
5100416386,2021,middle,False,7,W3173647317
5100416519,2022,middle,False,7,W4285242045
5100416565,2018,first,False,4,W2963773505
5100416750,2022,middle,False,7,W4366959018
5100417007,2022,middle,False,6,W4385573079
5100417156,2021,middle,False,7,W3141261903
5100417307,2020,last,False,4,W3026934743
5100417789,2019,last,False,5,W2981780513
5100418120,2020,last,False,4,W2983160116
5100418156,2019,last,False,6,W2961010423
5100418163,2022,last,False,6,W4385574226
5100418165,2020,last,False,7,W3116342879
5100418171,2019,last,False,5,W2970850076
5100418247,2020,middle,False,7,W3103519070
5100418253,2022,last,False,7,W4296983878
5100418326,2021,first,False,4,W3208655822
5100418423,2021,middle,False,17,W4200213155
5100418485,2020,last,False,5,W3024401989
5100418547,2022,middle,False,5,W4221162872
5100418563,2022,middle,False,7,W4226329156
5100418655,2021,middle,False,3,W4229673855
5100418684,2019,last,False,6,W2955081857
5100418866,2022,last,False,5,W4226391640
5100418950,2021,middle,False,8,W3216056172
5100418968,2022,middle,False,5,W4226098472
5100419014,2022,middle,False,20,W4281708620
5100419293,2021,first,False,7,W3213053518
5100419444,2020,first,False,5,W3009251324
5100419458,2022,middle,False,7,W4281964506
5100419591,2022,middle,False,5,W4214492518
5100419609,2022,middle,False,3,W4293694533
5100419643,2019,first,False,8,W2989186566
5100419663,2022,last,False,4,W4286541468
5100419707,2021,middle,False,7,W4214485011
5100419741,2022,middle,False,4,W4283796213
5100419827,2022,middle,False,4,W4210291614
5100420080,2020,middle,False,7,W3103592385
5100420137,2022,middle,False,10,W4285141508
5100420147,2022,middle,False,5,W4385572815
5100420212,2022,middle,False,13,W4213019189
5100420216,2020,middle,False,13,W3117450517
5100420220,2022,middle,False,7,W4282838846
5100420231,2021,middle,False,8,W3200435005
5100420325,2021,first,False,3,W4206677374
5100420391,2022,last,False,7,W4225580830
5100420600,2021,middle,False,6,W3174730533
5100420610,2022,middle,False,6,W4313525610
5100420654,2021,middle,False,9,W3108047681
5100420688,2021,middle,False,9,W4205466227
5100420838,2020,middle,False,5,W3015081369
5100420839,2020,middle,False,3,W3155743827
5100421407,2021,middle,False,7,W3197264270
5100421452,2022,first,False,4,W3199588909
5100421480,2022,middle,False,3,W4299587267
5100421591,2020,middle,False,8,W3037217495
5100421644,2022,first,False,7,W4281874897
5100421665,2021,middle,False,4,W3183487391
5100421719,2020,middle,False,5,W3000598631
5100421963,2019,first,False,10,W2970172141
5100421978,2022,last,False,4,W4281656839
5100422092,2020,middle,False,11,W3035718760
5100422187,2019,middle,False,6,W3001573813
5100422232,2022,middle,False,4,W4309374292
5100422250,2022,middle,False,6,W4306317286
5100422319,2022,middle,False,4,W4287854486
5100422345,2022,middle,False,10,W4213459054
5100422381,2021,first,False,3,W3186370775
5100422422,2022,middle,False,8,W4385572975
5100422559,2022,first,False,4,W4312340905
5100422802,2022,first,False,4,W4312897837
5100422935,2022,middle,False,6,W4313563529
5100422982,2022,last,False,6,W4221113823
5100423196,2022,middle,False,7,W4303685555
5100423221,2022,first,True,1,W4295359819
5100423265,2019,middle,False,4,W2970106668
5100423424,2020,middle,False,6,W3080805237
5100423435,2021,first,False,7,W3185222945
5100423438,2022,middle,False,7,W3201927751
5100423487,2022,first,False,5,W4309617707
5100423530,2020,middle,False,5,W3034668780
5100423548,2021,middle,False,8,W3201342367
5100423656,2022,middle,False,7,W4290945693
5100423697,2022,last,False,6,W4312895349
5100423703,2022,first,False,6,W4224903893
5100423728,2019,middle,False,9,W2961575557
5100423730,2022,middle,True,4,W4285604348
5100423976,2018,first,False,5,W4289753644
5100424132,2022,middle,False,9,W4295886610
5100424178,2021,middle,False,5,W3171471796
5100424205,2020,first,False,3,W3111934536
5100424394,2022,last,False,9,W4220830085
5100424530,2022,first,False,5,W4385573832
5100424577,2020,middle,False,5,W3101372913
5100424731,2022,middle,False,7,W4226350219
5100425080,2021,first,False,6,W3173838631
5100425112,2021,last,False,5,W3209030604
5100425119,2021,middle,False,7,W3215994516
5100425242,2019,middle,False,7,W2965497726
5100425294,2019,middle,False,6,W2974299639
5100425703,2021,middle,False,6,W3204077273
5100425725,2019,last,False,6,W3010362629
5100425999,2019,middle,False,5,W2970832665
5100426170,2020,middle,False,7,W3098266846
5100426173,2020,middle,False,5,W3034797636
5100426898,2020,middle,False,8,W2997793532
5100426931,2020,last,False,5,W3115022302
5100426938,2022,middle,False,8,W4289533863
5100426947,2019,middle,False,4,W3006513641
5100427048,2021,first,False,4,W4226268614
5100427076,2021,last,False,6,W3212552334
5100427158,2019,last,False,4,W3009005296
5100427168,2019,first,False,6,W2984775947
5100427253,2020,middle,False,7,W3103817618
5100427262,2021,middle,False,9,W3173157360
5100427412,2021,middle,False,4,W3118741274
5100427434,2022,middle,False,9,W4226544593
5100427492,2022,middle,False,6,W4226094293
5100427493,2022,middle,False,6,W4385573712
5100427516,2022,middle,False,7,W4312748717
5100427710,2021,middle,False,5,W3214059944
5100427763,2021,last,False,6,W3213855194
5100427853,2022,middle,True,8,W4302009313
5100428026,2021,last,False,4,W3213508244
5100428101,2019,first,False,6,W3005626333
5100428119,2022,middle,False,3,W4309757622
5100428495,2020,first,False,7,W2997983205
5100428564,2022,middle,False,6,W4294672645
5100428569,2021,middle,False,3,W4226355892
5100428572,2022,last,False,3,W4224927203
5100428683,2022,middle,False,7,W4385573332
5100428948,2020,middle,False,5,W3123375411
5100428951,2022,middle,False,9,W4385567372
5100428970,2022,first,False,5,W4328028514
5100429059,2019,middle,False,12,W2947160092
5100429120,2020,middle,False,8,W3106241909
5100429133,2019,middle,False,6,W2950721712
5100429208,2019,middle,False,7,W2995559676
5100429250,2021,middle,False,5,W3184615727
5100429513,2022,first,False,12,W4311863320
5100429578,2022,first,False,4,W4226239215
5100429708,2022,middle,False,5,W4226098472
5100429710,2021,middle,False,8,W4211181447
5100429727,2022,last,False,2,W4225324745
5100429894,2022,middle,False,7,W3216551675
5100430102,2021,middle,False,8,W3153193605
5100430186,2022,middle,True,7,W4295928017
5100430201,2020,middle,False,9,W3173211693
5100430266,2021,last,False,2,W3165074711
5100430478,2021,middle,False,6,W3207396986
5100430650,2021,middle,False,8,W3174782183
5100430705,2021,middle,False,9,W3129056955
5100430764,2022,first,False,2,W4223646466
5100430970,2020,first,False,6,W3116804412
5100431047,2022,middle,False,6,W4285296644
5100431048,2022,middle,False,6,W4312960102
5100431081,2021,middle,False,5,W3127668261
5100431127,2020,middle,False,8,W3125162620
5100431149,2019,middle,False,6,W2950428495
5100431257,2022,middle,False,8,W4306767249
5100431267,2022,middle,False,14,W3205644108
5100431435,2022,middle,False,4,W4298836308
5100431692,2022,middle,False,7,W4285293918
5100431849,2022,middle,False,7,W4287578560
5100431893,2022,middle,False,5,W4312803404
5100432046,2022,middle,False,8,W4389009562
5100432078,2020,middle,False,6,W3095711142
5100432093,2020,first,False,7,W3035490055
5100432137,2020,middle,False,5,W3090179088
5100432144,2022,last,False,3,W4312807036
5100432295,2022,first,False,10,W4293567576
5100432452,2020,middle,True,4,W3093043896
5100432460,2020,middle,False,5,W3035431747
5100432505,2021,middle,False,5,W3199294715
5100432545,2021,first,False,2,W3175636447
5100432613,2022,middle,True,6,W4311769714
5100432662,2021,middle,False,10,W3175518369
5100432795,2022,middle,False,6,W4385573128
5100432851,2023,last,False,5,W4321434383
5100432990,2022,middle,False,7,W4285294416
5100433137,2020,middle,False,9,W3034608141
5100433179,2022,middle,False,5,W4285271805
5100433372,2021,middle,False,7,W4200114766
5100433544,2021,first,False,4,W3212619554
5100433609,2022,middle,True,4,W4221140369
5100433666,2022,middle,False,9,W4285308960
5100433691,2021,middle,False,7,W3199289866
5100433752,2022,middle,False,5,W4283699647
5100433765,2021,middle,False,6,W4210690962
5100433860,2022,middle,False,5,W4296211387
5100433957,2022,middle,False,7,W4313525715
5100434102,2022,last,False,6,W4385573122
5100434324,2019,middle,False,5,W2962669974
5100434327,2022,middle,False,7,W4287887180
5100434472,2020,first,False,3,W3029092359
5100434519,2022,middle,False,7,W4385573551
5100434538,2020,first,False,2,W3104169042
5100434550,2021,first,False,2,W3177397812
5100434592,2022,middle,False,4,W4297094719
5100434637,2022,first,False,8,W4281626394
5100434656,2022,last,False,3,W4285489784
5100434708,2022,middle,False,4,W4280510965
5100434820,2021,last,False,8,W3201342367
5100434900,2021,middle,False,3,W3196601925
5100434967,2022,middle,False,6,W4310731563
5100435098,2022,middle,False,3,W4308216321
5100435321,2020,middle,False,14,W3010140913
5100435342,2022,last,False,5,W4299961325
5100435436,2022,last,True,6,W4210598544
5100435467,2022,last,False,2,W4296339409
5100435494,2021,last,False,3,W3168851777
5100435506,2019,last,False,3,W2966485999
5100435582,2021,last,False,3,W3155942419
5100435616,2022,middle,False,13,W3208687975
5100435694,2022,middle,False,12,W4291652457
5100435738,2022,middle,False,6,W4312329375
5100435758,2021,middle,False,6,W4205103391
5100435947,2022,last,False,6,W4293280689
5100436099,2021,middle,True,6,W3157876196
5100436183,2021,last,False,3,W3173658292
5100436186,2022,middle,False,8,W4385573261
5100436188,2022,first,False,6,W4317418688
5100436460,2021,middle,False,9,W3129056955
5100436501,2021,middle,False,3,W3175199633
5100436556,2021,last,False,4,W3201433306
5100436659,2022,middle,False,15,W4224903494
5100436760,2021,last,False,3,W4226209484
5100436848,2021,middle,False,4,W3207343197
5100436977,2022,middle,False,7,W4292216049
5100437201,2022,last,False,3,W4377236658
5100437453,2021,first,False,5,W3126074026
5100437809,2021,first,False,3,W3175345735
5100437870,2022,middle,False,4,W4220661921
5100438045,2022,middle,False,6,W4361020001
5100438119,2022,middle,True,4,W4224923045
5100438237,2021,first,False,9,W3176032431
5100438257,2022,middle,False,9,W4385567471
5100438288,2021,middle,False,6,W4285355386
5100438301,2022,middle,False,6,W4287887943
5100438366,2022,middle,False,5,W4385573456
5100438374,2022,middle,False,3,W3207272747
5100438469,2021,middle,False,18,W3176929804
5100438512,2021,middle,True,4,W3177014032
5100438653,2022,last,False,9,W4225001840
5100438735,2022,middle,False,5,W4296993167
5100438769,2021,last,False,5,W3202218171
5100438838,2022,middle,True,7,W4295064620
5100438942,2021,middle,False,6,W3129824274
5100439331,2022,middle,False,7,W4307291940
5100439332,2021,first,False,2,W3213133474
5100439438,2022,middle,False,6,W4287888319
5100439454,2022,first,False,6,W4385573034
5100439565,2021,last,False,4,W3212274067
5100439571,2021,middle,False,6,W3199982471
5100439639,2021,last,False,5,W3153468025
5100439693,2020,first,False,2,W3114035546
5100439832,2022,middle,False,3,W4385326449
5100439920,2022,middle,False,7,W4287889060
5100440161,2022,last,False,3,W4281755684
5100440277,2020,middle,False,5,W2998186887
5100440326,2021,last,False,4,W3175374354
5100440388,2022,middle,False,3,W4229053728
5100440394,2022,middle,False,5,W4312941963
5100440407,2019,middle,False,4,W2998189980
5100440520,2020,middle,False,4,W3091322135
5100440528,2022,first,False,5,W4385573574
5100440597,2022,first,True,24,W4286488966
5100440642,2022,first,False,2,W4308092837
5100440674,2020,first,False,4,W3014765019
5100440825,2022,middle,False,9,W4226544593
5100440866,2019,first,False,6,W3004179129
5100440903,2019,last,False,5,W2952437275
5100440920,2022,middle,False,12,W4296068592
5100441194,2021,first,False,3,W3197379538
5100441267,2021,middle,False,18,W3176929804
5100441313,2022,middle,False,7,W4281964506
5100441494,2022,last,False,6,W4296442677
5100441646,2021,middle,False,6,W3175892112
5100441863,2022,middle,False,9,W4296025979
5100441911,2021,middle,False,5,W3160851104
5100441933,2022,first,False,9,W4287854428
5100441957,2020,last,False,5,W3036239992
5100442032,2022,middle,False,9,W4385572787
5100442033,2022,middle,False,6,W4317242552
5100442123,2019,last,False,4,W2922442527
5100442175,2022,middle,False,6,W4312251806
5100442192,2022,middle,False,6,W4220853886
5100442218,2022,first,False,6,W4321512646
5100442237,2021,middle,False,5,W3162948689
5100442261,2021,middle,False,5,W3168051837
5100442321,2019,middle,False,6,W3005626333
5100442323,2021,last,False,4,W3212414676
5100442358,2019,first,False,3,W2953553271
5100442770,2022,middle,False,7,W4225296662
5100442777,2021,middle,False,9,W3173322864
5100442877,2021,middle,False,6,W3204287318
5100442950,2021,middle,False,7,W3173175058
5100443158,2022,middle,False,5,W4298397149
5100443173,2021,middle,False,8,W3213148312
5100443189,2021,last,False,5,W3191709143
5100443350,2022,middle,False,7,W4285106403
5100443410,2022,middle,False,7,W4309559560
5100443430,2022,first,False,5,W4312102781
5100443567,2020,last,False,4,W3089706568
5100443578,2022,middle,False,8,W4284688083
5100443727,2022,first,False,6,W4307092689
5100443798,2022,middle,False,4,W4207051253
5100443935,2022,first,True,3,W4281668668
5100444120,2021,last,False,4,W3212440929
5100444156,2021,middle,False,4,W3189270598
5100444161,2022,middle,False,4,W4310609587
5100444537,2022,middle,False,5,W4287888941
5100444790,2022,middle,False,10,W4292828571
5100444832,2022,last,False,2,W4385574120
5100444849,2021,first,False,2,W3126651584
5100445098,2022,first,False,4,W4365130469
5100445125,2020,middle,False,11,W3037624666
5100445279,2021,middle,False,8,W4229452760
5100445368,2022,last,False,3,W4297841880
5100445395,2021,middle,False,4,W3185248528
5100445400,2022,middle,False,6,W4309344490
5100445470,2020,last,False,4,W3040817388
5100445591,2022,last,False,6,W4312881598
5100445744,2022,first,False,3,W4290190359
5100445822,2022,middle,False,5,W4315750549
5100445851,2022,middle,False,7,W4224910062
5100445929,2022,middle,False,6,W4312685580
5100445969,2022,first,False,13,W4226192380
5100446023,2022,middle,False,7,W4312318972
5100446112,2022,first,False,8,W4312658754
5100446666,2019,middle,False,5,W3004264980
5100446781,2021,first,False,9,W3129056955
5100447218,2021,middle,False,7,W4205131770
5100447258,2022,middle,False,6,W4361020071
5100447274,2021,middle,False,5,W3196204467
5100447306,2022,middle,False,14,W4308025419
5100447496,2022,first,False,9,W4220830085
5100447540,2021,last,True,3,W3133057840
5100447633,2019,middle,False,13,W3011949846
5100447669,2022,last,False,5,W4287854380
5100447682,2022,middle,False,9,W4284681867
5100447691,2021,middle,False,25,W3092136498
5100447793,2022,middle,False,4,W4311769512
5100447868,2021,first,False,4,W3172214016
5100447990,2020,middle,False,8,W2997557049
5100448036,2020,last,False,5,W3088752609
5100448121,2021,first,False,6,W3175892112
5100448180,2022,middle,False,6,W4292223319
5100448367,2022,first,False,5,W4214532801
5100448465,2022,middle,False,8,W4285176735
5100448618,2022,middle,False,5,W4293479414
5100448683,2021,middle,False,6,W3213182453
5100448921,2022,middle,False,3,W4385572806
5100449116,2019,middle,False,7,W2984270004
5100449169,2019,middle,False,4,W3015310401
5100449211,2021,middle,False,6,W3175404808
5100449291,2021,middle,False,5,W4206020134
5100449362,2019,middle,False,3,W2972918955
5100449499,2022,middle,False,7,W4301392676
5100449695,2019,first,False,5,W3004302692
5100449712,2022,first,False,12,W3203407300
5100449791,2023,last,False,5,W4386075964
5100449864,2021,first,False,3,W4206916277
5100449952,2021,middle,False,6,W3185095871
5100450299,2021,middle,False,16,W3173295223
5100450333,2022,middle,False,6,W4225642295
5100450359,2022,last,False,5,W4285137064
5100450470,2022,middle,False,6,W4281787155
5100450579,2019,middle,False,7,W2970716846
5100450580,2021,first,False,4,W3170551880
5100450593,2019,middle,False,3,W3009141984
5100450914,2020,first,False,5,W3015723617
5100450967,2020,middle,False,8,W3098068947
5100450972,2021,middle,False,5,W3209773571
5100451141,2022,middle,False,11,W4312563428
5100451204,2022,middle,False,6,W4284692156
5100451269,2022,middle,False,5,W4285309825
5100451327,2022,middle,False,7,W3214192224
5100451523,2020,middle,False,11,W3116407756
5100451538,2021,last,False,6,W3160667972
5100451576,2020,middle,False,8,W3112302456
5100451602,2022,middle,False,9,W4298633873
5100451610,2022,middle,False,9,W4385573192
5100451689,2021,first,False,3,W3205661242
5100451783,2022,middle,False,8,W4289874531
5100451786,2020,first,False,10,W3104330316
5100451980,2022,first,False,6,W4226151502
5100452292,2022,first,True,1,W4301184340
5100452308,2022,middle,False,8,W4285285977
5100452337,2022,middle,False,11,W4296832031
5100452477,2021,middle,False,7,W3176824248
5100452550,2020,last,False,3,W3128510757
5100452630,2022,middle,False,6,W4296100810
5100452945,2021,middle,False,9,W3129056955
5100452962,2022,last,False,2,W4328027206
5100452974,2019,last,False,3,W2909205211
5100453075,2022,middle,False,3,W4283811196
5100453403,2022,first,False,5,W4285175402
5100453458,2020,middle,False,5,W3047144459
5100453495,2021,first,False,5,W3168420886
5100454052,2022,middle,False,4,W4312244595
5100454100,2021,middle,False,4,W3138389337
5100454135,2022,middle,False,8,W4318148223
5100454170,2021,middle,True,5,W3200874137
5100454179,2021,middle,False,8,W3185244911
5100454211,2020,middle,False,4,W3132983178
5100454306,2022,first,True,1,W4311227522
5100454438,2022,middle,False,3,W4297685260
5100454481,2022,middle,False,7,W4282959781
5100454513,2022,middle,False,7,W4287888726
5100454693,2022,middle,False,4,W4283791551
5100454834,2022,first,False,3,W4285249194
5100454966,2021,middle,False,7,W4231122779
5100454985,2021,middle,False,8,W3212944133
5100454986,2022,middle,False,7,W4287887231
5100455048,2022,first,False,6,W4361020071
5100455112,2021,last,False,3,W3174076858
5100455129,2022,last,False,4,W4385573765
5100455135,2018,last,False,3,W2810397803
5100455138,2022,last,False,3,W3198523333
5100455171,2022,first,False,6,W4312339891
5100455290,2021,middle,False,8,W3118630706
5100455376,2019,first,False,2,W2949276121
5100455386,2020,middle,False,4,W2997588435
5100455413,2022,first,False,6,W4226394973
5100455502,2021,middle,False,8,W3201370574
5100455531,2022,middle,False,4,W4309374292
5100455542,2022,first,False,4,W4365800510
5100455569,2021,last,False,3,W3210142148
5100455676,2021,middle,False,3,W3212490746
5100455768,2022,middle,False,6,W3096403953
5100455788,2022,middle,False,3,W4312538931
5100455805,2020,middle,False,5,W3034797437
5100456041,2020,first,False,6,W3082424964
5100456083,2021,middle,False,7,W3168834895
5100456144,2021,middle,False,5,W3209316667
5100456210,2022,first,False,3,W4294676509
5100456229,2021,middle,False,6,W3204846429
5100456365,2022,middle,False,7,W4296983878
5100456377,2021,first,False,5,W3173188814
5100456636,2021,middle,False,8,W3118668786
5100456654,2021,middle,False,5,W3217005823
5100456723,2020,middle,False,6,W3120749277
5100456776,2021,last,False,7,W3167926051
5100456847,2020,middle,False,7,W3035490055
5100456913,2020,middle,False,6,W3021887096
5100456968,2022,middle,False,7,W4311448413
5100456986,2021,last,False,6,W3208132107
5100457144,2022,last,False,6,W4312382936
5100457246,2021,first,False,5,W3168480603
5100457290,2022,first,False,5,W4312956100
5100457293,2021,middle,False,7,W3167450463
5100457332,2020,middle,False,6,W2998579922
5100457556,2022,first,False,3,W4319586585
5100457571,2021,middle,False,4,W3198275944
5100457881,2022,middle,False,6,W4287891157
5100458008,2021,first,False,5,W3118237457
5100458031,2022,first,False,10,W4287890458
5100458125,2022,middle,False,8,W4289874531
5100458193,2022,middle,False,8,W4385573799
5100458288,2022,middle,False,10,W4313130906
5100458319,2020,first,False,6,W3096150021
5100458354,2019,middle,False,6,W3016781606
5100458530,2021,middle,False,6,W4230636291
5100458737,2022,middle,False,6,W4385573848
5100458789,2020,middle,False,8,W3035419191
5100458818,2022,first,False,8,W4283805255
5100458897,2021,middle,False,7,W3167926051
5100459073,2022,middle,False,4,W4312966653
5100459168,2020,middle,True,5,W3036362489
5100459318,2022,middle,False,9,W4313334122
5100459390,2022,middle,True,11,W4210386084
5100459445,2022,middle,False,7,W4312624272
5100459588,2020,middle,False,4,W3104254968
5100459627,2020,middle,False,7,W2997645422
5100459666,2022,middle,False,5,W4295434409
5100459760,2022,middle,False,4,W4360996029
5100459801,2021,last,True,9,W3187248639
5100459808,2021,middle,False,5,W4200098147
5100459811,2022,last,True,5,W4311631201
5100459915,2021,last,False,2,W3215955833
5100459985,2022,last,False,6,W4312293024
5100460096,2022,middle,False,8,W4285285977
5100460139,2021,middle,False,7,W3161959914
5100460199,2022,middle,False,9,W4313468495
5100460206,2020,first,False,4,W2985076077
5100460319,2022,last,False,3,W4298156464
5100460378,2022,middle,False,11,W4385573970
5100460385,2021,middle,False,4,W3173956867
5100460439,2021,last,False,2,W3216159635
5100460539,2022,middle,False,3,W4213425661
5100460560,2021,middle,False,4,W4226478928
5100461051,2021,last,False,2,W3211135382
5100461083,2022,middle,False,3,W4315777863
5100461181,2022,middle,False,12,W4311863320
5100461225,2021,middle,False,5,W3175904109
5100461265,2021,middle,False,4,W3180733313
5100461526,2022,first,False,5,W4308993050
5100461596,2022,last,False,2,W4225105047
5100461634,2022,first,False,6,W4366517598
5100461783,2020,first,False,8,W3106241909
5100461813,2022,middle,False,6,W4288064589
5100461895,2022,middle,False,6,W4296070216
5100461963,2022,first,True,1,W4312756810
5100461968,2022,first,False,4,W4283819412
5100462010,2022,last,False,5,W4316924423
5100462079,2022,first,False,4,W4375809650
5100462264,2022,middle,False,5,W4309226070
5100462313,2020,last,False,3,W3120720763
5100462314,2022,middle,False,5,W4281566391
5100462338,2019,middle,False,4,W2970421697
5100462347,2021,middle,False,3,W3171930393
5100462716,2022,last,False,3,W4385573750
5100462845,2021,middle,False,4,W3165388099
5100462890,2021,middle,False,4,W3133979110
5100463037,2020,middle,False,3,W3186133614
5100463044,2021,middle,False,7,W3156559819
5100511737,2022,middle,False,9,W4224878657
5100517563,2022,middle,False,6,W4287888660
5100518685,2022,first,False,3,W4287887193
5100520423,2019,last,False,3,W2952659073
5100524189,2021,first,False,3,W3121716885
5100524730,2021,middle,False,3,W4214583587
5100525782,2022,middle,False,6,W4287888044
5100527540,2022,first,False,4,W3204232669
5100528960,2022,middle,False,7,W4287888726
5100529011,2022,middle,False,6,W4312301659
5100533708,2022,middle,False,4,W4225163014
5100533815,2020,last,False,6,W3094243077
5100535954,2021,middle,False,5,W3212193424
5100537874,2022,middle,True,5,W4308211562
5100539121,2022,middle,False,11,W4200631540
5100540046,2022,last,False,4,W4292794484
5100542783,2022,middle,False,7,W4360996992
5100547702,2019,last,False,11,W2972437240
5100552334,2022,last,False,4,W4317418851
5100554078,2022,middle,False,7,W4292852496
5100562744,2022,middle,False,6,W4283797210
5100564229,2022,middle,False,5,W4224095956
5100566162,2022,middle,False,4,W4320060335
5100567314,2022,middle,False,4,W4296772919
5100567599,2022,middle,False,7,W4389009528
5100567689,2022,middle,False,3,W4226025958
5100567767,2022,middle,False,6,W4285236565
5100568265,2022,first,False,5,W4221144473
5100569935,2022,middle,False,7,W4285252223
5100571568,2022,first,False,4,W4226340322
5100574374,2022,middle,False,7,W4287854398
5100575649,2020,first,False,3,W3117247249
5100579780,2022,middle,False,4,W4292230922
5100582950,2021,middle,False,4,W3177239031
5100584365,2022,first,False,2,W4281387825
5100599217,2022,middle,False,4,W4200629408
5100599222,2020,middle,False,4,W3034503989
5100599309,2022,middle,False,7,W4362647183
5100599446,2022,middle,False,5,W4226403411
5100599483,2022,middle,False,4,W4281384899
5100599624,2021,middle,False,5,W3175095612
5100599811,2021,last,True,2,W3207623777
5100599890,2022,first,False,4,W4385574353
5100600271,2021,middle,False,9,W3137401156
5100600532,2022,last,False,5,W4309229667
5100600701,2019,middle,False,5,W2970463839
5100600726,2022,middle,False,11,W4385573863
5100600807,2022,middle,False,5,W4296591867
5100600887,2020,first,False,9,W3037190798
5100600905,2021,middle,False,11,W3189205905
5100601932,2022,middle,False,3,W4288039132
5100602151,2022,middle,False,12,W3203407300
5100602280,2020,middle,False,5,W3110623878
5100602723,2020,middle,False,4,W3000521887
5100602787,2022,middle,False,13,W4281569374
5100602872,2020,middle,False,6,W2998579922
5100602962,2022,first,False,9,W4385573342
5100602986,2020,first,False,6,W3105510767
5100603005,2022,middle,False,7,W4304197316
5100603146,2021,middle,True,4,W3118681031
5100603173,2022,first,False,6,W3186518286
5100603177,2021,last,False,4,W3213250563
5100603325,2022,middle,False,8,W4297142486
5100603551,2022,middle,False,8,W4281626394
5100603554,2021,middle,False,6,W4230597592
5100603706,2022,first,False,2,W4285211543
5100603707,2020,first,False,4,W3117339789
5100603795,2022,middle,False,5,W4296437323
5100603882,2022,first,False,4,W4226441243
5100603979,2021,last,False,5,W3210003094
5100604267,2018,middle,False,5,W4289753644
5100604396,2021,middle,False,6,W3211536513
5100604564,2021,middle,False,6,W3204887981
5100604639,2022,last,True,3,W4291008068
5100604751,2021,first,False,4,W3138389337
5100604886,2021,middle,False,9,W3161106623
5100604927,2022,middle,False,7,W4312523625
5100605052,2022,middle,False,3,W4385573688
5100605099,2023,middle,False,7,W4388517839
5100605235,2022,last,False,6,W4310731563
5100605358,2021,first,False,5,W3207409354
5100605447,2020,middle,False,7,W3089691460
5100605822,2020,middle,False,4,W3014475539
5100605886,2020,middle,False,4,W3105203922
5100605911,2022,middle,False,4,W4304098627
5100605963,2020,first,False,2,W3128823053
5100606021,2022,first,False,6,W4296340313
5100606147,2021,first,False,5,W3207967731
5100606266,2022,last,False,6,W4308234147
5100606496,2019,last,False,3,W2969519670
5100606562,2021,middle,False,8,W3163366132
5100606641,2020,first,False,4,W3004437357
5100606646,2021,middle,False,3,W3174602460
5100606824,2021,middle,False,9,W3169113923
5100606826,2022,middle,False,5,W4385573363
5100606833,2021,middle,False,3,W4210775492
5100606954,2021,middle,False,17,W4200213155
5100606995,2020,last,False,4,W3030056709
5100607215,2020,last,False,3,W3016107769
5100607256,2021,middle,False,5,W3168480603
5100607421,2020,first,False,5,W3154095814
5100607638,2022,middle,False,9,W4281772885
5100607748,2021,first,False,3,W3139450269
5100608154,2020,middle,False,4,W3081154351
5100608283,2021,first,False,3,W3191444546
5100608938,2021,first,False,5,W3175560839
5100609001,2022,middle,False,5,W4312956100
5100609156,2021,first,False,7,W3185516053
5100609339,2022,last,True,3,W4313443012
5100609535,2019,first,False,5,W3028261564
5100609747,2021,middle,False,7,W3177494466
5100609882,2019,middle,False,5,W3010949594
5100610450,2021,last,False,4,W3174935611
5100610816,2022,middle,False,9,W4283689921
5100610894,2022,first,False,6,W4327782057
5100611135,2020,middle,True,4,W3087974299
5100611147,2021,middle,False,5,W3161554672
5100611243,2019,first,False,8,W2970723181
5100611571,2019,first,False,5,W2970482702
5100611594,2019,last,False,5,W3028261564
5100611801,2022,last,False,2,W4311655406
5100612008,2020,middle,False,8,W3035309733
5100612123,2019,middle,False,9,W2961575557
5100612161,2022,middle,False,10,W4385573170
5100612721,2021,last,False,2,W3216902470
5100612749,2022,middle,False,6,W4385573532
5100612833,2021,first,False,2,W3211777899
5100612949,2022,middle,False,6,W4282924213
5100612957,2021,first,True,1,W3216224083
5100613279,2022,middle,False,9,W4229023828
5100613382,2020,first,False,5,W3035052826
5100613413,2021,first,False,4,W3171528420
5100613491,2022,middle,False,6,W3213233983
5100613522,2022,last,False,5,W4308643054
5100613833,2020,middle,False,8,W3125162620
5100614000,2022,middle,True,6,W3135485589
5100614087,2022,middle,False,4,W4308426163
5100614407,2022,middle,False,8,W4285601618
5100614460,2021,first,False,7,W3160843161
5100614748,2020,first,False,5,W3015412890
5100614771,2020,middle,False,4,W3089072720
5100614820,2021,last,False,5,W3127056209
5100614868,2021,first,False,3,W3160706740
5100615025,2022,middle,False,9,W4285164445
5100615438,2022,middle,False,5,W4224209589
5100615518,2019,middle,False,5,W3010949594
5100616043,2022,first,False,6,W3216710290
5100616471,2022,last,False,4,W4224923045
5100616488,2022,first,False,6,W4281263016
5100616495,2019,middle,False,6,W3004844052
5100616524,2020,middle,False,3,W3101345273
5100616676,2021,last,True,5,W3165244476
5100616715,2021,first,False,2,W3183472812
5100616757,2022,middle,False,6,W3160974509
5100616997,2022,middle,False,4,W4286541435
5100617027,2022,middle,False,7,W4287890941
5100617145,2020,middle,False,9,W4285751616
5100618158,2022,first,False,5,W4223608052
5100618357,2021,middle,False,5,W3134486524
5100618695,2021,last,True,4,W4206294074
5100618738,2019,middle,True,3,W2949845972
5100618900,2021,last,False,14,W3172695159
5100619178,2022,middle,False,7,W4226120743
5100619237,2022,middle,False,7,W4225580830
5100619255,2021,middle,False,6,W3201511955
5100619435,2021,first,False,10,W3087028093
5100619568,2019,last,False,5,W3002784191
5100620082,2020,last,False,3,W3046059204
5100620206,2022,middle,False,5,W3205316472
5100620230,2020,last,True,2,W3114942813
5100620250,2022,middle,False,5,W4318147475
5100620300,2020,middle,False,6,W3102378333
5100620750,2021,middle,False,9,W3163842642
5100621400,2022,last,False,6,W4312959439
5100621522,2020,middle,False,6,W3054905649
5100621605,2022,middle,False,6,W4313071966
5100621657,2020,last,True,2,W3111125993
5100622097,2021,last,False,6,W3213182453
5100622133,2022,middle,False,6,W4287889324
5100622412,2022,middle,False,7,W4385572715
5100622590,2021,middle,False,8,W3175542978
5100622632,2020,middle,False,5,W3035317912
5100622671,2020,last,False,6,W3034956542
5100622891,2022,first,False,5,W3214374241
5100622912,2022,first,False,3,W4226025958
5100623015,2022,last,False,6,W4385573128
5100623107,2019,middle,False,7,W2986836624
5100623260,2021,middle,False,11,W3161489373
5100623508,2021,middle,False,4,W3177976085
5100624096,2021,middle,False,9,W3176683285
5100624320,2022,middle,False,8,W4361020108
5100624323,2022,middle,True,6,W4313287653
5100624451,2022,middle,False,6,W4308083911
5100624455,2021,first,False,6,W3164692279
5100624648,2021,middle,False,7,W3113908264
5100624668,2020,middle,False,14,W3101223450
5100624743,2022,middle,False,7,W4221167637
5100624769,2021,last,False,2,W3183568213
5100624802,2022,middle,False,6,W4312685580
5100625024,2020,last,False,3,W3126655516
5100625050,2022,last,False,2,W4293519067
5100625089,2021,middle,False,5,W4205586222
5100625144,2021,first,True,3,W3168398215
5100625168,2021,last,False,2,W4200383918
5100625367,2022,first,False,14,W4308025419
5100625512,2022,middle,False,11,W4221021785
5100625514,2021,middle,False,10,W3173316665
5100625770,2021,first,True,4,W3186738407
5100626026,2021,first,False,4,W3176009285
5100626035,2022,middle,False,10,W4285428325
5100626273,2021,middle,False,6,W3122275974
5100626335,2021,middle,False,8,W3129895333
5100626390,2022,first,False,7,W4308922124
5100626406,2020,last,False,6,W3114725666
5100626771,2020,last,False,6,W3100133897
5100626793,2022,first,False,4,W4385573317
5100627101,2022,last,False,3,W4385270576
5100627504,2019,last,False,4,W2970454332
5100627572,2020,middle,False,6,W3100053428
5100627646,2021,middle,False,4,W3176198948
5100627880,2019,middle,False,4,W2922442527
5100628094,2021,middle,False,5,W3201241024
5100628151,2021,first,False,4,W3212786531
5100628298,2022,last,False,2,W4224216710
5100628689,2022,middle,False,8,W4226208236
5100628752,2021,middle,False,6,W3163339651
5100629036,2022,middle,False,5,W4229453513
5100629112,2022,last,False,4,W4360995939
5100629119,2022,middle,False,5,W4285271805
5100629240,2021,last,False,5,W4200346460
5100629585,2022,middle,True,5,W4281262623
5100629700,2022,middle,False,6,W4206722835
5100629858,2022,first,False,2,W4283791994
5100629957,2021,middle,True,3,W3196301314
5100630868,2021,middle,False,6,W3204085121
5100631017,2022,middle,False,7,W4213016094
5100631018,2022,middle,False,5,W3198064221
5100631152,2019,first,False,10,W2970390493
5100631225,2020,first,False,3,W3098469895
5100631230,2020,first,False,4,W3037439385
5100631239,2021,last,False,3,W4200044348
5100631521,2022,middle,False,7,W4312854774
5100631950,2021,first,False,7,W3166728103
5100632772,2019,first,False,4,W2987432247
5100632994,2022,first,False,4,W4315694963
5100633086,2021,middle,False,6,W3121689374
5100633263,2019,middle,False,4,W2998298207
5100633310,2019,last,False,5,W2970320848
5100633345,2020,first,False,4,W3087974299
5100633553,2021,last,False,7,W3172429379
5100633661,2022,middle,False,5,W4280503046
5100634221,2021,first,False,4,W4210586753
5100634253,2022,middle,False,4,W4312068981
5100634374,2022,middle,False,8,W4293196257
5100634486,2020,last,False,8,W3130911940
5100634524,2020,last,False,3,W3116864188
5100634906,2022,last,False,6,W4385573652
5100634946,2022,last,False,5,W4312796107
5100635252,2021,middle,True,8,W3216056172
5100635294,2022,last,False,5,W4221155442
5100635306,2020,first,False,4,W3081073185
5100635330,2022,last,True,3,W4290078996
5100635655,2022,middle,False,11,W4285257396
5100635807,2020,middle,False,3,W3022955783
5100635998,2022,first,False,4,W4280574137
5100636012,2021,last,False,6,W3121689374
5100636075,2021,first,False,2,W4226232660
5100636115,2022,middle,False,4,W4297514003
5100636142,2022,middle,False,6,W4292973282
5100636286,2021,middle,False,12,W3158873112
5100636291,2021,middle,False,14,W3172695159
5100636363,2022,middle,False,4,W4309675763
5100636631,2021,middle,False,3,W3168620925
5100636792,2022,middle,False,15,W4385574075
5100637055,2021,last,False,10,W4205340316
5100637735,2022,middle,False,6,W4223926712
5100637877,2020,middle,False,6,W3003943678
5100638159,2022,middle,True,6,W4287889990
5100638293,2021,first,False,6,W3199890931
5100638657,2021,middle,False,4,W4205335788
5100638721,2021,middle,False,5,W3133470599
5100638907,2022,first,False,10,W4207068766
5100638959,2021,middle,False,4,W3193120685
5100639051,2021,middle,False,7,W3166728103
5100639398,2021,last,False,5,W3127871806
5100639522,2021,middle,False,7,W3177335066
5100639601,2020,middle,False,8,W3014961314
5100639668,2022,last,False,4,W4309270060
5100639988,2021,last,False,4,W3162285303
5100640524,2019,last,False,5,W2983735660
5100640624,2021,middle,False,23,W3190761184
5100640942,2020,middle,True,3,W3035272542
5100640998,2021,middle,False,5,W3172475066
5100641095,2022,middle,False,5,W4312834202
5100641120,2021,last,False,4,W3173032467
5100641142,2020,last,False,2,W3080254470
5100641350,2022,first,False,6,W4312965142
5100641549,2019,middle,False,4,W2985750080
5100641626,2022,first,False,2,W4285273149
5100641664,2022,middle,False,8,W4221157571
5100641683,2021,middle,False,10,W4200632007
5100641761,2021,middle,False,3,W3209798173
5100642147,2022,last,False,6,W4317242552
5100642749,2020,middle,False,3,W3032752329
5100642899,2019,middle,False,5,W3002784191
5100643095,2022,middle,False,6,W4298009900
5100643097,2021,middle,False,7,W3163343414
5100643098,2021,middle,True,7,W3208818243
5100643102,2021,middle,False,9,W4229963817
5100643225,2020,middle,False,4,W3113844205
5100643353,2020,middle,True,3,W3096848254
5100643560,2022,middle,False,8,W4226174273
5100643561,2022,middle,False,8,W4385573799
5100643582,2021,first,False,5,W3205272809
5100643588,2022,middle,False,7,W4221151441
5100643784,2021,middle,False,4,W3175737519
5100644428,2022,last,False,6,W4385573848
5100644546,2022,first,False,3,W4310608760
5100645484,2022,middle,False,5,W4285269190
5100645665,2022,middle,False,4,W4300054614
5100645705,2022,middle,False,3,W4297841880
5100646502,2021,middle,False,6,W3122818000
5100646618,2021,middle,False,11,W4206487888
5100646694,2019,middle,False,3,W2990486004
5100646875,2022,first,False,2,W4318147991
5100647025,2022,last,False,3,W4210874635
5100647244,2022,last,False,2,W4311164549
5100647402,2019,first,False,5,W2950739345
5100647471,2021,last,False,2,W3211185154
5100647986,2021,first,False,4,W3170488061
5100648014,2022,first,False,4,W4297841677
5100648031,2022,middle,True,4,W4283586528
5100648047,2021,middle,False,4,W3215143984
5100648261,2022,middle,True,8,W4214808100
5100648437,2022,middle,False,4,W4312525742
5100648538,2022,first,False,9,W4226544593
5100648540,2020,middle,False,7,W3089691460
5100648774,2022,middle,False,6,W4229044847
5100648910,2020,last,False,4,W3102606411
5100648981,2021,middle,False,5,W3204484221
5100649746,2021,middle,False,5,W3204179985
5100649842,2020,middle,False,24,W3102483398
5100649898,2021,middle,False,6,W3200808010
5100649987,2020,first,False,6,W3096315765
5100650023,2021,first,False,8,W3204619801
5100650289,2022,middle,False,7,W4221015778
5100650731,2022,middle,False,8,W4385567273
5100651027,2021,middle,True,6,W3198459947
5100651061,2022,first,False,10,W4385574217
5100651136,2021,middle,False,6,W3176892444
5100651179,2021,first,False,5,W3119414542
5100651213,2021,middle,False,9,W3169113923
5100651384,2020,last,False,8,W2996806984
5100651417,2020,first,False,6,W3034328552
5100651510,2020,first,False,2,W3116646283
5100651524,2022,middle,False,6,W4287888319
5100651614,2022,middle,False,3,W4296363324
5100651939,2022,middle,True,8,W4281729944
5100652040,2021,middle,False,5,W3022239487
5100652355,2022,first,True,1,W4285179909
5100652475,2020,first,False,4,W3091322135
5100652476,2021,first,False,4,W3169965252
5100652818,2020,first,False,3,W3111759648
5100652974,2021,middle,False,5,W3174995573
5100653058,2020,middle,False,5,W3046591420
5100653535,2021,middle,False,4,W3157867677
5100653626,2021,middle,False,12,W3202043691
5100653715,2021,middle,False,6,W3174328218
5100653942,2022,first,False,3,W4312508610
5100654056,2019,middle,False,6,W3004954712
5100654122,2022,first,False,9,W3138081324
5100654161,2022,middle,False,10,W4286491305
5100654237,2022,last,True,5,W4296394147
5100654380,2021,middle,False,6,W3161465675
5100654390,2022,middle,False,9,W4200631318
5100654633,2020,first,False,4,W3034323081
5100654790,2022,first,False,6,W4312844731
5100655132,2021,middle,False,7,W3189967866
5100655139,2022,first,True,1,W4305014598
5100655167,2019,middle,False,4,W3006513641
5100655628,2021,middle,False,7,W4226065821
5100655691,2022,first,False,5,W4385572826
5100656391,2020,first,True,1,W3103385281
5100656463,2020,middle,False,7,W3034266838
5100656932,2021,middle,False,6,W3161465675
5100657035,2019,middle,False,6,W2971039193
5100657083,2020,middle,False,4,W3200117722
5100657211,2020,first,False,5,W3106306852
5100657451,2021,last,True,2,W3172097791
5100657513,2022,middle,False,5,W4225166070
5100657514,2019,middle,False,8,W2971060546
5100657565,2020,last,False,3,W3198300102
5100657624,2022,middle,False,5,W4312829973
5100657764,2022,last,True,2,W4313420457
5100657921,2022,first,False,10,W4286566368
5100658217,2020,middle,False,13,W3105763789
5100658700,2022,middle,False,5,W4385573460
5100658705,2021,last,False,6,W4200359811
5100659210,2022,middle,False,6,W4312550429
5100659212,2022,last,False,4,W4385573227
5100659331,2020,middle,False,6,W3115283946
5100659445,2020,first,True,3,W3115334716
5100659515,2021,middle,False,7,W3173151551
5100659565,2022,middle,False,3,W4309997703
5100659889,2021,last,False,3,W4210300724
5100660341,2022,last,False,4,W4328028672
5100660581,2022,middle,True,5,W4309103398
5100660669,2021,first,False,7,W3167450463
5100660724,2021,first,False,4,W4285336602
5100661274,2021,last,False,5,W3212292329
5100661305,2022,middle,False,7,W4361733032
5100661401,2022,middle,False,4,W4281640083
5100661546,2022,last,False,2,W4328027241
5100662025,2022,first,True,1,W4285221823
5100662054,2019,first,False,5,W3006183529
5100662187,2022,middle,False,3,W4297841405
5100662807,2022,middle,False,13,W4298009285
5100663187,2019,middle,False,7,W2974381047
5100663435,2022,first,False,6,W4293518656
5100663938,2021,middle,False,6,W3211959704
5100664157,2021,first,False,2,W3212748587
5100664164,2021,middle,False,24,W3170806096
5100664237,2022,middle,False,11,W4286267600
5100664416,2019,middle,False,5,W2988294541
5100664729,2020,last,False,3,W3106007100
5100664853,2022,first,False,4,W4385573814
5100665053,2022,last,False,8,W4312658754
5100665356,2022,middle,True,8,W4288367246
5100665461,2022,middle,False,5,W4295950315
5100665770,2020,first,False,3,W3034649151
5100665814,2019,last,False,4,W2971033911
5100665863,2022,first,False,3,W4385573569
5100665980,2020,first,False,4,W3035393249
5100665987,2022,first,False,7,W4285242045
5100666307,2022,middle,False,6,W3165168781
5100666890,2021,first,True,2,W3207623777
5100666897,2020,middle,False,6,W3098295417
5100666922,2022,middle,False,4,W4385573906
5100667025,2022,middle,False,8,W4385573325
5100667045,2022,middle,False,25,W4225307083
5100667153,2021,middle,False,6,W3215845947
5100667253,2022,last,False,4,W4323521268
5100667257,2021,middle,False,4,W4319781694
5100667287,2021,middle,False,6,W3199982471
5100667303,2021,middle,False,7,W4214701208
5100667386,2020,middle,False,4,W3132183265
5100667547,2022,middle,False,4,W4312802610
5100667602,2020,middle,False,6,W2997429021
5100667626,2021,middle,False,7,W3167329294
5100667665,2020,middle,False,9,W3112315235
5100667697,2022,middle,False,4,W4220705701
5100667698,2022,first,False,4,W4220705701
5100668108,2022,middle,False,9,W4385572999
5100668121,2020,middle,True,7,W3034707327
5100668340,2021,last,False,3,W4210331258
5100668564,2022,last,False,6,W4312468670
5100668696,2022,middle,False,4,W4312283073
5100668786,2020,middle,False,8,W3037217495
5100668966,2021,last,False,5,W3151309757
5100669162,2022,middle,False,4,W4223926364
5100669226,2022,first,False,5,W4213224931
5100669242,2020,middle,False,4,W3027560576
5100669255,2019,last,False,6,W3001573813
5100669304,2021,middle,True,8,W3200435005
5100669433,2021,middle,False,6,W3149762969
5100669485,2022,middle,False,7,W4283771593
5100669565,2021,first,False,6,W3048835936
5100669705,2021,middle,False,5,W3213294137
5100670005,2021,last,True,2,W3206875759
5100670025,2022,middle,False,7,W4312926441
5100670084,2022,middle,False,5,W4297461942
5100670130,2022,middle,False,6,W4315836526
5100670350,2022,last,True,5,W4385573363
5100670397,2022,last,False,7,W4385573332
5100670527,2022,first,False,5,W4282963749
5100670646,2022,last,False,4,W4385572921
5100670647,2022,last,False,4,W4283586528
5100670772,2021,last,False,3,W4206677374
5100670842,2022,middle,False,5,W4285307137
5100670911,2021,first,False,4,W3213889377
5100670947,2022,middle,False,5,W4312359569
5100671119,2022,middle,False,24,W4318603275
5100671177,2022,middle,False,11,W4229034605
5100671241,2019,middle,False,5,W2983772459
5100671324,2020,last,False,4,W2985076077
5100671422,2022,first,False,2,W4206484811
5100671881,2020,middle,False,3,W3104237552
5100671886,2021,middle,False,4,W3208655822
5100672202,2022,middle,False,5,W4291653107
5100672246,2022,first,False,2,W4366966678
5100672557,2019,middle,False,6,W2980527125
5100672590,2022,last,False,6,W4292973033
5100672722,2019,middle,False,3,W3008422888
5100672985,2021,first,False,6,W3179897446
5100673041,2022,middle,False,4,W4361733617
5100673104,2022,middle,False,6,W4313525562
5100673513,2021,middle,False,8,W4285327206
5100673526,2022,middle,False,17,W4285250921
5100673639,2020,middle,False,6,W3097517997
5100673719,2020,middle,False,6,W3099911888
5100673949,2020,middle,False,3,W3022269110
5100674029,2020,first,False,5,W3024507639
5100674551,2022,first,False,6,W4221155452
5100674823,2022,last,True,10,W4308922056
5100674834,2022,middle,False,6,W4296339440
5100675045,2020,first,False,5,W3114773499
5100675165,2021,last,False,6,W3198939366
5100675170,2022,first,False,2,W4385573992
5100675544,2021,middle,False,6,W3209174365
5100675587,2022,middle,False,6,W4385573576
5100675623,2021,first,True,2,W3195782437
5100675816,2021,middle,False,6,W4205156487
5100676202,2021,middle,False,5,W3213294137
5100676208,2022,last,False,3,W4310009594
5100676625,2021,first,False,3,W3191406681
5100676785,2020,middle,False,5,W3035193825
5100676786,2019,last,False,5,W2970601365
5100677178,2022,middle,False,4,W4294672496
5100677198,2019,middle,False,9,W2987241137
5100677392,2021,last,False,3,W3214579985
5100677409,2021,middle,False,6,W3180029035
5100677416,2019,middle,False,4,W3011414032
5100677480,2021,middle,False,5,W3162044134
5100677516,2021,middle,False,6,W3176913510
5100677785,2021,last,True,2,W3200062715
5100677816,2022,first,False,5,W4312537149
5100678368,2021,first,False,5,W4285357508
5100678562,2021,middle,False,8,W3173220247
5100678580,2022,middle,False,4,W4328028632
5100678739,2022,first,False,6,W4312305214
5100679042,2019,middle,False,7,W2972677740
5100679090,2021,middle,False,5,W3177271687
5100679181,2020,first,False,4,W3099132737
5100679241,2019,middle,False,3,W2982784916
5100679496,2020,middle,False,6,W3119888661
5100679808,2020,middle,False,5,W3040342228
5100680278,2022,last,False,3,W4312538931
5100680344,2022,first,False,6,W4293582966
5100680399,2022,middle,False,10,W4224313754
5100680423,2019,last,False,6,W2970169521
5100680672,2021,middle,False,4,W3167241034
5100680995,2020,first,False,4,W3116567268
5100681110,2021,middle,False,4,W3214634826
5100681200,2021,first,False,3,W3185253879
5100681379,2021,middle,False,6,W4213229048
5100681428,2021,middle,False,4,W3157029757
5100681741,2020,middle,False,9,W3112315235
5100682032,2019,middle,False,7,W2974381047
5100682480,2022,last,True,11,W4294597159
5100683044,2020,first,False,4,W3011594683
5100683174,2022,middle,False,4,W4310552918
5100683340,2021,last,False,3,W3193038511
5100683466,2020,middle,False,6,W3130644246
5100683620,2020,middle,False,6,W3099206682
5100683740,2022,middle,False,22,W4286512643
5100683815,2022,first,False,4,W4283751459
5100683953,2021,middle,False,5,W3199704160
5100684116,2022,middle,False,9,W4385574046
5100684422,2021,last,False,5,W4226337077
5100684459,2019,middle,False,4,W2989523826
5100684469,2022,last,False,4,W4311769512
5100685292,2022,middle,True,11,W4294578455
5100685553,2021,first,False,5,W3174730471
5100685884,2021,middle,False,12,W3158873112
5100685995,2020,first,False,3,W3127337797
5100686044,2022,middle,False,6,W4224925038
5100686415,2020,last,False,4,W3096178292
5100686442,2022,first,False,4,W4313413340
5100687053,2022,middle,False,16,W4312799098
5100687159,2019,last,False,3,W2979835384
5100687200,2022,middle,False,4,W3210380065
5100687323,2020,last,False,3,W3128376221
5100688422,2021,middle,False,5,W4206660322
5100688448,2022,middle,False,6,W4315750526
5100688934,2020,middle,False,6,W3032732585
5100689058,2019,middle,False,4,W2884574958
5100689068,2022,middle,False,6,W4366308287
5100689084,2022,last,False,2,W4361732123
5100689142,2022,middle,False,9,W4385572754
5100689167,2021,last,False,4,W4206657811
5100689247,2021,first,False,4,W3183684358
5100689468,2021,middle,False,7,W3217463528
5100689574,2021,middle,False,6,W3161825643
5100690274,2019,middle,False,7,W2965497726
5100690430,2022,middle,False,4,W4281656839
5100690532,2020,middle,False,5,W3114544027
5100690938,2022,first,False,4,W4385573541
5100691022,2022,first,False,7,W4283745191
5100691089,2022,middle,False,8,W4221157571
5100691219,2021,middle,False,7,W3176765152
5100691337,2022,first,True,4,W4207051253
5100691610,2021,last,False,4,W3176142035
5100691613,2020,middle,False,5,W3113710448
5100691702,2020,middle,False,6,W3116417218
5100692320,2021,middle,False,4,W4206657811
5100692616,2022,last,False,8,W4385572975
5100692679,2022,middle,False,9,W3169575272
5100692904,2021,middle,False,8,W3175637107
5100693002,2022,first,False,6,W4223889796
5100693197,2022,last,False,6,W4285414077
5100693435,2019,middle,False,4,W3008703798
5100693798,2021,middle,False,6,W3184516261
5100693880,2020,middle,True,3,W3117346838
5100694029,2022,middle,False,5,W4309686379
5100694080,2021,last,False,6,W4206509300
5100694181,2021,middle,False,4,W3199258432
5100694267,2021,middle,False,4,W3160439235
5100694435,2021,middle,False,8,W3175283974
5100694459,2020,middle,False,3,W3178786138
5100694498,2022,middle,False,11,W4287854423
5100694558,2021,middle,False,3,W3130696527
5100694806,2021,middle,False,5,W3178755335
5100694948,2022,first,False,6,W4385574084
5100695128,2022,middle,False,11,W4200631540
5100695163,2022,first,False,4,W4312522056
5100695181,2021,middle,False,6,W3173588320
5100695332,2021,first,False,6,W3190941125
5100695372,2021,middle,False,4,W4205118655
5100695549,2021,middle,False,5,W3211382138
5100695910,2022,first,False,4,W4319586110
5100695912,2021,middle,False,6,W3213453119
5100696015,2022,middle,False,6,W4381322416
5100696102,2022,middle,False,12,W3203407300
5100696182,2022,last,False,6,W4310474990
5100696226,2022,middle,False,8,W4285258280
5100697596,2022,middle,False,10,W4285428325
5100697637,2020,first,False,5,W3106652897
5100697664,2020,middle,False,7,W3035025198
5100697945,2022,middle,False,6,W4312959439
5100698319,2021,last,False,5,W3200874137
5100698619,2020,first,True,1,W3097625275
5100698932,2020,first,False,6,W3123557930
5100698996,2020,middle,False,6,W3005712312
5100699151,2022,middle,False,3,W4283746957
5100699726,2019,middle,False,12,W2947160092
5100700363,2022,last,False,5,W4284665344
5100700482,2022,middle,False,12,W4280500332
5100700892,2022,middle,False,10,W4286566368
5100700956,2022,middle,False,8,W4283712118
5100701131,2020,last,False,8,W2997557049
5100701265,2021,middle,True,6,W3217728966
5100701437,2020,first,False,4,W3104982372
5100701572,2019,last,False,7,W2951098185
5100701574,2022,last,False,7,W4285732989
5100701586,2019,first,False,4,W2989365868
5100701649,2022,middle,False,4,W4221140369
5100702012,2019,middle,False,6,W3003326990
5100702017,2020,middle,False,5,W3035020961
5100702071,2021,middle,False,13,W3162347631
5100702485,2020,last,False,6,W2996888978
5100702866,2022,last,False,5,W4225647599
5100702888,2021,first,False,3,W3173589978
5100703619,2022,first,False,7,W4288057735
5100703823,2022,last,False,6,W4312814531
5100703941,2022,first,False,5,W4308497888
5100703971,2021,middle,False,8,W3167443963
5100704003,2020,middle,False,12,W3004198379
5100704007,2022,middle,False,5,W4312095979
5100704170,2022,middle,False,11,W4225156065
5100704240,2020,last,False,3,W3094847307
5100704262,2020,last,False,3,W3105439465
5100704424,2019,middle,False,5,W2970850076
5100704700,2022,middle,True,9,W4225249966
5100705184,2022,last,False,8,W4285208881
5100705274,2019,middle,False,9,W2961575557
5100705326,2020,middle,False,7,W3093741805
5100705638,2022,middle,False,6,W4313124045
5100705731,2020,middle,False,7,W3116757119
5100705849,2019,first,False,7,W2974381047
5100705921,2021,middle,False,5,W3196176241
5100706302,2022,middle,False,6,W4287890936
5100706323,2020,middle,False,5,W3101853775
5100706940,2022,last,False,4,W4224951303
5100706958,2022,middle,False,8,W3098169801
5100707101,2021,middle,False,5,W3161532853
5100707145,2022,middle,False,7,W4226248135
5100707294,2022,middle,False,7,W4313452873
5100707380,2022,middle,False,23,W4385572953
5100707447,2021,middle,False,5,W3213564796
5100707504,2022,last,True,4,W4308475331
5100707569,2020,first,False,6,W3005650752
5100707660,2022,middle,False,6,W3199332348
5100707822,2020,middle,False,6,W3097986428
5100707916,2019,last,True,3,W2954727014
5100708052,2022,middle,False,4,W4287854425
5100708545,2022,middle,False,10,W4286491305
5100708691,2022,first,False,5,W4385573548
5100708726,2021,middle,False,4,W3201425170
5100709310,2019,first,False,6,W2982013914
5100709352,2022,last,False,2,W4303183997
5100709379,2019,last,False,9,W2961575557
5100709541,2022,middle,False,6,W4321512651
5100709723,2022,middle,False,5,W4225159691
5100710232,2020,middle,False,7,W3098383912
5100710715,2022,middle,False,10,W4285609472
5100710720,2022,middle,False,10,W4226102430
5100710814,2022,middle,False,7,W4281560964
5100710847,2021,middle,False,5,W3132050138
5100711018,2020,last,False,3,W3032752329
5100711201,2020,middle,False,4,W3098214632
5100711536,2021,middle,False,3,W3216838532
5100711806,2021,last,False,2,W4206107140
5100712167,2022,first,False,4,W4310614830
5100712556,2022,middle,False,12,W4290802352
5100712724,2022,middle,False,7,W4285605736
5100712779,2021,first,False,5,W3173917828
5100713362,2022,middle,False,6,W4328028485
5100713692,2020,first,False,6,W3102348525
5100714052,2022,middle,True,7,W4385573954
5100714192,2022,first,False,5,W4313038764
5100714202,2022,last,False,4,W4285065310
5100714328,2021,middle,False,9,W3173157360
5100714445,2021,middle,False,3,W3206694069
5100714799,2022,first,False,4,W4224916425
5100714902,2022,first,False,5,W4385567030
5100714964,2021,last,False,3,W4200028789
5100715639,2022,last,False,3,W4313155802
5100715682,2022,last,False,4,W4221140369
5100715810,2021,middle,False,5,W4210996392
5100715830,2021,middle,False,6,W3208396733
5100716029,2021,last,False,2,W3204112003
5100716216,2019,middle,False,5,W2990288623
5100716299,2022,middle,False,6,W4312881598
5100716372,2019,last,True,8,W2971060546
5100716460,2021,last,False,4,W3211532300
5100716461,2020,middle,False,5,W3034617555
5100716826,2022,middle,False,5,W4385572821
5100716868,2022,first,False,5,W4296426276
5100717163,2022,middle,False,4,W4312827150
5100717654,2022,middle,False,5,W4300716851
5100717872,2021,middle,False,7,W3212993480
5100718416,2021,last,True,4,W4200435900
5100718556,2022,middle,False,7,W4385572886
5100718934,2021,middle,False,9,W3125591643
5100718988,2022,middle,False,7,W4287854398
5100719013,2022,last,False,5,W3170545223
5100719031,2022,last,False,3,W4292794833
5100719037,2021,middle,False,7,W3213562172
5100719173,2022,middle,False,6,W4313176116
5100719271,2022,middle,False,5,W4205807088
5100719344,2022,middle,True,3,W4221151584
5100719446,2019,last,False,4,W2996472470
5100719457,2022,middle,True,6,W4220825494
5100719462,2021,middle,False,3,W3191444546
5100719529,2021,last,False,8,W3177349073
5100719794,2022,middle,False,12,W4312097421
5100719795,2022,first,False,4,W4319779560
5100719934,2022,last,False,8,W4224910504
5100720086,2019,middle,False,4,W2979714393
5100720188,2021,middle,True,6,W3138523474
5100720534,2022,middle,False,7,W4285241989
5100720743,2021,middle,False,7,W3209492740
5100720848,2021,last,False,10,W3188426584
5100720988,2021,first,False,6,W4206565514
5100721259,2022,middle,False,6,W4385573023
5100721391,2021,middle,False,9,W3184016909
5100721601,2021,middle,False,10,W3208668155
5100721804,2022,last,True,2,W4223934606
5100721950,2022,middle,False,6,W4283797210
5100721978,2022,middle,False,7,W4313525580
5100722039,2022,first,False,10,W4385573139
5100722130,2021,first,False,6,W3135008634
5100722234,2020,middle,False,6,W3034556939
5100722250,2021,first,False,7,W3142407948
5100722691,2021,last,False,3,W4210552310
5100723083,2022,middle,False,7,W4362647183
5100723116,2020,middle,False,5,W3032614845
5100723435,2020,first,False,3,W3105038888
5100723440,2019,middle,False,6,W2970311224
5100723568,2022,middle,False,7,W4385572886
5100723570,2022,middle,False,6,W4385574332
5100723626,2022,first,False,3,W4301373646
5100723876,2022,middle,False,8,W4385572901
5100724093,2022,first,False,3,W4294658796
5100724142,2022,middle,False,6,W4385573864
5100724549,2021,middle,False,25,W3204256746
5100724728,2022,first,False,3,W4287891466
5100724937,2022,first,False,6,W4281629850
5100725604,2022,middle,False,6,W4287890998
5100725635,2022,last,False,3,W4287730617
5100725708,2022,middle,False,9,W4308882396
5100725719,2021,middle,False,11,W3153662254
5100725895,2021,first,False,5,W3154873257
5100726098,2022,last,False,5,W4290989497
5100726106,2022,middle,False,11,W3198675127
5100726212,2020,middle,False,6,W3035927493
5100726340,2022,middle,False,6,W4312361117
5100726890,2022,first,False,5,W4361020044
5100727084,2020,middle,False,4,W3101327207
5100727101,2020,middle,False,6,W3113524397
5100727331,2020,middle,True,7,W3042199843
5100727498,2021,middle,False,10,W3176998540
5100727994,2022,last,True,4,W4220830943
5100728004,2019,middle,True,4,W2983408952
5100728316,2021,last,True,3,W3179745984
5100728333,2022,middle,False,8,W4280594315
5100728762,2021,last,False,6,W3198693420
5100728929,2020,middle,False,6,W3094577834
5100728988,2021,middle,False,3,W3216897585
5100729144,2022,first,False,5,W4309632567
5100729170,2022,middle,False,4,W4226152687
5100729435,2022,first,False,5,W4284883198
5100729607,2022,middle,False,5,W4312609916
5100729784,2022,middle,False,12,W4385573153
5100729843,2022,middle,False,6,W4292830157
5100730050,2022,middle,False,6,W4385567242
5100730088,2022,middle,False,7,W4385572883
5100730223,2022,middle,True,11,W4281779085
5100730592,2021,first,False,8,W3216056172
5100730692,2022,middle,False,4,W3174794150
5100730785,2020,last,False,3,W3043303806
5100730856,2022,middle,False,7,W4294658792
5100731246,2022,first,False,5,W4310608831
5100731634,2020,first,False,3,W3034690087
5100731640,2022,last,False,3,W4385324836
5100731877,2021,middle,False,7,W4285520753
5100732089,2022,middle,False,5,W4385573222
5100732402,2022,first,False,4,W4287854813
5100732724,2021,middle,False,7,W3185222945
5100732746,2021,middle,False,5,W3213307153
5100733037,2022,first,False,3,W4312547704
5100733111,2022,middle,False,6,W4312623522
5100733249,2022,middle,False,4,W4310642520
5100733435,2022,middle,False,13,W4281569374
5100733455,2022,last,False,2,W4287891186
5100733589,2021,first,False,3,W3211635632
5100733696,2022,first,False,2,W4385574097
5100733716,2020,middle,False,6,W3045631589
5100734069,2019,middle,False,7,W3013936901
5100734233,2022,first,True,1,W4224918181
5100734547,2022,first,True,2,W3213472637
5100734609,2022,middle,False,6,W4283207618
5100734672,2021,last,False,4,W3205512158
5100735138,2021,middle,False,4,W4226139115
5100735225,2021,last,False,2,W3198995987
5100735248,2021,last,False,4,W4213019342
5100735352,2022,middle,True,4,W4310150488
5100735652,2021,middle,False,6,W3164370402
5100735672,2021,first,False,4,W3207678513
5100735838,2020,middle,True,4,W3116676827
5100735879,2022,middle,False,7,W4224306453
5100735881,2022,last,False,3,W4226139798
5100735899,2020,middle,False,5,W3043684480
5100736032,2019,middle,False,3,W2984402309
5100736263,2020,middle,True,6,W3006428138
5100736352,2021,last,True,7,W4200200013
5100736473,2022,middle,False,5,W4293793696
5100736532,2021,middle,False,5,W3176717822
5100736675,2022,first,False,6,W4312895349
5100736935,2020,first,True,7,W3042199843
5100737217,2021,middle,False,4,W3211543788
5100737439,2021,first,False,7,W3212458191
5100737584,2021,first,False,7,W2978036638
5100737588,2021,middle,False,6,W4210604938
5100737835,2020,middle,False,6,W3035620455
5100738078,2021,first,True,6,W3198459947
5100738116,2021,first,False,4,W4200575386
5100738145,2021,middle,False,4,W3138389337
5100738315,2020,last,False,4,W3082405519
5100738421,2021,last,False,2,W3199045806
5100739453,2022,middle,False,5,W4385327126
5100739494,2022,first,False,4,W4285503623
5100739538,2021,last,False,4,W3165074364
5100739546,2020,middle,False,8,W3112302456
5100739581,2022,middle,True,5,W4287511926
5100739644,2020,first,False,5,W3040342228
5100740019,2020,last,False,5,W3046772465
5100740041,2020,middle,False,3,W2996839418
5100740100,2021,last,False,2,W3200771231
5100740177,2022,middle,False,4,W4206012352
5100740334,2022,first,False,3,W4312063084
5100740336,2022,middle,False,5,W4312259157
5100740509,2022,middle,False,5,W4226490385
5100740618,2019,middle,False,5,W2977542973
5100740622,2021,middle,False,7,W4226065821
5100741315,2021,last,False,6,W3173789715
5100741568,2021,last,False,4,W3209163491
5100741607,2022,first,False,4,W4385573231
5100741750,2020,middle,False,4,W3100480949
5100741784,2020,last,False,6,W3010212250
5100741943,2020,middle,False,3,W3136112407
5100742076,2022,first,False,7,W4221141786
5100742109,2020,first,False,6,W3170131685
5100742205,2020,first,False,2,W3046024489
5100742403,2022,middle,False,11,W4285253555
5100743011,2022,middle,False,6,W4313124045
5100743206,2020,first,False,17,W3016395792
5100743284,2019,middle,False,3,W2963105309
5100743348,2022,middle,False,6,W4286751463
5100743605,2021,last,False,2,W3187025053
5100743962,2022,middle,False,10,W4292828571
5100744393,2022,middle,False,6,W4285296644
5100744755,2022,middle,False,5,W4313116672
5100744865,2021,first,False,7,W3173175058
5100745001,2022,middle,False,4,W4287891181
5100745388,2022,middle,True,5,W4289109828
5100745576,2022,last,False,3,W4221141037
5100745677,2022,last,False,6,W4361020001
5100745764,2021,middle,False,9,W3184309109
5100746224,2021,middle,False,6,W3176398467
5100746280,2022,last,False,4,W4207051253
5100746424,2021,middle,False,6,W4210508275
5100746738,2019,first,False,5,W2964278185
5100746742,2022,middle,False,9,W4312866343
5100746903,2021,last,False,3,W3177045187
5100747273,2022,middle,False,7,W4311448413
5100747440,2022,last,False,10,W4225835448
5100747816,2021,middle,False,6,W3199982471
5100748443,2021,middle,False,5,W3155963088
5100748465,2020,middle,False,4,W3034862440
5100748494,2022,first,False,5,W4290086640
5100749004,2021,middle,False,7,W3206689072
5100749302,2019,middle,False,5,W2980874206
5100749940,2022,middle,False,4,W4214875575
5100750075,2022,first,False,3,W4385574248
5100750198,2020,middle,False,5,W3201170423
5100750386,2022,middle,False,5,W4285264484
5100750679,2022,last,False,3,W4312738184
5100750786,2020,middle,False,6,W3035282664
5100750868,2021,first,False,5,W4205970013
5100750908,2021,first,False,6,W3206529771
5100751173,2021,middle,False,3,W3174231090
5100751311,2022,last,False,5,W4313350185
5100751394,2022,middle,False,7,W4312493743
5100751566,2021,middle,False,4,W3175116353
5100751600,2021,last,False,6,W3211093388
5100751610,2022,middle,False,12,W3203407300
5100751758,2021,first,False,5,W3194364370
5100751879,2020,first,False,2,W3021007069
5100751949,2022,middle,False,12,W4300861364
5100752356,2018,last,False,4,W2884001105
5100752524,2021,first,False,4,W4225597935
5100752649,2022,first,True,2,W4312499839
5100752685,2021,last,False,2,W3176522074
5100752688,2022,first,True,7,W4306252933
5100752720,2019,middle,False,8,W2954696369
5100752813,2022,middle,False,4,W4324266588
5100753053,2022,first,False,2,W4385573311
5100753233,2022,middle,False,7,W4366308365
5100753367,2021,first,False,4,W4285338096
5100754304,2022,first,False,3,W3156389890
5100754351,2022,middle,False,15,W4313128715
5100754379,2022,first,False,5,W4283770444
5100754482,2021,middle,False,6,W3176417455
5100754485,2019,middle,False,7,W2951098185
5100754504,2020,last,False,7,W3094256870
5100754694,2022,middle,False,4,W4310016179
5100755001,2022,middle,False,4,W4312806112
5100755023,2022,middle,False,6,W4221155049
5100755176,2021,first,False,4,W3179867916
5100755234,2022,middle,False,7,W4309559560
5100755298,2022,last,False,12,W4385573153
5100755351,2022,middle,False,6,W4318828902
5100755419,2022,middle,False,9,W4306909285
5100755735,2022,last,False,6,W4295046676
5100756024,2021,first,False,8,W3207796193
5100756528,2022,last,True,2,W4281696540
5100756584,2021,last,False,3,W3175052625
5100756739,2021,middle,False,6,W4206377169
5100756882,2021,middle,False,7,W3173151551
5100757062,2022,first,False,3,W4306888994
5100757319,2022,middle,False,7,W4294658792
5100757326,2021,first,False,4,W3176676637
5100757495,2021,last,False,5,W4229629216
5100757553,2022,middle,False,9,W3152079230
5100757577,2022,middle,False,3,W4385572767
5100757713,2022,first,False,8,W4224921333
5100757829,2019,last,False,4,W2982054702
5100757898,2022,middle,False,5,W4321512592
5100758099,2020,last,False,6,W3034328552
5100758169,2022,middle,False,6,W4321512651
5100758230,2020,middle,False,5,W3154095814
5100758675,2022,middle,False,7,W4285605736
5100758690,2022,first,False,6,W4385574085
5100758732,2021,middle,False,4,W3130953217
5100759111,2022,middle,False,4,W4312096651
5100759456,2021,last,False,5,W3198299822
5100759521,2021,middle,False,4,W3215389062
5100760049,2021,middle,False,10,W3166143260
5100760119,2019,middle,False,7,W2970794693
5100760481,2022,first,False,2,W4309631954
5100760521,2022,middle,False,6,W4293048708
5100760570,2021,middle,False,6,W3202858701
5100760812,2020,last,False,7,W3034707327
5100760813,2021,middle,False,6,W4200058928
5100760898,2019,last,False,3,W3006662724
5100760908,2020,last,False,5,W2999607687
5100761049,2020,middle,False,4,W3118643801
5100761149,2022,middle,False,5,W4312328958
5100761291,2021,middle,False,4,W3188976178
5100761511,2021,middle,False,4,W3120494669
5100761525,2022,last,False,5,W4295107494
5100761956,2022,middle,False,6,W4313527313
5100762316,2020,middle,False,8,W3037217495
5100762412,2022,last,False,8,W4385572856
5100762682,2021,middle,False,6,W4200359811
5100762798,2021,middle,False,5,W2981875947
5100763095,2021,middle,False,7,W3170719901
5100763282,2022,middle,False,6,W4312550429
5100763409,2021,first,False,6,W3202693718
5100763454,2019,middle,False,5,W2970872015
5100763523,2022,middle,False,15,W4286480083
5100764111,2021,middle,False,8,W3176079416
5100764178,2021,last,False,7,W3214862327
5100764456,2021,middle,False,5,W4206252036
5100764726,2022,middle,False,6,W4225302335
5100765286,2022,first,False,4,W4283204535
5100765837,2021,last,False,7,W3194882226
5100766456,2020,first,False,3,W3093925674
5100766524,2022,middle,False,11,W4229034605
5100766549,2022,last,False,4,W3201993324
5100766736,2021,first,False,5,W4200346460
5100767050,2019,first,False,2,W2946504770
5100767107,2022,middle,False,6,W4287854517
5100767220,2020,last,False,12,W3119067070
5100767225,2021,last,False,3,W3174036215
5100767232,2020,middle,False,4,W3085374498
5100767946,2021,middle,False,7,W4205882439
5100768293,2021,middle,False,5,W4285336306
5100768322,2020,first,False,5,W2996564207
5100768427,2021,first,False,5,W3198313584
5100768896,2019,last,False,3,W2955260208
5100768983,2022,middle,False,5,W4385573004
5100769134,2022,middle,False,5,W4308641648
5100769171,2020,middle,False,5,W3105124442
5100769291,2022,first,False,5,W4310691173
5100769643,2022,middle,False,4,W4293518932
5100769649,2021,middle,False,4,W4226333920
5100770129,2022,middle,True,4,W4293103929
5100770462,2019,middle,False,6,W2970450228
5100770539,2021,first,False,3,W4225907445
5100770607,2022,last,False,5,W4293106316
5100770630,2022,middle,False,8,W3188542058
5100770786,2019,first,False,4,W2971003090
5100770931,2021,middle,False,3,W3212549866
5100770932,2021,middle,False,3,W3153018243
5100771111,2019,last,False,7,W2982562362
5100771244,2020,middle,False,4,W3099434402
5100771481,2022,last,False,5,W4281262623
5100771563,2021,middle,False,4,W3216854409
5100771651,2022,middle,False,5,W4285685050
5100771674,2019,first,False,5,W2983577274
5100771854,2022,last,False,5,W4312198676
5100772117,2022,middle,False,6,W4318812276
5100772262,2021,first,False,4,W3166316189
5100772431,2021,last,False,2,W3174263838
5100772583,2021,first,False,4,W3173871266
5100772594,2021,first,False,4,W3148504935
5100772804,2020,last,False,5,W3046794377
5100773044,2019,last,False,4,W2967269971
5100773085,2022,middle,False,8,W3188542058
5100773268,2022,first,False,6,W4283722068
5100773308,2021,middle,False,7,W4200114766
5100773559,2022,middle,True,11,W4321015976
5100774098,2022,first,False,6,W4313525637
5100774425,2020,first,False,6,W3034795928
5100774500,2021,middle,False,10,W3180176184
5100774692,2020,middle,False,5,W3119078159
5100774764,2020,middle,False,7,W3103817618
5100775015,2022,first,False,6,W4313174897
5100775017,2022,middle,False,3,W4385573504
5100775077,2022,middle,False,5,W4224991290
5100775216,2022,middle,False,6,W4293519522
5100775266,2022,middle,False,6,W3204281258
5100775424,2021,middle,False,4,W3175663471
5100775513,2021,first,False,2,W3174781392
5100775678,2022,first,False,11,W4281666739
5100775727,2021,middle,False,5,W4205586222
5100775952,2019,first,False,3,W2984256198
5100775956,2022,first,False,12,W4385573153
5100776002,2021,first,False,3,W3135376124
5100776068,2022,first,False,5,W4304607226
5100776160,2022,last,False,5,W4292828961
5100776513,2021,middle,False,8,W3212129137
5100776545,2020,last,False,2,W3171076385
5100776555,2022,first,False,5,W4385573364
5100776575,2022,middle,False,10,W3205638321
5100776576,2020,first,False,10,W2998036008
5100776714,2020,middle,False,3,W3033887037
5100777027,2022,last,False,2,W4281387825
5100777102,2020,middle,False,5,W3041464920
5100777340,2021,middle,False,4,W3169121507
5100777469,2020,last,False,3,W3047181475
5100777491,2022,last,False,8,W3101447603
5100777576,2021,last,False,3,W3205661242
5100777625,2022,middle,False,7,W3214987860
5100777701,2020,first,False,4,W3105083537
5100777718,2022,first,False,8,W4306767249
5100778202,2022,middle,False,6,W4313117736
5100778354,2021,middle,False,5,W3214816728
5100778373,2021,first,False,4,W3188865574
5100778479,2022,middle,False,6,W4292973033
5100778505,2022,middle,False,6,W4385574320
5100778533,2022,middle,False,7,W4385573759
5100778556,2021,middle,False,10,W4200632007
5100778595,2019,middle,False,4,W2962845008
5100778768,2022,first,False,6,W4312709938
5100778784,2022,last,True,4,W4289778513
5100778791,2022,middle,False,6,W4210598544
5100779003,2021,middle,False,3,W3196151666
5100779262,2019,middle,False,6,W3002226419
5100779305,2022,middle,False,6,W4285149002
5100779699,2022,middle,False,8,W4225136964
5100779888,2022,middle,False,4,W4224937935
5100780032,2020,middle,False,6,W3100133897
5100780040,2022,middle,False,6,W4281564455
5100780133,2020,first,True,3,W3083137726
5100780134,2022,middle,False,7,W4287854436
5100780135,2021,middle,False,5,W3130825283
5100780219,2022,middle,False,5,W4287889587
5100780266,2021,middle,False,6,W4225726141
5100780268,2021,last,False,4,W3204737103
5100780598,2021,first,False,6,W3217673092
5100780601,2020,middle,False,4,W3152423298
5100780817,2021,middle,False,4,W3166984123
5100781021,2021,middle,False,8,W3173706378
5100781384,2021,last,False,4,W3213179091
5100781385,2020,middle,False,3,W3111934536
5100781631,2022,middle,False,8,W4307494192
5100781893,2022,first,False,4,W4319777948
5100781895,2020,first,False,5,W3099780882
5100782565,2022,middle,False,4,W4207051253
5100782869,2020,first,False,4,W3079443720
5100783073,2021,middle,False,6,W3167699097
5100783142,2020,middle,False,8,W3009874600
5100783159,2021,middle,False,5,W3132185473
5100783478,2022,middle,False,10,W4229370390
5100783556,2022,last,False,7,W4385567008
5100783852,2022,last,True,2,W4223617123
5100784131,2022,middle,False,6,W4301184339
5100784336,2022,first,False,11,W4224939843
5100784734,2021,last,False,5,W4214526701
5100785007,2021,middle,False,4,W4210939787
5100785098,2022,middle,False,6,W4226283960
5100785153,2021,last,False,4,W4205430259
5100785617,2020,middle,False,7,W3091744429
5100785621,2020,first,False,6,W3100133897
5100786255,2021,last,True,11,W4200627592
5100786285,2022,last,True,6,W4302763794
5100786357,2022,middle,False,6,W4283803938
5100826716,2022,middle,False,5,W4285274433
5100829247,2021,middle,True,6,W3174245720
5100845769,2020,middle,False,3,W3093925674
5100849475,2019,middle,False,5,W2971134795
5100855221,2021,middle,False,4,W4200410707
5100855950,2022,last,False,5,W4283724880
5100856844,2019,first,False,4,W2972586109
5100859064,2022,middle,False,6,W4317418688
5100865417,2022,last,True,4,W3186494227
5100884245,2021,middle,False,8,W3173706378
5100885402,2021,last,False,3,W4200304296
5100885674,2020,last,False,4,W3090380202
5100885945,2020,middle,False,6,W3116804412
5100886514,2020,last,False,5,W3115926405
5100889605,2022,middle,False,7,W4210721047
5100930897,2022,middle,False,9,W4287854428
5100932403,2022,middle,False,7,W4385572736
5100934338,2022,middle,False,6,W4226151502
5100946414,2022,middle,False,7,W3205154814
5100959340,2022,middle,False,6,W4224989557
5100960331,2019,middle,False,3,W2965968319
5100972895,2022,first,False,2,W4315489018
5100979349,2021,first,False,5,W3153468025
5100982674,2022,middle,False,4,W4289655577
5100993877,2022,first,False,2,W4285814389
5101002363,2022,first,False,5,W4281692588
5101006637,2020,first,False,5,W3086941321
5101009352,2022,middle,False,8,W4221166835
5101013268,2022,middle,False,6,W4328028694
5101013512,2022,middle,False,5,W4283654351
5101015946,2022,last,False,3,W4287887789
5101037209,2019,middle,False,5,W2970320848
5101043844,2022,middle,False,3,W4211090899
5101048889,2019,last,False,2,W3007835355
5101051347,2020,last,False,2,W3104681546
5101055969,2020,middle,False,4,W3043816006
5101057614,2021,middle,False,8,W3215953643
5101062282,2020,first,False,2,W3102592298
5101064949,2022,first,False,3,W4386109402
5101067919,2019,middle,False,5,W2970243238
5101068507,2021,middle,False,4,W3215473010
5101076405,2019,first,False,4,W2971215761
5101086228,2022,middle,False,8,W4285242513
5101088001,2022,middle,False,10,W4225835448
5101089602,2022,last,True,8,W4311458893
5101103417,2020,middle,False,6,W3099954076
5101106751,2021,last,False,5,W4205795053
5101108160,2022,middle,False,6,W4226151502
5101112092,2021,middle,False,3,W4210738660
5101122545,2021,middle,False,5,W4205878222
5101124097,2022,middle,False,3,W4221096991
5101131416,2022,middle,False,6,W4296340313
5101142834,2021,middle,False,5,W4200346460
5101143318,2022,middle,False,7,W4224306453
5101143661,2022,middle,False,5,W4226153070
5101173099,2020,last,False,2,W3175789860
5101173545,2021,last,False,4,W3170488061
5101180037,2021,middle,False,7,W3176182290
5101182037,2020,middle,False,4,W3117519745
5101182523,2022,first,False,6,W4285212850
5101185261,2021,middle,False,4,W3200994244
5101188503,2021,middle,False,6,W4205177317
5101188700,2020,last,False,5,W3097882114
5101190243,2022,last,False,5,W4361732478
5101193260,2021,first,False,3,W3130696527
5101198327,2021,middle,False,10,W3180176184
5101199919,2022,first,True,3,W4385572806
5101200008,2022,middle,False,8,W4226208236
5101200297,2022,middle,False,10,W3207878700
5101230845,2020,first,False,4,W3103223797
5101230849,2022,last,False,8,W4385567294
5101230943,2022,middle,False,9,W4385573803
5101263790,2021,first,True,3,W4229657969
5101272808,2019,last,True,2,W2961579836
5101309013,2021,first,False,3,W3200079339
5101319167,2021,middle,False,15,W3160766462
5101396650,2020,first,False,6,W3110740243
5101397048,2021,middle,False,3,W3184167880
5101397279,2022,middle,False,6,W4312814531
5101397370,2021,first,False,8,W3193951565
5101399361,2021,first,False,2,W4200443912
5101399790,2020,first,False,5,W3106625509
5101399889,2022,middle,False,4,W4298091697
5101401062,2021,middle,False,3,W4206773922
5101401576,2022,middle,False,9,W4385573572
5101401721,2022,middle,False,5,W4362647029
5101402002,2020,last,False,2,W2998399146
5101402186,2021,last,False,5,W3134120279
5101402440,2020,middle,False,5,W3117185530
5101403844,2020,first,False,3,W3033887037
5101404098,2020,middle,False,5,W3047144459
5101404293,2020,last,False,6,W3089124799
5101404590,2019,middle,False,6,W3016781606
5101404695,2019,middle,False,7,W2970476646
5101405285,2019,middle,False,3,W3003086891
5101405789,2020,first,False,6,W3034457116
5101405953,2022,middle,False,6,W4328028664
5101406351,2021,middle,False,9,W4229963817
5101406396,2022,last,False,5,W4213114564
5101406829,2019,first,False,2,W2998900056
5101407801,2022,middle,False,5,W4294982692
5101407943,2022,middle,False,7,W4296915926
5101408324,2021,middle,False,6,W3174588372
5101408453,2019,middle,False,5,W2985619053
5101409300,2020,last,False,13,W3117450517
5101409551,2022,last,False,6,W4298009900
5101410890,2022,first,False,6,W4312685580
5101411324,2022,middle,True,3,W4297549189
5101411842,2022,last,False,3,W4283709015
5101412228,2021,middle,False,8,W3207165763
5101412540,2020,middle,False,4,W3099647347
5101412571,2020,middle,False,3,W3101224739
5101413909,2021,middle,True,7,W3197055506
5101414197,2019,first,False,2,W3000378960
5101414457,2022,middle,False,7,W4293519292
5101414718,2020,last,False,7,W3089691460
5101415161,2022,middle,False,9,W4280518705
5101416293,2022,middle,False,12,W4225107720
5101417967,2020,middle,False,7,W2997852611
5101418472,2021,middle,False,6,W3210431426
5101418716,2022,first,False,2,W4309791143
5101418986,2022,first,False,4,W4214929413
5101419280,2022,middle,False,4,W4284898017
5101419454,2021,middle,False,8,W3175038190
5101420290,2021,first,False,4,W3119001746
5101420489,2022,first,False,9,W4308882396
5101421088,2020,middle,False,6,W3114925695
5101421201,2022,middle,False,5,W4385567091
5101421425,2020,last,False,3,W3114981953
5101423126,2019,middle,False,5,W2971029044
5101423308,2020,last,True,2,W3099772451
5101423831,2022,middle,False,8,W4226087293
5101424021,2020,middle,False,6,W3098358988
5101424121,2022,last,False,10,W4207068766
5101424783,2020,last,False,3,W3023891225
5101426340,2021,first,False,4,W3127705355
5101427019,2020,middle,False,8,W3035485997
5101427577,2020,middle,False,5,W4390912388
5101428475,2022,middle,False,9,W4312466125
5101428553,2021,middle,False,10,W3133566556
5101428622,2022,first,False,5,W4313562700
5101428911,2021,first,False,3,W3175825020
5101429033,2022,middle,True,8,W4224910504
5101430356,2022,middle,False,6,W4313174897
5101431040,2022,middle,False,3,W4318187147
5101431841,2022,last,False,2,W4312748926
5101432128,2020,middle,False,4,W3081154351
5101432158,2019,middle,False,4,W3013194636
5101432345,2022,middle,False,10,W3205638321
5101432509,2022,first,False,7,W4385573332
5101433191,2022,middle,False,7,W4312823189
5101434309,2021,middle,False,4,W4226120250
5101434435,2020,last,False,4,W3104763958
5101435787,2019,last,False,2,W2995934967
5101436487,2021,last,False,3,W3176764239
5101436497,2021,middle,False,5,W4210460507
5101436628,2022,middle,False,8,W4313139298
5101437266,2021,last,False,5,W3116705004
5101437627,2022,middle,False,6,W3200947677
5101437836,2022,middle,False,5,W4295037258
5101437838,2021,last,False,3,W4206123175
5101438498,2022,middle,False,4,W4283204541
5101439062,2021,middle,False,4,W3127926113
5101440599,2020,last,False,3,W3101047315
5101441094,2022,first,False,6,W4328028485
5101441137,2019,last,False,6,W2971001654
5101441248,2020,middle,False,6,W3021887096
5101441625,2021,middle,False,5,W3163818784
5101441791,2021,middle,False,4,W3171317404
5101442094,2022,first,False,4,W4229026816
5101442095,2022,first,False,4,W4285227169
5101442303,2020,last,False,3,W3084643553
5101442688,2021,middle,False,6,W3202655240
5101444260,2022,middle,False,4,W4312265233
5101444574,2021,middle,False,5,W3172407229
5101444861,2021,middle,False,3,W4210331258
5101444862,2021,middle,False,5,W4211061449
5101445001,2021,middle,False,8,W3206119384
5101445480,2021,middle,False,4,W3172214016
5101445618,2022,first,False,5,W4284969060
5101445828,2020,first,False,6,W3099808336
5101446790,2020,middle,False,6,W3035459196
5101448949,2020,middle,False,8,W3093218477
5101449143,2021,middle,False,7,W3188635098
5101451175,2022,middle,False,6,W4317418517
5101452061,2021,last,False,4,W4205202105
5101453595,2020,middle,False,6,W3068336208
5101453596,2020,middle,False,4,W3082405519
5101454217,2021,first,False,5,W3200185163
5101454729,2022,middle,False,6,W4287854368
5101455132,2019,last,False,3,W3011655558
5101455287,2020,middle,False,5,W3041464920
5101455522,2019,middle,False,5,W2970850076
5101456707,2021,first,False,5,W3196890755
5101456902,2022,last,False,6,W4312247736
5101457009,2019,last,False,3,W2963293326
5101457256,2022,first,False,9,W4280604450
5101457292,2020,middle,False,7,W2997124358
5101457707,2020,last,True,4,W3099434402
5101457713,2019,middle,False,11,W2984305408
5101459529,2020,first,False,5,W3113710448
5101460433,2022,middle,False,5,W4285274433
5101460496,2022,middle,False,9,W4287890923
5101461165,2022,middle,False,8,W4283742233
5101461826,2021,middle,False,6,W3216550917
5101462417,2020,middle,False,5,W2997763445
5101462475,2022,middle,False,20,W4289521415
5101462518,2022,first,False,4,W4225468040
5101462972,2021,last,False,5,W3211624305
5101463320,2022,middle,False,4,W4312522167
5101463922,2021,first,False,5,W4206687743
5101464165,2022,middle,True,10,W4220729493
5101464173,2022,last,False,4,W4225163014
5101464697,2019,first,False,5,W2999215210
5101464798,2020,middle,False,7,W3104502698
5101464837,2020,last,False,7,W3122762307
5101465136,2019,middle,False,4,W2970106668
5101466477,2022,last,False,6,W4385573629
5101467161,2019,middle,False,10,W2946617802
5101468579,2021,middle,False,6,W3174255604
5101468661,2022,middle,False,6,W3135485589
5101468884,2022,middle,False,6,W4296442677
5101469134,2022,first,False,8,W4312591085
5101469633,2021,last,False,6,W3202929920
5101470067,2021,middle,False,3,W3172330878
5101470602,2021,first,False,5,W3133470599
5101470893,2021,middle,False,5,W3205095335
5101471992,2020,middle,False,8,W3034475786
5101472135,2021,middle,False,6,W3176020109
5101472243,2021,middle,False,5,W3160883893
5101473026,2021,middle,False,5,W3175234986
5101474102,2021,middle,False,3,W3174385558
5101474524,2022,middle,False,5,W4287855073
5101474710,2022,middle,False,9,W4226487007
5101475086,2020,middle,False,4,W3042678916
5101475544,2021,middle,False,4,W4210654372
5101478042,2021,last,False,5,W3213261303
5101479635,2022,first,False,5,W4223986248
5101480276,2019,middle,False,7,W2970716846
5101481568,2021,middle,False,5,W3163818784
5101482092,2020,last,False,7,W3035025198
5101482096,2021,first,False,6,W3186632081
5101483036,2020,middle,False,5,W3100474067
5101484083,2022,last,False,4,W4287890978
5101484442,2022,first,False,3,W4287854412
5101484487,2020,last,False,6,W3083624379
5101485314,2022,first,False,5,W4224919780
5101485989,2022,last,False,7,W4385573551
5101486583,2022,middle,True,4,W4385573765
5101487902,2022,middle,False,7,W4225299129
5101488340,2019,middle,False,4,W2970393840
5101488344,2019,last,False,5,W2980216782
5101488949,2021,last,False,4,W3187420508
5101488996,2019,first,False,7,W2971254483
5101493149,2021,middle,False,4,W3182013147
5101494275,2022,first,False,2,W4313289651
5101494431,2020,middle,False,7,W3102854726
5101495517,2022,first,False,4,W4224979739
5101496890,2021,first,False,3,W3163621007
5101497161,2019,middle,False,12,W2947903144
5101497427,2020,middle,False,11,W3034503922
5101498478,2022,middle,False,5,W4281826654
5101500206,2020,middle,False,11,W3035718760
5101500495,2020,middle,False,6,W3092104329
5101501586,2020,first,False,3,W4241439391
5101502141,2022,first,False,7,W4214814349
5101502351,2021,last,True,5,W3203053806
5101503356,2022,middle,False,5,W4306317060
5101503856,2020,first,True,5,W3097791920
5101504769,2022,last,True,4,W4289522333
5101504989,2020,middle,False,4,W3031844328
5101505500,2022,last,False,8,W4226389314
5101506885,2021,first,False,2,W3154463028
5101506940,2021,first,False,2,W3199926081
5101507232,2020,middle,True,4,W3091945272
5101507341,2019,middle,False,10,W2946617802
5101507883,2020,middle,False,4,W3099434402
5101508047,2021,middle,False,8,W3206867815
5101509274,2021,last,False,4,W3195841842
5101511614,2019,last,False,4,W2963621436
5101511712,2020,middle,False,11,W3037624666
5101511820,2020,last,False,3,W3115808866
5101511862,2020,last,False,6,W2960538829
5101511899,2021,first,False,4,W4214891623
5101512376,2021,last,False,2,W4205281950
5101512417,2020,middle,True,5,W3088309569
5101513179,2022,last,False,3,W4287888400
5101513212,2021,middle,False,5,W3213593461
5101513808,2022,middle,False,3,W4294658796
5101514503,2021,last,False,5,W3217675075
5101514893,2021,middle,False,5,W3177155497
5101514944,2022,middle,False,6,W4310474990
5101515037,2020,middle,False,6,W3088025278
5101515155,2022,middle,False,4,W4214825821
5101515928,2021,middle,False,9,W3156273683
5101516307,2021,middle,False,4,W3214319339
5101516600,2021,middle,False,4,W3212440929
5101517779,2021,last,False,5,W3175095612
5101518248,2022,middle,False,6,W4312245858
5101518689,2022,middle,False,5,W4287854750
5101518692,2020,middle,False,6,W3114415468
5101518879,2019,middle,False,6,W2970785793
5101518959,2022,first,False,6,W3165168781
5101519967,2022,middle,False,5,W4301373700
5101520942,2020,middle,False,5,W3009654469
5101522100,2019,last,False,7,W2982536084
5101522864,2020,first,False,4,W3106926249
5101523045,2021,middle,False,5,W3164453494
5101523298,2022,middle,False,5,W4312913651
5101523859,2020,middle,False,4,W3115123200
5101524928,2021,first,False,4,W3167241034
5101525816,2022,first,False,5,W4225658837
5101526001,2021,first,False,6,W4226168177
5101526257,2021,first,False,5,W4205795053
5101526745,2021,middle,False,3,W3212100893
5101527136,2021,first,False,3,W3200831063
5101527151,2022,middle,False,6,W4310572902
5101527631,2020,last,False,3,W3035540807
5101528069,2022,middle,False,6,W3206706278
5101528687,2022,first,False,8,W4221160683
5101529136,2022,first,False,6,W4385574560
5101529871,2021,first,False,5,W4214733921
5101530010,2022,middle,False,6,W4220705434
5101530205,2022,middle,False,9,W4210891265
5101530425,2022,first,False,2,W4310083486
5101530546,2019,first,False,8,W2985358197
5101531241,2020,middle,False,7,W3033585268
5101531697,2021,first,False,3,W4205752582
5101531766,2021,middle,False,5,W3176565349
5101532821,2020,last,False,3,W3045656322
5101532867,2019,first,True,2,W2983202714
5101533496,2020,last,False,4,W3104774463
5101534260,2022,first,False,6,W4312971273
5101534540,2021,middle,False,5,W4200083042
5101534682,2022,middle,False,10,W4226136917
5101535092,2020,first,False,2,W3119589059
5101535733,2022,first,False,18,W4221148741
5101536109,2022,middle,False,4,W4385301023
5101536196,2020,middle,False,5,W3158766267
5101536657,2020,middle,False,7,W3104373745
5101536737,2022,middle,True,5,W4304607226
5101537931,2020,middle,False,6,W3035591180
5101538108,2019,first,True,5,W2985881660
5101538186,2019,middle,False,6,W2978808818
5101538411,2020,middle,False,5,W3105218667
5101540090,2021,first,False,12,W3158873112
5101540850,2022,last,False,3,W4292793918
5101541045,2022,middle,False,4,W4320024019
5101541061,2022,middle,False,6,W4229044847
5101541173,2022,middle,False,8,W4287854430
5101541372,2022,middle,False,7,W4282959781
5101541676,2022,middle,False,19,W4285211735
5101541766,2022,middle,False,10,W4313525648
5101542494,2021,middle,False,6,W4200058928
5101544732,2020,last,False,5,W3105486918
5101546528,2020,first,False,3,W3126655516
5101546784,2021,last,False,6,W4225688135
5101546960,2022,last,False,3,W3097320994
5101548928,2021,last,False,5,W3127619158
5101549972,2020,first,False,4,W3112739920
5101552183,2020,middle,False,11,W3094616447
5101552797,2021,middle,False,8,W3193420843
5101552980,2021,first,False,6,W3163339651
5101553858,2021,middle,False,5,W3194820837
5101554099,2022,middle,False,5,W3094130708
5101555959,2020,middle,False,9,W3044249632
5101556071,2022,middle,True,6,W4313287653
5101556233,2022,middle,False,5,W4225647599
5101557976,2020,last,True,5,W3047371621
5101558479,2022,last,False,12,W4280500332
5101560152,2022,middle,False,7,W4385573556
5101560895,2020,first,False,6,W3118018449
5101563071,2022,middle,False,5,W4308234197
5101564697,2022,first,False,6,W4283707013
5101567090,2019,last,False,5,W3012133245
5101567437,2021,first,False,7,W3211479099
5101567552,2022,middle,False,8,W4283802339
5101567693,2020,first,True,2,W3116797455
5101567750,2020,middle,False,4,W3015553975
5101569677,2022,last,False,4,W3210380065
5101569679,2021,last,False,4,W4206078246
5101569699,2022,middle,False,5,W4385573867
5101571225,2022,last,False,6,W4307955350
5101571936,2021,last,False,3,W3162843412
5101573172,2022,middle,False,5,W4294658070
5101573247,2022,middle,False,11,W4200631540
5101573857,2020,last,False,3,W3041096702
5101573934,2022,middle,False,14,W4404783489
5101574233,2020,first,False,4,W3088824323
5101574415,2022,middle,False,7,W4385567008
5101575234,2022,middle,True,6,W4214492748
5101576369,2022,first,False,5,W4294946194
5101577122,2021,middle,False,3,W4200087146
5101578643,2019,last,False,2,W3013425274
5101578645,2022,middle,False,6,W4312844731
5101578655,2022,middle,False,5,W3094130708
5101579220,2022,middle,False,4,W4220973222
5101579465,2021,middle,False,4,W3213639431
5101579518,2019,middle,False,5,W3006183529
5101579713,2021,middle,False,7,W3161768215
5101579765,2022,middle,False,9,W4361732944
5101580521,2019,middle,False,4,W2970454332
5101581993,2020,middle,False,5,W3116203071
5101582332,2020,middle,False,15,W3088112290
5101583277,2019,middle,False,11,W2984305408
5101585101,2020,first,False,2,W3115908473
5101585352,2019,middle,False,9,W2961575557
5101585391,2021,middle,False,7,W3178751578
5101585745,2020,middle,False,3,W3035089734
5101585946,2021,middle,False,7,W3175339114
5101585958,2021,first,False,8,W3206867815
5101586444,2020,middle,False,6,W3117878759
5101586921,2022,middle,False,6,W4385573069
5101587247,2022,middle,False,5,W4226263264
5101589053,2022,middle,False,5,W4285290744
5101589508,2022,middle,False,9,W4210827199
5101590151,2022,first,False,2,W4283821415
5101590561,2020,last,False,3,W3121103639
5101590571,2021,last,False,3,W4200103826
5101591101,2021,middle,False,7,W4206198736
5101592508,2021,last,False,4,W3208655822
5101593048,2019,last,False,4,W2971345087
5101593224,2022,middle,False,18,W4289523162
5101594068,2021,middle,False,8,W3204619801
5101595500,2021,middle,False,6,W3172399575
5101595501,2022,last,False,5,W4224049561
5101595779,2019,first,False,2,W2995157073
5101595868,2021,middle,False,8,W3173673636
5101596441,2022,last,False,3,W4295047711
5101597404,2020,middle,False,7,W3116757119
5101597421,2022,last,False,5,W4308579532
5101598836,2019,first,False,5,W2967874668
5101599859,2021,first,False,3,W3197177708
5101600477,2022,last,False,4,W4226185779
5101600673,2021,first,False,9,W3173891391
5101601502,2021,middle,False,5,W3200874137
5101601578,2022,middle,False,7,W4292852496
5101602501,2019,last,False,3,W3007399118
5101602536,2021,first,False,13,W3162347631
5101602748,2021,first,False,6,W4225688135
5101603422,2022,first,False,5,W4287887710
5101605770,2021,last,False,5,W4225367233
5101606546,2020,first,False,2,W3107645194
5101606655,2022,first,False,2,W4385574342
5101607148,2020,middle,False,10,W3095189764
5101607191,2022,first,False,6,W4290874890
5101607833,2020,middle,False,5,W3035678232
5101607918,2021,middle,False,3,W3146163893
5101608201,2022,middle,False,5,W4293065576
5101608873,2020,middle,False,5,W3147400436
5101610217,2022,middle,False,7,W4385573954
5101610258,2021,first,False,5,W2981875947
5101610687,2022,middle,False,6,W4213163635
5101611838,2021,last,False,4,W4206778928
5101612061,2022,last,False,6,W4308643083
5101612450,2020,last,False,2,W3123869211
5101613966,2021,last,False,6,W3186479087
5101614012,2022,middle,False,4,W4283732546
5101614266,2020,last,False,7,W3099919888
5101614443,2022,middle,False,7,W4312981036
5101614562,2020,last,False,2,W3101663736
5101614662,2022,first,False,8,W4213087197
5101614675,2022,middle,False,6,W4213163635
5101615349,2019,last,False,5,W3004264980
5101615578,2022,middle,False,5,W4285306609
5101615874,2020,first,False,7,W3169090692
5101616524,2020,first,False,3,W3115703502
5101616573,2022,last,False,4,W4312747218
5101616866,2020,middle,False,5,W3092456670
5101616897,2020,middle,False,5,W3044645765
5101617336,2022,middle,False,7,W4221167637
5101617586,2019,middle,False,6,W2970863760
5101618071,2021,middle,False,9,W3163842642
5101618416,2021,last,False,2,W4205605869
5101618645,2021,middle,False,6,W3162748751
5101619735,2022,middle,False,6,W4297841875
5101620149,2020,last,False,3,W3058800094
5101621483,2019,middle,False,5,W2986266667
5101621613,2021,middle,False,6,W3107617916
5101622683,2021,middle,False,3,W3186646580
5101622992,2019,middle,False,6,W2961010423
5101624106,2021,middle,False,9,W3209034179
5101624782,2020,middle,False,5,W3024881870
5101625765,2020,middle,False,5,W3035446106
5101626050,2022,middle,False,5,W4285393885
5101626204,2022,middle,False,6,W4283207618
5101626332,2020,middle,False,5,W3046747294
5101627183,2022,middle,False,6,W4311769714
5101627498,2021,last,False,6,W4200021102
5101629310,2019,first,False,2,W2997394673
5101629398,2022,middle,False,6,W4308236201
5101630043,2021,middle,False,6,W3186632081
5101631943,2021,middle,True,6,W3135008634
5101631994,2022,middle,False,4,W4224917057
5101632572,2021,middle,True,5,W3160137267
5101632749,2021,middle,False,3,W3182781238
5101633465,2022,middle,False,9,W4285803722
5101633476,2022,middle,False,12,W4281643269
5101633771,2020,middle,False,5,W3132423895
5101633893,2022,middle,False,5,W4280580200
5101634083,2022,middle,False,6,W4309091499
5101634791,2019,first,False,4,W2983408952
5101635405,2019,middle,False,5,W2971031524
5101635565,2022,first,False,6,W4282576498
5101635747,2021,first,True,5,W3156622706
5101635856,2020,middle,False,5,W3007652212
5101636691,2020,first,True,5,W3107106666
5101637267,2022,middle,False,7,W4304080240
5101637573,2021,first,False,6,W4200292123
5101638065,2022,middle,False,5,W4293064497
5101638080,2022,middle,True,4,W4213429336
5101638562,2019,first,False,2,W3011571955
5101638988,2020,last,True,3,W3113529478
5101639120,2019,middle,False,3,W2993113079
5101639297,2022,first,False,4,W4226103007
5101639531,2021,middle,True,7,W4200395878
5101639735,2020,middle,False,7,W2997585029
5101640007,2020,middle,False,5,W3037636427
5101640613,2020,middle,False,17,W3016395792
5101640842,2021,first,False,6,W3174542349
5101641531,2021,last,False,3,W3201258795
5101642395,2021,middle,False,16,W3147637074
5101642826,2021,middle,False,6,W4226168177
5101643168,2020,last,False,3,W3111707478
5101643267,2020,middle,False,3,W3113639015
5101644114,2021,first,False,3,W3173937618
5101644168,2022,middle,False,6,W4312313074
5101644890,2020,first,False,3,W3080563675
5101645258,2022,middle,False,7,W3216551675
5101645356,2022,middle,False,4,W4220745010
5101645557,2019,middle,False,6,W2963547127
5101645590,2020,middle,False,6,W2999363952
5101645607,2020,last,False,5,W2899641901
5101645665,2022,middle,False,14,W4308025419
5101646487,2020,last,False,2,W3043102475
5101647485,2019,middle,False,7,W3000100294
5101649257,2022,middle,False,24,W4318603275
5101649484,2021,middle,False,8,W3208306314
5101649810,2021,first,False,5,W3160883893
5101650717,2019,first,False,2,W2979739940
5101651165,2020,first,False,5,W3034876042
5101651257,2020,middle,False,5,W3092750916
5101651291,2022,last,False,7,W4224925089
5101651401,2020,middle,False,6,W3094243077
5101651748,2021,first,False,3,W3159640200
5101652191,2021,middle,False,5,W3174445427
5101652486,2019,middle,False,15,W2970752831
5101652546,2021,middle,False,9,W4205466227
5101652725,2022,last,False,10,W4385574133
5101652939,2020,middle,False,4,W3046764764
5101653272,2022,last,False,5,W4299886057
5101653892,2022,first,False,6,W4321512651
5101654008,2021,middle,False,6,W3214163703
5101654149,2021,middle,False,3,W3168439772
5101655447,2021,middle,True,4,W3163938617
5101655448,2021,middle,False,8,W3184229771
5101655902,2021,middle,False,6,W3203177300
5101656979,2021,first,False,6,W4200563083
5101659200,2022,first,True,11,W4385573863
5101659840,2022,last,False,2,W4295422770
5101659953,2021,first,True,1,W4285342597
5101660487,2022,first,False,2,W4293523025
5101660672,2022,middle,False,5,W4210879464
5101661008,2019,last,False,6,W2950428495
5101661591,2022,first,False,3,W4308455113
5101661854,2021,middle,True,5,W3133470599
5101661861,2021,first,False,4,W4200068033
5101662100,2022,middle,False,7,W4287578560
5101662204,2020,first,False,5,W3015786698
5101662262,2021,middle,False,6,W3112172934
5101662771,2021,last,False,3,W4210433544
5101663126,2021,middle,False,10,W3177474367
5101663219,2022,last,False,3,W4293083618
5101664013,2021,middle,False,6,W3209219303
5101664515,2021,first,False,6,W3174226126
5101664633,2021,middle,True,4,W3161397599
5101664770,2021,last,False,2,W3213543097
5101664962,2022,middle,False,8,W4293339592
5101666011,2021,last,False,8,W3138516171
5101666102,2021,last,False,3,W3170343681
5101666117,2022,middle,True,6,W4213457947
5101666498,2021,middle,False,12,W3208990279
5101667939,2022,first,False,5,W4308370073
5101667956,2021,last,False,3,W4205690061
5101668541,2021,first,False,7,W3202312310
5101668745,2021,last,False,6,W3177219148
5101669174,2021,middle,False,6,W3211093388
5101669635,2021,first,True,3,W3175689281
5101670320,2022,middle,False,4,W4385567257
5101670508,2022,middle,False,6,W4287854564
5101671767,2022,middle,False,7,W4313525580
5101671774,2020,first,False,3,W3087613136
5101672372,2021,middle,False,6,W3133633832
5101674307,2021,middle,False,10,W3202078810
5101674460,2020,first,False,4,W3030056709
5101675323,2022,middle,False,6,W4312747482
5101678004,2020,middle,False,8,W3034475786
5101678354,2021,middle,False,5,W4206755963
5101678578,2022,middle,False,6,W4310063123
5101679256,2022,last,False,8,W4224981150
5101679307,2020,last,False,9,W3115081393
5101679873,2021,first,False,3,W3211722597
5101680034,2020,middle,False,4,W3102345918
5101681014,2021,middle,False,4,W3211924914
5101682159,2020,last,False,7,W3042196038
5101682776,2021,first,False,3,W3174441232
5101683153,2021,middle,False,3,W4214853627
5101683944,2022,middle,False,6,W4309745330
5101684025,2022,last,False,6,W4296442413
5101684374,2022,middle,False,6,W4385572692
5101687277,2021,first,False,7,W3141261903
5101687283,2019,middle,False,8,W2989186566
5101687931,2020,middle,False,7,W3035499295
5101688012,2022,middle,False,11,W4229034605
5101688218,2020,last,False,5,W3103722398
5101688423,2021,middle,False,4,W3155038476
5101688710,2020,last,False,3,W4287829148
5101689698,2021,middle,False,9,W3133862166
5101690738,2021,first,False,5,W3215436034
5101691892,2022,middle,False,5,W4312458691
5101692032,2020,first,False,4,W3092622998
5101692354,2022,middle,False,7,W4385573551
5101692462,2022,middle,False,5,W4283322981
5101693600,2019,middle,True,7,W2971136144
5101695074,2021,middle,False,5,W3208449471
5101695361,2022,first,False,7,W4292387160
5101695947,2022,middle,False,7,W4312338350
5101696204,2020,last,False,5,W3024030678
5101698034,2019,last,False,6,W2970450228
5101698378,2022,middle,False,5,W4205199446
5101698803,2020,middle,False,8,W3034808961
5101699052,2022,middle,False,6,W4283317348
5101699552,2021,middle,False,6,W3048835936
5101700398,2021,first,False,3,W3174231090
5101701941,2022,first,False,5,W4281398567
5101701960,2021,middle,False,8,W3210395416
5101702764,2022,last,False,4,W4292348010
5101702810,2022,middle,False,12,W4312956471
5101703529,2021,first,False,3,W4226424051
5101703579,2022,middle,False,6,W4281390172
5101703681,2021,middle,False,7,W3199893015
5101704510,2022,middle,False,4,W4309478457
5101704886,2022,last,False,5,W4313527340
5101705090,2021,last,False,6,W3167698605
5101705529,2022,middle,False,8,W4226058394
5101705935,2022,middle,True,11,W4321015976
5101706633,2021,middle,False,10,W3160628828
5101706991,2021,middle,False,6,W3187908937
5101707037,2021,last,False,3,W4297123578
5101707624,2020,middle,False,4,W3098994456
5101707899,2019,last,False,6,W2970849009
5101708377,2020,last,False,4,W3163060917
5101708632,2022,middle,False,5,W4226018502
5101709318,2020,first,False,8,W3115532187
5101709936,2022,first,False,6,W4312763117
5101711221,2021,first,False,7,W4225512842
5101712130,2022,last,False,2,W4376609231
5101713885,2019,middle,False,7,W2970586934
5101714573,2022,first,False,2,W3194998303
5101715504,2019,middle,False,4,W2962786758
5101715613,2021,first,False,6,W4205391960
5101716065,2021,middle,False,5,W3168480603
5101717685,2019,middle,False,4,W2971325593
5101718233,2022,last,False,7,W4287854548
5101718341,2019,last,False,5,W2950739345
5101719439,2022,middle,False,4,W4323521268
5101722154,2022,middle,False,3,W4304845461
5101722406,2021,middle,False,9,W3210951978
5101722493,2020,last,False,4,W3037903309
5101722534,2022,last,False,4,W4310731429
5101722683,2022,middle,False,11,W4223622550
5101723557,2021,middle,False,4,W3215988318
5101724334,2022,middle,False,5,W4312904978
5101724476,2022,first,False,7,W4295064620
5101725420,2022,middle,False,3,W4321062122
5101726016,2022,last,True,5,W4210820433
5101726177,2020,first,False,3,W3032084709
5101726423,2021,middle,False,10,W3208668155
5101728117,2021,last,False,3,W3175199633
5101728381,2022,middle,False,5,W4316924423
5101729597,2022,first,False,4,W4283380793
5101730105,2021,middle,False,6,W4205803335
5101730979,2022,last,False,3,W4220745529
5101731285,2021,middle,False,7,W3217463528
5101731298,2019,first,False,4,W2967269971
5101731642,2022,middle,False,5,W4313245155
5101731788,2019,middle,False,6,W2921890305
5101732307,2022,first,False,9,W4280596951
5101732544,2022,middle,False,6,W4296622899
5101734731,2020,middle,False,6,W3093981631
5101735079,2021,middle,True,3,W3206914982
5101735240,2021,first,False,6,W4211037775
5101735404,2022,middle,False,15,W4385574075
5101735746,2022,last,False,3,W4224997359
5101736283,2022,last,False,3,W4309701552
5101736732,2020,first,False,6,W3085277538
5101737587,2019,first,False,3,W2972081044
5101737630,2021,middle,False,5,W3183764363
5101738014,2020,middle,False,14,W3010140913
5101738280,2020,first,False,2,W3129710953
5101738456,2022,middle,False,7,W4313030848
5101739594,2019,first,False,7,W2970205254
5101739734,2022,middle,False,5,W4312882605
5101740900,2021,last,False,6,W4285355386
5101742790,2022,first,False,3,W4285226597
5101743078,2022,first,False,2,W4285120361
5101743105,2021,last,False,5,W3207610752
5101744407,2022,last,False,6,W4313146510
5101744803,2020,middle,False,4,W3099051003
5101744904,2022,first,True,1,W4283799002
5101745046,2021,first,False,5,W3206646281
5101745105,2022,last,False,2,W4386159709
5101745213,2022,middle,False,3,W4225279541
5101746515,2020,middle,False,7,W3017848151
5101746725,2022,middle,False,5,W4285105012
5101747001,2022,middle,False,10,W4206221224
5101747320,2021,first,True,2,W3192083251
5101748270,2019,middle,False,5,W3000580701
5101748553,2022,middle,False,8,W4287849789
5101748794,2022,middle,False,6,W4313306305
5101750370,2022,first,True,4,W3214002750
5101750692,2021,last,False,4,W3174647212
5101751061,2022,last,False,3,W4311597670
5101751242,2021,last,False,4,W3175533348
5101751776,2019,middle,False,4,W2971033911
5101752005,2022,middle,False,5,W4285290202
5101752081,2020,middle,False,5,W3080555119
5101753050,2021,last,False,5,W3195645898
5101754632,2022,middle,False,5,W4220932801
5101755033,2021,middle,False,4,W3165074364
5101755392,2019,middle,False,17,W2970731908
5101756071,2020,last,False,6,W3099843385
5101756436,2019,middle,False,7,W2970205254
5101756448,2022,middle,False,6,W4293582966
5101757049,2022,middle,False,6,W4304142048
5101758409,2022,first,False,6,W4297238266
5101758608,2022,middle,False,7,W4313136445
5101758654,2022,middle,False,5,W4225159663
5101758845,2021,last,False,3,W3186253370
5101759345,2021,middle,False,8,W3206651063
5101759953,2022,middle,False,12,W4290802352
5101760336,2022,last,False,5,W4205199446
5101760682,2022,middle,False,5,W4312937942
5101761266,2021,middle,False,5,W3172845486
5101761507,2022,middle,False,4,W4287854995
5101761894,2022,first,False,4,W4308426163
5101762391,2022,first,False,4,W4226334005
5101762633,2022,middle,False,5,W4293770948
5101765002,2021,middle,False,11,W4206487888
5101765477,2022,middle,False,6,W4312251806
5101765788,2022,first,False,8,W4223412181
5101765974,2022,middle,False,6,W4385573185
5101766936,2021,middle,False,5,W3156558703
5101768349,2019,last,False,5,W2939380783
5101768802,2022,middle,False,5,W4206485217
5101769227,2020,last,False,5,W3154095814
5101769250,2022,middle,False,7,W4385574173
5101769644,2020,middle,False,5,W3034987881
5101771748,2021,middle,False,11,W4200627592
5101772444,2022,middle,False,5,W4309969736
5101772460,2022,middle,False,6,W4385300677
5101773536,2020,middle,False,7,W3042874060
5101773732,2022,middle,False,5,W4294974800
5101774193,2022,first,False,4,W4312876730
5101774659,2022,middle,False,3,W4306393960
5101775415,2021,last,False,3,W3205097059
5101775708,2022,middle,False,5,W4308085472
5101776086,2021,middle,False,5,W3195026654
5101776167,2021,first,False,3,W3160481349
5101776528,2022,middle,False,4,W4311167039
5101777591,2020,middle,False,7,W3095373628
5101778490,2022,middle,False,19,W4296068815
5101779347,2022,first,False,3,W4285264420
5101779827,2022,last,False,3,W4225966488
5101780303,2022,middle,False,5,W3216624169
5101780758,2019,first,False,4,W2982054702
5101780958,2021,last,False,3,W3175557894
5101781794,2022,middle,False,4,W4307050653
5101783096,2021,first,False,3,W3170759063
5101783316,2021,middle,False,10,W3194813479
5101783854,2022,last,False,6,W4312300665
5101786165,2020,middle,False,10,W2998036008
5101787171,2021,middle,False,7,W3207798279
5101787439,2019,middle,False,5,W3006183529
5101787514,2019,middle,False,6,W3008363190
5101788010,2022,middle,False,6,W4225773902
5101788189,2019,middle,True,3,W2981163821
5101789012,2022,middle,False,5,W4304755973
5101789705,2020,middle,False,8,W3115532187
5101789719,2021,first,False,7,W3172871932
5101790591,2022,middle,False,4,W4282586475
5101790663,2020,last,False,4,W3101327207
5101790769,2022,middle,False,15,W4286480083
5101791703,2020,middle,False,7,W3091889354
5101791717,2022,middle,False,12,W3203407300
5101792053,2021,middle,False,5,W3173376018
5101792673,2020,middle,False,5,W3080259327
5101793087,2019,middle,False,5,W2988294541
5101793945,2019,middle,False,6,W3015747699
5101793983,2020,middle,False,5,W2998173657
5101794048,2022,first,False,6,W4328028808
5101794146,2020,first,False,6,W3033903878
5101794246,2021,middle,False,10,W3167225314
5101794864,2022,middle,False,4,W4287854903
5101795165,2020,last,False,7,W3106301701
5101796015,2022,first,False,7,W4285742007
5101796077,2022,middle,False,6,W4292380299
5101796417,2020,first,False,5,W3034797437
5101796595,2020,middle,False,5,W3118205297
5101797092,2022,middle,False,15,W4313128715
5101798089,2020,first,False,3,W3115180239
5101798145,2022,middle,False,4,W4312883026
5101798630,2022,middle,False,6,W4287891172
5101799190,2021,middle,False,6,W3190534097
5101799342,2020,first,False,2,W3116273293
5101799605,2021,middle,False,3,W3175557894
5101799872,2020,middle,False,4,W3113542424
5101800291,2022,middle,False,6,W4312294604
5101800671,2021,first,False,4,W3212160013
5101801093,2021,middle,False,5,W3208653696
5101801602,2021,last,False,4,W4210572271
5101801967,2021,middle,False,4,W3123379976
5101802051,2022,middle,False,4,W4285303086
5101802085,2022,last,False,8,W4224926216
5101802659,2022,middle,False,6,W4328028664
5101802832,2021,last,False,2,W3161818506
5101802990,2020,first,False,6,W3093657314
5101803731,2022,last,True,3,W4280625230
5101805061,2021,middle,True,4,W3199231060
5101805827,2020,last,False,2,W3006948250
5101805853,2021,middle,False,13,W3212888739
5101806150,2021,middle,False,6,W3186053345
5101808217,2022,last,False,5,W4385572826
5101808282,2021,middle,False,7,W3173586048
5101808353,2022,middle,False,6,W4225004701
5101808867,2021,middle,False,3,W4206805569
5101808967,2021,middle,False,5,W3183960553
5101809652,2022,first,False,3,W4283779551
5101811771,2022,first,False,14,W4293181503
5101812138,2022,middle,False,3,W4221132821
5101812346,2020,last,False,2,W3037298611
5101813009,2022,middle,False,9,W4207027022
5101813166,2022,first,False,3,W4283799640
5101813286,2022,middle,False,6,W3207149528
5101813434,2021,first,False,4,W3199712787
5101813814,2021,middle,False,8,W3173176143
5101814773,2022,middle,False,3,W4284879283
5101814990,2021,middle,False,9,W4200285122
5101815181,2019,last,False,5,W2970521905
5101815479,2022,last,False,5,W4312768869
5101815945,2020,last,False,3,W2997108628
5101815953,2021,first,False,5,W3185073554
5101818033,2020,middle,False,5,W2998640556
5101819099,2022,last,False,6,W4309374889
5101820022,2022,first,False,6,W4317242552
5101820549,2019,middle,False,5,W3063384677
5101821304,2022,middle,False,5,W4280583915
5101821970,2021,middle,False,4,W3093891978
5101822188,2020,middle,False,4,W3102645206
5101822373,2022,middle,False,6,W4327782057
5101824074,2020,first,False,2,W3112594358
5101824160,2020,first,False,8,W3112302456
5101826992,2021,middle,False,5,W3195385865
5101828824,2021,middle,False,6,W3139508020
5101829031,2019,last,False,2,W2979928633
5101829098,2022,middle,False,7,W3201983976
5101829260,2020,middle,False,6,W3171459814
5101829615,2021,first,True,3,W3186594391
5101829682,2022,last,True,4,W4310552918
5101829754,2020,last,False,4,W3117519745
5101829955,2022,middle,False,5,W4226118487
5101829990,2021,last,False,5,W3168841222
5101830017,2022,middle,False,8,W4214808100
5101831247,2021,middle,False,5,W3216631677
5101831413,2021,last,False,5,W3138819866
5101833192,2022,middle,False,6,W4286701684
5101833374,2022,middle,False,15,W4286480083
5101833829,2021,last,False,6,W4225726141
5101834321,2020,middle,False,11,W3035718760
5101834699,2019,middle,True,6,W2912904516
5101834916,2022,first,False,4,W4285237093
5101835714,2021,middle,False,5,W3193176023
5101835929,2022,middle,False,7,W4308887525
5101837435,2022,middle,False,5,W4385573925
5101837772,2022,middle,False,8,W4285105124
5101838024,2022,middle,False,7,W4312318972
5101838316,2020,first,False,5,W3147400436
5101839285,2021,first,False,2,W4205183970
5101839615,2022,middle,False,9,W4385573003
5101839677,2021,middle,False,10,W3202078810
5101841169,2020,middle,False,6,W3115267989
5101841177,2021,last,False,2,W3201148999
5101841330,2022,middle,False,12,W4294975305
5101841611,2022,last,False,4,W4285815298
5101841939,2020,middle,False,5,W3046040002
5101842485,2021,middle,False,3,W4206700508
5101843787,2022,middle,False,4,W4312124100
5101846182,2022,middle,False,6,W4385567047
5101846194,2022,middle,False,5,W4280490223
5101847965,2020,middle,False,5,W3113710448
5101848201,2022,middle,False,5,W4225159691
5101848504,2021,middle,False,6,W3214233465
5101848634,2020,middle,False,5,W3037678457
5101849811,2022,middle,False,5,W4285605369
5101849856,2020,first,False,4,W3109320561
5101849949,2022,middle,False,9,W4312877428
5101850449,2021,last,False,3,W4205752582
5101850650,2021,first,False,5,W3173176471
5101850693,2019,middle,False,15,W2970279348
5101850837,2022,middle,False,10,W3201734921
5101850838,2022,first,False,5,W3194325860
5101851065,2020,middle,False,8,W3035485997
5101852536,2021,first,False,4,W4214597502
5101853531,2021,middle,False,7,W3176721746
5101853761,2020,last,False,8,W3104464572
5101853864,2022,middle,False,8,W4281696987
5101854073,2022,middle,False,5,W4311167584
5101854123,2019,last,False,9,W2986178925
5101854790,2020,middle,True,4,W3004825995
5101854992,2022,middle,False,6,W4296442677
5101855576,2020,last,False,3,W3117242703
5101856072,2020,first,False,5,W3024881870
5101856207,2022,first,False,7,W4225580830
5101856573,2022,first,False,3,W4284879283
5101857422,2019,middle,False,5,W2972158886
5101858848,2022,first,False,5,W4287511926
5101859272,2022,middle,False,4,W4360997035
5101859490,2022,middle,False,9,W4225001840
5101859889,2022,first,False,7,W4312293836
5101859941,2022,first,False,2,W4361732920
5101860136,2022,middle,False,8,W4226217255
5101862140,2021,first,False,6,W3157008829
5101862659,2022,first,False,7,W4293519292
5101863006,2021,middle,False,6,W3157393048
5101863385,2020,first,False,10,W3095189764
5101863447,2022,middle,False,17,W4292829068
5101864135,2022,middle,False,4,W4311404676
5101864342,2021,last,False,5,W3155510817
5101865732,2022,last,True,4,W4282586475
5101867853,2021,first,False,3,W3177239160
5101867956,2020,first,False,3,W3045538798
5101868311,2019,middle,False,6,W2970959783
5101868923,2021,last,False,5,W3154537295
5101868991,2022,first,False,3,W4319781551
5101869831,2022,middle,False,5,W4285210829
5101869895,2021,middle,False,5,W4200098147
5101871897,2021,middle,False,4,W3202810978
5101873438,2022,first,False,3,W4297798768
5101873754,2022,last,False,3,W4226020328
5101874107,2022,middle,False,7,W3205154814
5101875418,2021,middle,False,5,W3197236059
5101875732,2022,middle,False,19,W4297977478
5101875767,2022,last,False,7,W4385573779
5101877535,2022,middle,False,6,W4312411678
5101879872,2021,middle,True,4,W3177806915
5101880377,2022,last,False,3,W4385573569
5101880946,2020,first,False,4,W3114845983
5101881488,2022,first,False,7,W4281964506
5101881571,2020,middle,False,6,W3113681927
5101881666,2020,middle,False,6,W3035927493
5101882040,2020,last,True,5,W3080411315
5101882326,2019,last,False,7,W2995559676
5101882785,2022,first,False,3,W4327500867
5101883722,2020,first,False,9,W3137678309
5101884287,2019,last,False,6,W2970925677
5101884750,2020,first,False,6,W3102556897
5101886090,2022,middle,False,7,W4224253852
5101887051,2022,middle,False,10,W4287890458
5101887931,2020,last,False,3,W3099987998
5101887977,2020,last,False,5,W3131290958
5101888659,2021,first,False,8,W3183671432
5101888897,2022,middle,False,9,W4317495847
5101889169,2021,last,False,3,W3156503814
5101890757,2020,middle,False,8,W3103420681
5101890760,2020,middle,False,7,W3105973526
5101891193,2021,middle,False,3,W3199350934
5101891276,2021,middle,False,3,W3001393026
5101891511,2021,middle,False,3,W4205993309
5101892965,2022,first,False,8,W4307651724
5101893750,2022,last,False,6,W4287888044
5101894661,2020,middle,False,5,W2999607687
5101895423,2019,middle,False,9,W2986178925
5101896335,2021,middle,False,6,W4206565514
5101897117,2022,middle,False,4,W4225596864
5101897479,2022,middle,False,11,W4221021785
5101897942,2019,last,False,4,W3020699346
5101898207,2020,middle,False,6,W2997464781
5101898313,2019,last,False,4,W2972771542
5101898339,2021,middle,False,6,W4200292123
5101898805,2020,last,False,5,W3046747294
5101898982,2021,middle,False,6,W3123799706
5101899300,2022,last,False,3,W4285273243
5101900435,2020,middle,False,7,W2997354568
5101902224,2022,middle,False,6,W4309374889
5101902557,2022,middle,False,7,W4311780066
5101903408,2022,middle,False,5,W4308521113
5101903807,2021,middle,False,16,W3173295223
5101904019,2021,first,False,5,W3146463158
5101904182,2020,last,False,5,W3086941321
5101904237,2019,first,False,5,W2971062717
5101904472,2021,first,False,3,W3187669469
5101904686,2022,middle,True,5,W4214492518
5101904821,2021,middle,False,5,W3201987110
5101905297,2021,middle,False,6,W3179680410
5101905617,2020,first,False,3,W3106996681
5101906222,2022,last,False,6,W4313525610
5101906756,2019,last,True,4,W2971263425
5101907718,2021,last,True,5,W3159224251
5101908109,2022,first,False,2,W4224273950
5101909174,2022,first,False,6,W4310474990
5101909683,2020,last,False,3,W3016032431
5101909975,2022,middle,True,13,W4293088946
5101910805,2020,middle,False,6,W3127923369
5101911275,2022,first,False,6,W4312247736
5101912623,2021,first,False,5,W3198947798
5101913650,2022,middle,False,5,W4285606196
5101913669,2019,middle,False,7,W2982536084
5101914316,2021,middle,False,3,W3193911894
5101914850,2021,middle,False,4,W3213803779
5101916963,2022,middle,False,10,W4303478269
5101917127,2022,middle,False,3,W4319586585
5101917143,2022,middle,False,4,W4221152141
5101917828,2021,first,False,2,W3198923023
5101919131,2020,middle,False,8,W3103837983
5101919615,2020,middle,False,8,W3106221893
5101919658,2021,first,False,4,W3123048677
5101920273,2021,first,False,5,W3129503315
5101920480,2020,last,False,4,W3115690768
5101921959,2022,last,False,6,W4313210659
5101922055,2020,last,False,8,W3114361292
5101924412,2022,middle,False,7,W4385567008
5101924413,2021,middle,False,4,W3165967177
5101925551,2021,middle,False,8,W3201342367
5101925641,2021,middle,False,5,W3196965931
5101925654,2022,last,False,7,W4226147979
5101926080,2020,middle,True,15,W3035833355
5101926858,2020,middle,False,11,W3035718760
5101927047,2021,first,False,3,W3155427814
5101927469,2022,middle,False,6,W4313457093
5101929475,2022,first,False,6,W4226423782
5101929507,2019,last,False,2,W3011861456
5101930951,2021,first,True,1,W3205239183
5101931073,2022,middle,False,3,W4292830175
5101931947,2021,first,False,4,W4213019342
5101934562,2022,last,False,5,W4285168515
5101935395,2021,middle,False,4,W3195888405
5101936005,2021,middle,False,5,W3196890755
5101936635,2022,last,False,5,W4308211562
5101936847,2022,middle,False,5,W4312249682
5101937063,2020,first,False,3,W3032987503
5101938010,2021,first,False,6,W4225726141
5101938385,2020,middle,False,5,W3199951992
5101939059,2022,middle,False,8,W4313139298
5101940581,2022,middle,False,7,W4292828951
5101940769,2021,middle,False,4,W3171010243
5101941950,2020,first,False,3,W3090988182
5101943964,2020,last,False,3,W3093400813
5101944426,2022,middle,False,5,W4313525385
5101946076,2020,first,False,7,W3098266846
5101947031,2021,first,True,1,W3189269552
5101947241,2021,middle,False,7,W3200039042
5101949231,2022,middle,False,6,W4283167332
5101949937,2021,middle,False,4,W4226291738
5101949995,2022,middle,False,11,W4287855194
5101950911,2022,last,False,18,W4287854440
5101952593,2021,middle,False,5,W3174692247
5101952885,2021,middle,False,4,W3197421232
5101953184,2022,last,False,3,W4214837938
5101953295,2021,middle,False,11,W3208393080
5101956272,2021,first,False,6,W3204085121
5101957153,2020,last,False,3,W3103490574
5101957211,2020,middle,False,6,W2995628494
5101957538,2021,first,False,3,W3156928032
5101957763,2022,middle,False,7,W4285218268
5101959000,2019,middle,False,5,W2986623211
5101959814,2022,last,False,6,W4224330577
5101960116,2021,middle,False,3,W3135376124
5101960398,2020,middle,False,8,W3108936148
5101960531,2021,middle,False,3,W3176638307
5101960931,2022,middle,False,7,W4221151672
5101961088,2021,middle,False,5,W3209619108
5101961602,2022,middle,False,8,W4292829055
5101961736,2021,last,False,4,W3128627341
5101962377,2021,first,False,4,W4252964886
5101962758,2021,middle,False,5,W3160157873
5101962843,2022,middle,False,4,W4286541468
5101963152,2020,first,False,4,W3114781124
5101963481,2021,first,False,6,W3167699097
5101964066,2022,middle,False,5,W4207063631
5101965993,2022,first,False,3,W4386339079
5101966096,2022,middle,False,7,W4311448413
5101966368,2022,first,False,5,W4312830855
5101966548,2022,last,False,2,W4317564501
5101966846,2022,last,False,6,W4321512651
5101967242,2022,first,False,5,W4287887252
5101967424,2019,middle,False,6,W2991788499
5101969387,2022,middle,False,8,W4293339592
5101969911,2019,last,False,4,W3011414032
5101970294,2022,middle,False,8,W4311053839
5101971226,2021,middle,False,3,W3184004182
5101971395,2022,middle,False,4,W4280636077
5101971409,2021,last,False,4,W4205432790
5101971499,2020,first,False,2,W3115265864
5101971620,2021,last,True,2,W3188759926
5101972214,2021,last,False,2,W3135383994
5101972978,2021,last,False,5,W3163557710
5101973412,2022,last,False,5,W4313525645
5101973956,2021,first,False,3,W3197748303
5101974805,2022,middle,False,5,W4295903508
5101974906,2022,middle,False,9,W4296025979
5101975391,2021,first,False,3,W3167126457
5101975931,2019,middle,False,7,W2962829230
5101975974,2020,middle,False,7,W3115632781
5101976580,2022,first,False,6,W4295046676
5101976908,2021,first,False,3,W3203895273
5101977008,2020,first,False,6,W2995628494
5101977180,2020,middle,False,5,W3095776571
5101977658,2022,middle,False,8,W3216225167
5101978553,2022,middle,False,6,W4310858572
5101978963,2022,middle,False,15,W4214672816
5101979047,2019,middle,False,3,W2985951359
5101979842,2021,first,True,6,W3126192030
5101981128,2022,middle,False,5,W4281719801
5101982146,2020,middle,False,4,W3035313462
5101982638,2022,middle,False,3,W4385573477
5101983588,2022,middle,False,7,W4306316950
5101984165,2021,first,False,2,W3201148999
5101984914,2021,middle,False,7,W3161768215
5101985030,2019,last,False,8,W2971149816
5101985050,2022,last,False,4,W4312989971
5101985848,2021,middle,False,6,W3215918380
5101986528,2020,middle,False,3,W3003875258
5101986620,2021,middle,True,19,W3176617251
5101987910,2021,last,False,8,W3182680257
5101988321,2019,middle,False,7,W2971254483
5101988984,2022,last,False,4,W3216987090
5101989123,2022,first,False,5,W4308919251
5101989446,2022,middle,False,6,W4221161778
5101989491,2021,middle,False,5,W4206020134
5101990229,2020,last,False,5,W3116968030
5101990494,2020,last,False,5,W3103854939
5101990657,2020,middle,False,7,W3106109117
5101990662,2022,first,False,4,W4293195393
5101992017,2022,first,False,6,W4313069807
5101992618,2019,first,False,4,W2952250961
5101993173,2021,middle,False,5,W3205272809
5101993753,2022,middle,False,6,W4207010576
5101993864,2022,middle,False,7,W4229006132
5101993944,2020,last,False,3,W3037195933
5101994992,2020,middle,False,4,W3114781124
5101995242,2020,first,False,4,W3035925421
5101995760,2022,first,False,5,W4307835584
5101997180,2019,middle,False,5,W2970463839
5101997375,2022,last,False,4,W4281384932
5101997385,2022,first,False,3,W3189812816
5101997874,2020,middle,False,5,W3035020961
5101998539,2021,last,False,3,W3208934527
5101999891,2021,last,True,10,W3205032592
5102000496,2021,middle,False,6,W3173789715
5102000879,2020,middle,False,7,W3108592865
5102000970,2020,middle,False,3,W3107569919
5102001334,2021,middle,False,6,W4206742848
5102002827,2020,middle,False,6,W3045683288
5102003332,2022,first,False,6,W4315836526
5102003367,2022,middle,False,14,W4404783489
5102003431,2019,middle,False,7,W2982562362
5102003608,2020,last,False,9,W3020206637
5102003658,2022,first,False,2,W4311300235
5102004233,2022,first,False,11,W4221021785
5102004334,2022,first,False,7,W3216551675
5102005543,2021,last,False,11,W3189205905
5102005647,2022,middle,False,6,W4293519522
5102006180,2022,middle,False,7,W4312318972
5102006839,2022,middle,False,7,W4225758372
5102006926,2022,last,False,7,W4221159406
5102008506,2021,middle,False,10,W3205032592
5102008600,2020,middle,False,5,W3009654469
5102008799,2020,middle,False,5,W3106625509
5102009687,2019,middle,False,4,W3011616235
5102010131,2022,middle,False,5,W4283322981
5102010167,2022,middle,False,6,W4214810920
5102010200,2022,middle,False,9,W4283689921
5102010402,2022,middle,False,8,W4285309765
5102010856,2020,middle,False,5,W3104712462
5102011179,2021,last,True,5,W3185073554
5102012658,2022,first,False,8,W4285239586
5102013485,2021,last,False,7,W3160848464
5102013661,2020,last,False,2,W3116116498
5102013779,2021,last,False,5,W3126315325
5102014086,2020,first,False,3,W3139746807
5102014720,2021,last,False,4,W3213183906
5102018134,2021,middle,False,4,W3130772487
5102018184,2022,first,False,7,W4309559560
5102018225,2021,middle,False,5,W4200346460
5102018239,2020,last,False,9,W3034608141
5102018639,2020,first,False,6,W3099142828
5102018698,2022,middle,True,9,W4295925316
5102019010,2022,middle,False,19,W4221066460
5102019205,2021,first,False,4,W3217177475
5102020125,2020,middle,False,4,W3095226752
5102020193,2020,middle,False,5,W3026878185
5102023145,2021,middle,False,10,W3159535809
5102023744,2020,middle,False,6,W3115373593
5102024141,2021,middle,False,6,W3146159709
5102024497,2020,last,False,6,W3100053428
5102025003,2020,middle,False,4,W3029428654
5102025315,2021,middle,False,4,W4214519690
5102025501,2022,last,False,3,W4296830363
5102025878,2021,middle,False,5,W4212800682
5102026365,2021,last,False,5,W3111099392
5102034516,2022,middle,False,6,W4318828902
5102065469,2021,middle,False,6,W3176858586
5102073826,2021,middle,False,10,W3166417463
5102075202,2022,last,False,2,W4226156002
5102084889,2021,first,False,5,W3174595604
5102085640,2020,last,False,3,W3016703258
5102093600,2022,middle,False,3,W4293096179
5102095407,2022,middle,False,4,W3205715971
5102098438,2022,middle,False,5,W4312768869
5102101407,2022,middle,False,3,W4293794837
5102108271,2022,middle,False,3,W4214837938
5102113936,2022,last,False,5,W4293793696
5102118046,2021,last,False,3,W4226355892
5102128057,2022,middle,False,10,W4385573293
5102138803,2021,first,False,3,W4285334574
5102146587,2021,first,False,6,W3157393048
5102149241,2022,middle,False,6,W4296340313
5102150334,2022,last,False,4,W4313535389
5102152035,2021,middle,False,6,W3211961299
5102164378,2021,middle,False,3,W3166986030
5102171465,2021,middle,False,8,W3175283974
5102191169,2021,middle,False,8,W3174396451
5102195851,2022,first,False,10,W4225297420
5102201025,2022,middle,False,10,W4226277721
5102206061,2022,middle,True,14,W4306353220
5102206440,2022,middle,False,8,W4389009562
5102210959,2022,middle,False,6,W4283689139
5102220317,2021,middle,False,5,W3174409617
5102220470,2020,middle,False,4,W3026934743
5102227355,2022,middle,False,11,W4385573863
5102230396,2022,last,False,4,W4312269230
5102241553,2021,last,True,2,W3213880109
5102246878,2020,first,False,5,W3204880395
5102250777,2022,middle,False,15,W4224903494
5102274699,2020,last,False,4,W3104254968
5102274943,2021,first,False,9,W3210268599
5102279651,2019,last,True,3,W2981163821
5102283070,2022,last,False,2,W4282965454
5102301230,2021,middle,False,5,W3174692247
5102308336,2022,middle,False,3,W4213367635
5102316765,2022,middle,False,7,W3210790666
5102334100,2020,first,False,6,W2997759614
5102334232,2020,last,False,6,W3099728037
5102387413,2020,middle,False,6,W3113681927
5102392400,2021,first,False,8,W3097660860
5102395716,2020,first,False,4,W3045699325
5102396915,2020,middle,False,8,W3115267493
5102410648,2022,middle,False,5,W3179534853
5102459817,2020,middle,False,9,W3112315235
5102476598,2021,middle,False,6,W4206506380
5102491705,2021,middle,False,6,W3197770791
5102548935,2022,middle,False,3,W4385573630
5102672581,2022,middle,False,5,W4293093533
5102672713,2020,last,False,3,W3126934640
5102704898,2022,last,False,4,W4304208328
5102708800,2022,last,False,3,W4366966833
5102709739,2022,last,True,4,W4303444760
5102710129,2020,middle,False,5,W3114717762
5102710198,2022,middle,False,6,W4385573069
5102711776,2022,last,False,6,W4385574179
5102715103,2019,last,False,3,W2971095815
5102715514,2022,middle,False,10,W4286491305
5102717169,2021,middle,False,6,W3176892444
5102717976,2021,last,False,5,W3156586578
5102721941,2021,first,False,5,W3183764363
5102724695,2022,last,False,6,W4385574366
5102724821,2021,middle,False,4,W3185490296
5102725147,2019,middle,False,4,W2995333547
5102727943,2022,middle,False,7,W4285293425
5102728538,2020,middle,False,8,W3114361292
5102728648,2021,last,False,3,W4200373861
5102730789,2021,first,True,2,W3190892098
5102730900,2022,first,False,4,W4312385228
5102730947,2022,middle,False,7,W4285252223
5102732054,2022,last,False,10,W4285141508
5102733726,2021,middle,False,6,W3167698605
5102738283,2019,last,False,3,W2952594430
5102738630,2021,middle,False,5,W3155510817
5102739318,2022,first,True,5,W4385573698
5102739620,2019,first,False,3,W2963188609
5102743064,2022,middle,False,7,W4303685555
5102743927,2019,last,False,5,W2994071599
5102744844,2020,middle,False,3,W3130676345
5102745849,2021,middle,False,6,W3175013773
5102746191,2022,middle,False,5,W4308517725
5102746568,2021,middle,False,10,W3204800866
5102746753,2022,last,True,5,W4286751634
5102747681,2021,middle,False,6,W3200597478
5102749262,2022,first,False,8,W4307494192
5102750557,2019,middle,False,9,W2987241137
5102751070,2020,first,False,4,W3106534186
5102751548,2022,last,False,4,W4320024060
5102751782,2022,last,False,6,W4309745330
5102754043,2021,middle,False,5,W4200630396
5102754146,2020,middle,False,3,W3080238567
5102754179,2022,middle,False,4,W4293868331
5102754903,2021,middle,False,4,W3160439235
5102755158,2021,last,False,4,W4226120250
5102755348,2022,middle,False,5,W4320057655
5102756770,2022,last,False,4,W3211925781
5102757632,2020,middle,False,6,W3010593057
5102758747,2021,middle,False,8,W4285327206
5102759044,2022,middle,False,7,W4312678820
5102760981,2022,last,False,3,W4313484747
5102761306,2019,middle,False,5,W2971105107
5102763494,2021,first,True,2,W4205897796
5102766517,2020,middle,False,6,W3115117775
5102768936,2022,middle,False,7,W4310731961
5102770405,2022,first,True,3,W4308424096
5102771033,2020,middle,False,6,W3130644246
5102772073,2021,middle,False,6,W3170721718
5102772985,2019,middle,False,4,W2985601521
5102773465,2020,middle,False,3,W3094353684
5102774088,2020,middle,False,4,W3136377320
5102774911,2022,last,False,7,W4307958708
5102775511,2020,last,False,4,W3097805260
5102779217,2022,last,False,2,W4294658096
5102780660,2021,middle,False,4,W3159380685
5102781467,2021,middle,False,4,W4205150188
5102783137,2020,middle,False,7,W2997852611
5102784508,2022,middle,False,15,W4224903494
5102785999,2022,middle,False,7,W4285817834
5102788683,2022,middle,False,6,W4297798747
5102788789,2021,last,False,5,W3209864719
5102788950,2021,middle,False,6,W4205497773
5102792436,2021,first,False,5,W3197324626
5102792763,2022,first,True,3,W4385573561
5102793227,2021,first,False,3,W3211466672
5102793330,2022,middle,False,5,W4213224931
5102793777,2021,last,False,2,W3180521534
5102794651,2021,last,False,2,W4200493871
5102795236,2021,middle,False,6,W3215845947
5102796441,2022,middle,False,7,W4312761303
5102800878,2022,middle,False,7,W4312891566
5102802605,2019,last,False,4,W2987751813
5102802702,2022,middle,False,6,W4287854564
5102803694,2021,last,True,4,W3216854409
5102803936,2021,middle,False,3,W3175019732
5102804009,2022,first,False,2,W4297841871
5102811282,2019,middle,False,8,W2970501962
5102811342,2020,middle,True,5,W3115022302
5102812409,2022,last,False,4,W4309640070
5102816082,2021,first,False,8,W3175283974
5102817883,2021,last,False,6,W4205105495
5102818248,2022,middle,False,8,W4283316516
5102821129,2019,last,False,4,W2985076717
5102823047,2020,middle,False,6,W3100053428
5102823615,2022,middle,False,18,W4289523162
5102823810,2020,last,True,2,W3008764429
5102825033,2021,middle,False,8,W3208306314
5102825063,2021,first,True,3,W3216974065
5102829307,2021,first,False,6,W3161128143
5102829836,2020,middle,False,6,W3104598375
5102829972,2021,last,False,3,W4211265183
5102830655,2021,middle,False,5,W4206740323
5102831638,2022,last,False,6,W4294691732
5102833089,2022,middle,False,7,W4385572855
5102836035,2019,middle,False,12,W2947903144
5102837714,2022,last,False,5,W4210787071
5102837725,2022,middle,False,5,W4285145730
5102838005,2021,last,False,3,W4206916277
5102838140,2019,middle,False,17,W2970731908
5102839005,2021,middle,False,9,W4200285122
5102840416,2021,middle,False,5,W3213059131
5102841367,2021,middle,False,6,W3199307809
5102843356,2022,last,False,7,W4225809681
5102843658,2020,middle,False,5,W3086447340
5102844554,2021,last,False,5,W4214733921
5102845007,2021,middle,False,5,W3198712976
5102846391,2022,first,True,2,W4385574331
5102848002,2021,middle,False,5,W3118237457
5102848539,2019,middle,False,4,W2986532682
5102849513,2020,last,False,4,W3024457643
5102849990,2022,middle,False,6,W4312253643
5102851028,2020,middle,False,6,W3096297644
5102851038,2022,first,True,5,W4313419997
5102854878,2022,first,False,8,W3207961486
5102860042,2022,middle,False,10,W4283651323
5102861073,2022,middle,False,3,W3200000156
5102863507,2022,middle,False,3,W4226376310
5102865110,2022,last,False,2,W4210433607
5102865824,2020,middle,False,5,W2997763445
5102867647,2020,last,False,3,W3091621850
5102867777,2019,middle,False,4,W2985423527
5102869280,2019,middle,False,6,W3010888783
5102869585,2022,middle,False,5,W3032553678
5102869694,2021,middle,False,4,W4205432790
5102869952,2020,last,False,7,W3004092718
5102871222,2021,last,False,3,W3195947713
5102873084,2021,middle,False,11,W3211148996
5102874379,2020,middle,False,4,W3045979540
5102880001,2022,middle,False,4,W4285133117
5102880548,2021,middle,False,6,W3187908937
5102881033,2020,middle,False,6,W3160996069
5102883534,2022,last,False,4,W4385574076
5102884034,2021,middle,False,7,W4200225523
5102884729,2021,middle,False,12,W3202043691
5102885656,2021,middle,False,18,W4226194443
5102886212,2020,last,False,3,W3101224739
5102889910,2020,middle,False,6,W2997759614
5102890289,2020,first,False,6,W3103136066
5102891041,2021,middle,False,8,W3163826605
5102892146,2022,middle,False,6,W4287889335
5102893215,2022,middle,False,4,W4304091802
5102895990,2021,last,False,8,W4229452760
5102897927,2019,middle,False,5,W3012133245
5102898115,2021,last,False,4,W3179867916
5102898909,2022,middle,False,8,W4225881819
5102899381,2020,last,False,2,W2997597456
5102902110,2021,middle,False,5,W3202747033
5102902866,2021,middle,False,6,W4210690962
5102906366,2021,middle,False,12,W3119786062
5102908070,2019,last,False,5,W2953427978
5102909490,2022,middle,False,4,W4311633763
5102909686,2020,middle,False,3,W3033292815
5102910037,2022,middle,False,7,W4293066616
5102911387,2022,middle,False,3,W3208480086
5102911751,2021,last,False,2,W3172609872
5102915313,2021,middle,False,6,W3190806564
5102916885,2022,middle,False,8,W4313056180
5102920772,2022,last,False,4,W4293167183
5102921136,2021,middle,False,5,W3185073554
5102921233,2021,middle,False,8,W3207796193
5102921433,2019,last,True,4,W2963473243
5102921689,2021,middle,False,4,W3172335315
5102923053,2021,middle,False,4,W3168125510
5102924129,2020,middle,False,5,W3026878185
5102924560,2020,middle,False,9,W3115903740
5102924622,2021,middle,False,9,W3158802984
5102924961,2021,last,False,7,W3200811198
5102928677,2021,last,False,5,W3110664450
5102929910,2022,first,False,3,W4223987465
5102936906,2021,middle,False,4,W4200322514
5102936996,2022,first,False,2,W4318147787
5102937047,2022,last,False,2,W4286751259
5102942058,2020,first,True,1,W3044199925
5102944075,2020,middle,False,4,W3101458441
5102944452,2021,middle,False,5,W3208601917
5102945075,2021,first,False,6,W3132781388
5102945426,2021,first,False,3,W4226237817
5102946364,2020,middle,False,6,W3170131685
5102947707,2022,middle,False,6,W4287889335
5102948623,2020,middle,False,8,W3083741021
5102948697,2022,first,False,3,W4385325305
5102948988,2019,middle,False,4,W2962815673
5102950309,2021,middle,False,5,W3193176023
5102952938,2021,middle,False,6,W3141624005
5102953634,2019,middle,False,3,W2970652397
5102953850,2020,first,False,2,W3118324154
5102958590,2022,middle,False,6,W4360764289
5102959274,2021,last,False,4,W3176009285
5102959583,2022,first,False,8,W4225308800
5102961214,2021,middle,False,6,W3174588372
5102963623,2021,middle,False,4,W4206078246
5102966200,2022,last,False,6,W4280629802
5102966744,2021,first,False,3,W3191418446
5102969395,2022,first,True,1,W4297878838
5102969690,2021,first,False,3,W3201254286
5102969899,2022,middle,False,6,W4385567242
5102970144,2022,middle,False,6,W4312824590
5102970671,2021,first,False,3,W3207987793
5102970829,2020,first,False,4,W3037285953
5102972645,2021,middle,False,8,W3175283974
5102973342,2020,first,True,1,W3106120625
5102974082,2022,first,False,18,W3156404059
5102980557,2021,middle,False,10,W3172139812
5102982122,2022,middle,False,6,W4287888044
5102984496,2020,first,False,4,W3099215402
5102985164,2022,middle,False,7,W4296896315
5102985475,2021,middle,False,7,W3175136856
5102985946,2021,last,False,10,W3184457097
5102986069,2020,first,False,4,W3115123200
5102986244,2021,middle,False,7,W3177335066
5102988561,2021,middle,False,5,W3171266972
5102989502,2021,middle,False,6,W3175306105
5102991612,2020,middle,False,4,W3043133652
5102992157,2019,last,False,4,W2963115613
5102993141,2020,middle,False,4,W3034870693
5102994315,2019,middle,False,8,W2970092972
5102996367,2020,last,False,3,W3117136023
5102997681,2022,middle,False,7,W4312981036
5102998108,2021,last,False,6,W3169633657
5103000631,2019,middle,False,4,W2952250961
5103002593,2022,last,False,3,W4226275807
5103003102,2021,middle,False,4,W3205462295
5103004473,2020,last,False,3,W3096848254
5103006156,2022,middle,False,5,W4287889972
5103007977,2021,last,False,2,W3194293177
5103010759,2021,middle,True,3,W4200510322
5103011124,2019,last,False,5,W2970960706
5103012388,2022,first,False,5,W4226118487
5103012738,2020,middle,False,3,W3117247249
5103014125,2021,middle,False,7,W3176443840
5103015161,2022,last,False,6,W4283074519
5103016944,2022,middle,False,5,W4295953993
5103017087,2020,middle,False,8,W2997774782
5103017455,2022,last,False,7,W4285148475
5103017648,2022,middle,True,5,W4312187763
5103017953,2019,last,False,4,W2884574958
5103020604,2020,first,False,7,W3026078646
5103021115,2022,first,False,2,W4385270469
5103023396,2021,middle,False,5,W4206396057
5103023862,2020,middle,False,5,W3015412890
5103024385,2020,last,False,4,W3102610439
5103024668,2022,first,False,5,W4287890645
5103026251,2021,first,False,6,W4206509300
5103026466,2021,middle,False,8,W3155707959
5103028425,2022,middle,False,11,W4214915423
5103029832,2021,middle,False,6,W4206694405
5103031378,2022,last,False,2,W4285209294
5103032266,2021,middle,False,6,W3184784418
5103033380,2022,first,False,7,W4281483006
5103035568,2021,middle,False,6,W4200051180
5103036125,2020,last,True,10,W3095189764
5103036411,2022,last,False,4,W4313017515
5103037922,2022,first,False,4,W4281480245
5103048025,2022,last,False,6,W3204428002
5103049784,2020,first,False,2,W3091088803
5103050255,2021,middle,False,7,W4205131770
5103053820,2022,middle,False,5,W4285162225
5103054563,2022,first,False,4,W4385567257
5103055028,2021,middle,False,10,W3170536409
5103055957,2019,middle,False,4,W2971325593
5103056295,2021,last,False,7,W3197055506
5103057569,2022,middle,False,8,W4224314500
5103058383,2019,middle,False,6,W2922580172
5103060957,2019,middle,False,3,W3005692187
5103061384,2021,first,False,7,W3197264270
5103061977,2019,middle,False,5,W2977526300
5103063658,2021,middle,False,6,W3201511955
5103064377,2020,middle,False,6,W3096315765
5103065972,2022,first,False,8,W4229451790
5103067960,2022,middle,False,7,W4292197005
5103068530,2021,first,False,2,W3200796554
5103071668,2021,middle,False,6,W3173595688
5103072214,2022,first,False,3,W4280583168
5103073880,2021,middle,False,5,W3212193424
5103075338,2022,middle,False,7,W4287889965
5103077057,2021,middle,False,7,W3141261903
5103077343,2022,middle,False,3,W4285254572
5103078504,2021,middle,False,4,W4206250065
5103079285,2020,middle,False,7,W3000546628
5103083194,2021,middle,False,3,W3217655261
5103083219,2019,middle,False,6,W2970414946
5103084020,2022,middle,False,4,W4225166568
5103085805,2019,middle,False,3,W2953287808
5103085885,2019,first,False,5,W3002784191
5103086052,2020,middle,False,5,W3115926405
5103086350,2021,middle,False,4,W4200068033
5103086620,2019,middle,False,6,W3003326990
5103088416,2020,last,False,6,W3045780055
5103090910,2020,middle,False,7,W3104502698
5103091527,2022,last,False,5,W4311605657
5103091951,2021,middle,False,3,W3148757058
5103092057,2021,last,False,4,W3209650911
5103096924,2020,first,False,8,W3101988982
5103098205,2022,middle,False,5,W4361020044
5103098852,2021,middle,False,6,W3144557079
5103099779,2022,middle,False,6,W4308216616
5103099793,2022,middle,False,4,W4328028679
5103101177,2022,middle,False,7,W4293518014
5103102000,2021,last,False,3,W3175025890
5103103242,2020,first,False,6,W3101082165
5103105872,2022,last,False,3,W4308404500
5103109289,2021,middle,False,5,W3165244476
5103109833,2020,middle,False,6,W3080853733
5103110081,2021,first,False,4,W3127926113
5103112809,2021,first,False,4,W3214319339
5103115384,2020,middle,False,7,W3042874060
5103118877,2019,middle,False,6,W3004179129
5103118884,2020,first,False,3,W3043081418
5103119755,2020,middle,True,4,W3034745874
5103120485,2021,middle,False,7,W3206770993
5103122355,2021,middle,False,6,W3174119180
5103124835,2019,middle,False,16,W2971044268
5103125835,2019,middle,False,3,W2964082993
5103126263,2022,middle,False,9,W4295473018
5103131005,2021,middle,False,6,W4226133175
5103133745,2019,first,False,7,W2993961432
5103135659,2020,middle,False,6,W3046209160
5103136849,2021,last,False,2,W3205551662
5103137237,2021,middle,False,4,W4213019342
5103140704,2022,last,True,7,W4281861113
5103140908,2022,first,False,4,W4312096651
5103141816,2020,last,False,5,W3107106666
5103144496,2019,middle,False,10,W2970390493
5103145581,2020,last,False,8,W3100710793
5103148859,2020,last,False,6,W3045631589
5103149967,2022,middle,False,6,W4313023767
5103150943,2022,middle,False,5,W4292258164
5103152027,2021,middle,False,5,W3186786053
5103157190,2021,middle,False,6,W3161513287
5103158963,2022,middle,False,6,W4211071725
5103159858,2022,middle,False,8,W4311458893
5103159870,2021,middle,False,5,W3172407229
5103165970,2021,last,False,3,W3193735942
5103166161,2021,middle,False,4,W3168553196
5103166668,2021,middle,False,3,W3184275834
5103166791,2021,middle,False,6,W3176892444
5103168466,2020,last,False,6,W4230571585
5103170424,2022,middle,False,4,W4295934641
5103171940,2021,middle,False,8,W3210395416
5103171964,2019,first,False,6,W2976057391
5103172652,2022,middle,False,5,W4285602055
5103173777,2021,first,True,1,W3195688941
5103173901,2022,middle,False,3,W4312580481
5103175239,2022,middle,False,8,W4307494192
5103177065,2022,first,False,6,W4287887943
5103177278,2022,last,False,5,W4286256612
5103178693,2022,middle,False,10,W4285241172
5103178712,2020,middle,False,4,W2995856824
5103178893,2019,middle,False,7,W3046423960
5103179009,2020,middle,False,4,W3090536330
5103180391,2020,middle,False,3,W3023891225
5103181710,2022,middle,False,19,W4225164540
5103182620,2019,middle,False,4,W2986294417
5103185254,2020,middle,False,4,W3083774803
5103185916,2022,middle,False,6,W4385574174
5103186997,2021,last,False,4,W3116815090
5103187717,2021,last,False,10,W3160628828
5103187741,2022,middle,False,4,W4301184662
5103187819,2022,last,False,5,W4296914820
5103190126,2022,last,False,4,W4312636111
5103193854,2021,middle,False,3,W3166362876
5103196339,2022,middle,False,7,W4289533802
5103196575,2022,middle,False,6,W4296442677
5103196654,2021,first,False,3,W3213426144
5103198665,2021,middle,False,6,W3169633657
5103200437,2020,first,False,3,W3096424111
5103201461,2020,middle,False,4,W3037576402
5103201637,2021,last,False,3,W3215135686
5103201677,2021,first,False,6,W3175404808
5103205285,2022,last,False,3,W4205221547
5103209723,2019,first,False,4,W2981199400
5103209777,2020,last,False,5,W3102554603
5103211417,2019,last,True,7,W2994833988
5103213198,2019,middle,False,4,W3003923175
5103214505,2020,middle,False,4,W3089706568
5103216912,2021,middle,False,6,W3174176164
5103218426,2021,middle,False,13,W3162347631
5103218891,2022,middle,False,7,W4313136445
5103219508,2022,middle,False,8,W3206816211
5103220732,2021,first,False,3,W3213810112
5103221123,2019,middle,False,6,W2991788499
5103221173,2019,last,False,5,W2964314715
5103222217,2020,first,False,2,W2997726715
5103222366,2019,middle,False,7,W2986907127
5103222435,2022,last,False,3,W4313527301
5103223538,2022,middle,False,8,W4285244497
5103224637,2020,last,False,2,W3105295588
5103225802,2022,middle,False,7,W4285148830
5103227343,2021,last,False,7,W3171540545
5103228236,2022,first,False,4,W4312068411
5103228486,2022,middle,False,3,W4285214982
5103230346,2021,last,False,8,W3174724858
5103231131,2021,middle,False,11,W4205508242
5103234379,2021,middle,False,7,W3201234832
5103236320,2020,middle,False,8,W3083741021
5103237059,2022,middle,False,15,W4286480083
5103239171,2021,middle,False,16,W3133264589
5103241552,2022,last,False,2,W4281382464
5103247663,2022,middle,False,5,W4285264484
5103247973,2021,middle,False,7,W3161768215
5103248543,2022,first,False,6,W4307235828
5103248641,2022,last,False,5,W4283322981
5103248731,2020,middle,True,4,W3101540846
5103251327,2021,last,False,2,W4205101888
5103252086,2021,last,False,11,W3175644086
5103252936,2021,last,False,6,W3210221975
5103253369,2022,middle,False,7,W4221159457
5103256448,2021,middle,False,5,W3157742604
5103256520,2022,middle,False,6,W4312769653
5103256800,2020,middle,False,4,W3014020538
5103256969,2022,middle,False,7,W4308922124
5103259840,2022,middle,False,6,W4214708780
5103260730,2020,middle,False,3,W3123993970
5103264952,2022,middle,False,4,W4385573544
5103266708,2021,middle,False,4,W3208359515
5103267074,2022,middle,False,3,W4296885300
5103267259,2022,middle,False,4,W4293863213
5103267379,2020,middle,False,9,W3044249632
5103267940,2022,middle,False,9,W4306909285
5103268322,2021,middle,False,6,W3133633832
5103269055,2021,middle,False,5,W4205493721
5103269930,2022,first,False,6,W3160974509
5103271078,2022,first,False,7,W4309339960
5103271811,2021,last,False,4,W3196091473
5103272289,2022,middle,False,6,W4301184456
5103275673,2019,middle,False,15,W2970752831
5103280080,2020,middle,False,5,W3102554603
5103281205,2022,middle,False,12,W4281487830
5103282283,2021,first,True,1,W3185842296
5103282437,2021,last,False,2,W3186545782
5103283055,2020,middle,False,4,W3090956332
5103284721,2022,middle,False,7,W4312388782
5103284923,2020,last,False,4,W3105214104
5103295802,2021,last,False,5,W3200091975
5103323164,2021,last,True,2,W3155998852
5103324245,2020,middle,False,12,W3037181498
5103325594,2020,last,False,4,W3100653636
5103329247,2022,middle,False,7,W4280543959
5103332939,2022,last,False,2,W4308234200
5103346757,2022,last,False,3,W4281756024
5103361564,2022,middle,False,17,W4285250921
5103391171,2021,middle,False,6,W4200469005
5103418996,2020,last,False,6,W3089596261
5103427015,2020,middle,False,4,W3116231956
5103437255,2020,middle,False,9,W3106803824
5103442125,2020,last,False,4,W3114735516
5103448933,2022,middle,False,6,W4206722835
5103454930,2022,middle,False,20,W4289521415
5103466668,2022,last,False,4,W4291214577
5103477851,2019,middle,False,5,W3093722805
5103482732,2022,middle,False,7,W4226153613
5103536702,2022,middle,False,18,W3156404059
5103541243,2022,first,False,3,W4385572867
5103546898,2019,first,False,2,W2989276524
5103573586,2021,last,False,3,W3164120900
5103605509,2021,first,False,4,W3175937250
5103605539,2021,middle,False,5,W3168690788
5103644234,2022,middle,False,4,W4312430514
5103648432,2022,last,False,2,W4308702628
5103660860,2021,last,True,2,W3198607482
5103661483,2022,middle,False,8,W4287887770
5103675658,2022,middle,False,9,W4285158055
5103677687,2021,middle,False,6,W3175591618
5103695396,2019,middle,False,7,W2970986510
5103705093,2022,middle,False,18,W4289523162
5103717145,2020,middle,False,6,W3036723255
5103725392,2022,last,False,6,W4313174897
5103777591,2022,first,False,3,W4385573215
5103789387,2019,middle,False,11,W3004516141
5103791000,2022,first,False,6,W4287887370
5103822192,2021,last,False,3,W3174231090
5103837328,2021,middle,False,6,W3167028092
5103839381,2022,middle,False,6,W4293851517
5103842931,2019,middle,False,5,W2971062717
5103852640,2020,last,False,4,W3035407756
5103853262,2019,middle,False,4,W2970081744
5103854502,2019,first,False,5,W2970850076
5103855083,2022,first,False,2,W4296363278
5103861221,2020,middle,False,5,W3148876978
5103874391,2021,last,False,6,W4210690962
5103883353,2022,middle,False,7,W4362564979
5103908440,2022,middle,False,5,W4306752035
5103913411,2021,middle,False,7,W4200459702
5103924791,2020,middle,False,15,W3088112290
5103924823,2022,first,False,2,W4312639714
5103933556,2021,last,False,2,W3205223565
5103933923,2022,first,True,1,W4317495595
5103935192,2022,middle,False,8,W4310009523
5103940741,2021,middle,False,3,W3174237804
5103960169,2019,middle,False,5,W3125615400
5103967773,2021,first,False,5,W4206740323
5103969452,2022,last,False,3,W4308573806
5103984126,2022,last,False,6,W4285169731
5103989973,2019,middle,False,3,W2970172244
5103996591,2021,first,False,3,W3209044897
5104006288,2022,middle,False,12,W4297035359
5104021555,2022,last,False,6,W4385573573
5104034641,2020,middle,False,5,W3132423895
5104035145,2022,middle,False,7,W4283771593
5104036615,2021,middle,False,19,W3171654528
5104082506,2020,last,False,3,W3082318988
5104087148,2022,last,False,3,W4385573838
5104089978,2022,first,False,3,W4385573750
5104090734,2018,middle,False,6,W2970391280
5104093915,2022,first,False,4,W4313180316
5104111369,2020,middle,False,5,W3105306115
5104139092,2021,first,False,3,W3198756156
5104144394,2022,middle,False,8,W4220978177
5104182693,2021,last,False,9,W3173891391
5104186930,2022,middle,False,8,W4226277663
5104210033,2022,first,False,7,W4385573272
5104247245,2021,middle,False,4,W3173618889
5104281006,2022,middle,False,8,W4290996451
5104328511,2021,last,False,6,W4200292123
5104350494,2021,middle,False,4,W3205032572
5104360871,2020,last,False,5,W3099053776
5104366289,2020,last,False,5,W3115413024
5104460063,2021,middle,False,16,W3183988814
5104472410,2021,middle,False,5,W3176292403
5104473141,2021,last,False,6,W3180029035
5104561219,2019,last,False,5,W2977542973
5104910007,2019,middle,False,3,W2950883770
5105422045,2021,last,False,3,W3155747247
5105462436,2022,middle,False,6,W4385573281
5105462955,2022,middle,False,5,W4294811651
5105471059,2021,middle,False,4,W3199676162
5105659698,2019,last,False,3,W2976416215
5105670050,2020,middle,False,7,W3118749790
5105769246,2022,last,False,5,W4286542621
5105792483,2022,middle,False,8,W4220703175
5105836462,2020,first,False,2,W3099942180
5105839982,2020,middle,False,8,W3110734869
5105881332,2021,middle,False,4,W3116815090
5105935478,2022,last,False,4,W4290996525
5105936935,2020,last,False,4,W2995856824
5105937690,2021,last,False,7,W3165195746
5105985296,2021,last,False,3,W3164871893
5105987070,2020,middle,False,7,W3034731179
5106184984,2021,last,False,3,W4212797145
5106307747,2019,first,False,11,W2984305408
5106404246,2022,middle,False,7,W4225300652
5106404265,2022,last,False,6,W4225296661
5106404831,2021,last,False,4,W4210641315
5106405285,2019,last,False,6,W3005626333
5106405535,2022,last,False,5,W4309675319
5106406655,2020,first,False,3,W3117692608
5106406829,2020,first,False,2,W3171076385
5106522626,2021,last,False,5,W3174212835
5106524687,2022,middle,False,4,W4385572980
5106542734,2020,middle,False,5,W3037422790
5106557560,2022,middle,False,7,W3207360934
5106557565,2022,middle,False,14,W3205644108
5106571401,2020,last,False,4,W3091348480
5106627865,2022,middle,False,7,W3207360934
5106671844,2021,first,False,5,W3173859131
5106691454,2020,middle,False,3,W3035597279
5106762821,2022,middle,False,8,W4385573469
5106859201,2021,middle,False,5,W3197236059
5106941407,2022,first,True,5,W4293064497
5106942630,2020,last,False,5,W3009251324
5107006736,2019,last,False,3,W2972081044
5107028150,2019,first,False,17,W2970731908
5107072461,2022,middle,False,6,W4385573411
5107172719,2022,middle,False,5,W4313229660
5107174154,2022,middle,False,8,W4225655905
5107191592,2022,middle,False,11,W4286267600
5107196515,2022,middle,False,6,W4283707013
5107211303,2022,middle,True,6,W4296777590
5107234003,2020,last,False,5,W3034876042
5107248181,2022,middle,False,8,W4307494192
5107249743,2019,last,False,5,W2971105107
5107269683,2022,last,False,8,W4287854559
5107337645,2019,middle,False,5,W2972413484
5107485330,2021,middle,False,3,W4205964182
5107556956,2022,first,False,9,W4312466125
5107746832,2022,last,False,4,W4293209991
5107748760,2022,first,False,5,W3205316472
5107808331,2019,last,False,5,W2985145135
5107808892,2022,middle,False,4,W4319777948
5107827259,2022,middle,False,14,W4225134871
5107835063,2019,last,False,3,W2963809228
5107836252,2020,last,False,4,W3035313462
5107838508,2021,middle,False,4,W3168128461
5107859338,2021,middle,False,6,W3175301726
5107898489,2021,first,False,7,W3110846353
5107931312,2022,middle,False,6,W4297841894
5107933177,2022,first,True,3,W4385894674
5107976561,2022,first,False,3,W4285127355
5107981872,2022,middle,False,9,W4283791710
5107982961,2021,last,False,4,W4205284728
5107992681,2022,middle,False,5,W4297492727
5108004403,2021,middle,False,7,W3188635098
5108008488,2022,middle,False,18,W4310811141
5108009389,2021,middle,False,4,W3201690066
5108015698,2022,middle,False,7,W4385573463
5108016571,2022,first,False,4,W4313189080
5108029028,2020,middle,False,4,W2983160116
5108047157,2022,middle,False,10,W4385573293
5108048105,2021,middle,False,3,W3209138746
5108048720,2022,first,False,9,W4312727366
5108049287,2021,middle,False,4,W4226210750
5108049464,2022,middle,False,8,W4293196257
5108050347,2022,middle,False,5,W4312259157
5108050448,2021,middle,False,6,W3182937942
5108050450,2022,first,False,2,W4302335288
5108050577,2021,first,False,6,W3211640112
5108053995,2020,middle,False,7,W3127195320
5108054030,2020,middle,False,4,W3096157982
5108055798,2022,middle,False,6,W4206693420
5108055863,2022,last,False,3,W4281976756
5108059718,2021,middle,False,6,W4205395483
5108063890,2021,last,False,3,W3201643663
5108064414,2021,middle,False,5,W3173376018
5108064895,2021,middle,False,4,W3195666616
5108075835,2019,middle,False,15,W2970279348
5108089716,2022,middle,False,9,W4313036289
5108093963,2022,first,True,1,W3132401450
5108104297,2021,last,False,2,W3154502570
5108106864,2022,middle,False,4,W4281250639
5108118084,2022,last,False,4,W4292787334
5108120865,2021,last,False,18,W3189296823
5108129241,2020,middle,False,8,W3104390324
5108131409,2022,middle,False,6,W4385573432
5108137151,2020,middle,False,8,W3098068947
5108142154,2022,first,False,4,W4312636111
5108156794,2021,middle,False,5,W3198947798
5108167075,2022,first,False,2,W4288061531
5108167267,2021,last,False,2,W3156283552
5108187466,2021,last,False,3,W3160641957
5108193412,2021,middle,False,9,W3214106240
5108196717,2022,last,False,4,W4312068981
5108213808,2022,middle,True,6,W4223889796
5108217303,2021,middle,False,6,W4205518118
5108234466,2022,first,True,4,W4281621415
5108257764,2022,last,False,8,W4283788970
5108266075,2020,first,False,4,W3115920274
5108266978,2019,middle,False,15,W2970279348
5108279637,2021,middle,False,8,W3214322805
5108280169,2022,last,False,4,W4220673115
5108286740,2022,middle,False,6,W4224281327
5108293502,2021,last,False,6,W4205615137
5108354663,2022,middle,False,7,W4285107336
5108373424,2021,last,False,5,W3166200734
5108392430,2022,middle,False,9,W4285308960
5108406391,2022,first,True,1,W4224056764
5108407651,2021,first,True,2,W3185615264
5108411793,2021,middle,False,5,W3196359847
5108432886,2022,middle,False,5,W3203162515
5108453413,2020,middle,False,4,W2937815589
5108465269,2022,middle,False,9,W4285236136
5108469221,2021,middle,False,4,W3128539297
5108497989,2021,middle,False,8,W3212906320
5108498304,2022,last,False,2,W4302335288
5108516165,2022,last,False,2,W4312081888
5108523545,2021,middle,True,3,W3169001897
5108534872,2022,middle,False,8,W4308642531
5108537573,2022,last,False,6,W4224919704
5108616991,2022,middle,False,6,W4312409772
5108624212,2020,last,False,2,W3176491577
5108625236,2021,middle,False,5,W3207967731
5108638166,2022,last,False,3,W4310609805
5108642431,2021,last,False,4,W3198275944
5108644922,2020,middle,False,6,W3034337319
5108646315,2020,last,False,2,W3178802061
5108647194,2021,middle,False,3,W3174956803
5108651387,2021,middle,False,3,W4200554022
5108652283,2019,last,False,6,W2952826391
5108660469,2022,middle,False,4,W4312522056
5108677106,2022,first,False,4,W4297514003
5108681526,2022,middle,False,3,W4281389546
5108683570,2022,middle,False,6,W4301184339
5108683740,2021,middle,False,5,W3156558703
5108692434,2021,last,False,4,W3148504935
5108705811,2020,middle,False,4,W3104763958
5108732766,2021,last,False,8,W3207796193
5108738927,2020,last,False,5,W3096775731
5108743868,2021,last,False,4,W3119409427
5108745759,2021,last,False,2,W3157798202
5108756348,2020,last,False,6,W3115580930
5108778575,2020,middle,False,3,W3086023408
5108812223,2021,middle,False,3,W4205914569
5108832513,2021,middle,False,5,W4200620261
5108833550,2022,middle,False,10,W4293163051
5108902335,2022,middle,False,5,W4310480301
5108978346,2022,middle,False,5,W4229456977
5109009818,2020,middle,False,6,W3115198855
5109029396,2020,last,False,2,W3114791282
5109029856,2022,first,True,3,W4310454508
5109031255,2019,last,False,4,W2970365965
5109032110,2022,middle,False,8,W4285306574
5109041721,2021,last,False,6,W3197770791
5109041926,2019,last,False,2,W2971143916
5109045955,2019,last,False,8,W3016357493
5109047760,2022,last,False,2,W4296984029
5109052390,2020,last,False,2,W3117745374
5109057821,2022,middle,False,4,W4317418591
5109059955,2019,middle,False,15,W2970279348
5109066626,2021,last,False,4,W3138786034
5109088889,2022,middle,True,4,W4311463220
5109119600,2022,last,False,2,W4385573389
5109127966,2021,middle,False,7,W3169948074
5109139139,2022,last,False,3,W4312518579
5109151740,2021,last,False,3,W3192668928
5109154995,2021,middle,False,5,W3126263370
5109171941,2021,last,False,6,W3212375889
5109186228,2021,last,False,3,W3187361961
5109196469,2019,middle,False,7,W2911489562
5109201766,2021,first,False,4,W4210586402
5109209901,2022,first,False,7,W4223503417
5109215309,2019,middle,True,6,W2970169521
5109234652,2022,first,False,5,W4309229667
5109241535,2022,middle,False,3,W4310608580
5109244101,2022,middle,False,3,W4311212904
5109250040,2019,middle,False,5,W2971105107
5109274672,2021,middle,False,4,W3171471761
5109282686,2021,middle,False,4,W4206753514
5109291841,2021,last,False,4,W4200137045
5109296911,2022,middle,False,5,W4284665344
5109297964,2021,last,False,3,W3121716885
5109300550,2020,middle,False,17,W3016395792
5109303732,2022,first,False,8,W4287888692
5109309152,2020,first,False,3,W3099739484
5109326208,2021,middle,False,5,W3215722946
5109333570,2022,middle,False,6,W4287887245
5109336432,2020,last,False,3,W3089287248
5109344908,2022,middle,False,10,W4304689276
5109346446,2020,middle,False,7,W3035365026
5109357940,2020,last,False,2,W3162021814
5109363839,2021,middle,False,7,W3197055506
5109366760,2021,first,False,2,W3204341860
5109372838,2019,middle,False,5,W2963264660
5109375642,2020,middle,False,3,W3043081418
5109376096,2022,last,True,5,W4213224931
5109387468,2021,middle,False,4,W3197047968
5109393622,2019,first,False,4,W2966183794
5109397355,2021,middle,False,5,W3176039062
5109398524,2021,last,False,5,W3168552854
5109416747,2022,middle,False,7,W4285206182
5109422290,2022,middle,False,4,W4281552540
5109431455,2020,first,False,10,W3037991407
5109432004,2020,middle,False,3,W3031751180
5109435836,2020,first,False,3,W3034946576
5109438686,2021,middle,False,5,W4205572211
5109438962,2021,middle,False,5,W3159527463
5109445159,2022,first,False,6,W4385567177
5109466332,2019,last,False,6,W2953612029
5109469218,2022,middle,False,6,W4224083781
5109500211,2019,last,False,2,W3012384707
5109510805,2020,middle,False,5,W3095601272
5109519525,2022,last,False,4,W4321448364
5109538889,2022,middle,False,4,W4224931234
5109547753,2020,middle,False,8,W3034417881
5109547912,2022,middle,False,4,W4220656870
5109565051,2020,last,False,4,W3106445907
5109575594,2020,first,False,2,W3116492894
5109580043,2021,middle,False,3,W3213708992
5109583510,2021,middle,False,4,W3176366966
5109589407,2022,middle,False,6,W4302763794
5109601254,2022,last,False,2,W4360585544
5109601890,2021,middle,False,6,W3207382565
5109616081,2022,last,True,5,W4301396754
5109730096,2022,middle,False,5,W4210913346
5109741594,2021,first,False,3,W4230515038
5109756269,2022,first,True,8,W4282049100
5109763178,2022,middle,False,7,W4223906719
5109800379,2022,middle,False,10,W4283651323
5109806783,2022,middle,False,6,W4312602419
5109855717,2019,middle,False,4,W2973047874
5109861718,2020,last,False,6,W2994885767
5109863960,2022,last,False,4,W4292794017
5109865927,2019,middle,False,6,W2983608826
5109886311,2020,middle,False,14,W3010140913
5109888639,2019,middle,True,7,W2994833988
5109889861,2022,last,False,4,W3217578519
5109890544,2020,middle,False,6,W3034556939
5109898729,2020,last,False,2,W3160962407
5109902442,2020,last,False,6,W3176438635
5109915474,2020,middle,False,6,W3094243077
5109924510,2021,last,False,3,W3217319441
5109937799,2020,last,False,3,W3035252911
5109949687,2022,middle,False,4,W4384347682
5109949937,2020,middle,False,12,W3119067070
5109972350,2020,last,True,3,W3080517163
5110002236,2022,middle,False,4,W4285164467
5110004623,2020,middle,False,3,W3117559572
5110024580,2022,last,False,5,W4285685050
5110081955,2019,last,False,2,W2950733407
5110109385,2022,last,False,5,W4206971446
5110115820,2021,last,False,2,W3154117862
5110184338,2020,middle,False,14,W3122807568
5110195480,2019,last,True,3,W2971182981
5110197503,2022,last,False,8,W3175027510
5110206002,2021,middle,False,7,W4205350698
5110212471,2022,last,False,4,W4282582403
5110220773,2019,middle,False,4,W2971215761
5110229109,2022,middle,False,7,W4306316950
5110230355,2022,middle,False,8,W4221160683
5110252428,2020,middle,False,8,W3016006013
5110256670,2020,middle,False,5,W3123375411
5110256734,2021,middle,False,4,W4225583195
5110284766,2020,middle,False,6,W3116681083
5110285832,2020,last,False,5,W3101853775
5110292528,2020,middle,False,5,W3080555119
5110301590,2021,middle,False,5,W4285336306
5110313350,2020,last,False,4,W2991223644
5110317553,2021,middle,False,4,W3213904794
5110318467,2020,middle,False,5,W3107106666
5110320609,2020,middle,False,4,W3016137096
5110321280,2020,last,False,3,W3115586429
5110322854,2021,middle,False,8,W3173176143
5110344683,2022,middle,False,11,W4312142088
5110346286,2022,middle,False,7,W4309476636
5110352412,2022,middle,False,10,W4307818395
5110366242,2022,middle,False,6,W4313489927
5110367878,2022,middle,False,4,W4375809650
5110372162,2022,middle,False,9,W4285600327
5110382448,2021,middle,False,3,W3212150810
5110383436,2021,first,False,6,W3176913510
5110393171,2022,middle,False,6,W4306176992
5110399742,2022,last,False,4,W4313009475
5110400703,2022,middle,False,6,W4293208140
5110421297,2021,middle,False,15,W3208257178
5110438308,2022,last,False,2,W4312362554
5110443354,2021,middle,False,9,W3148246773
5110452513,2021,last,False,3,W4214640486
5110453805,2021,last,False,5,W3174888375
5110466031,2022,last,False,4,W4319777948
5110482386,2019,middle,False,4,W2995309332
5110498147,2022,middle,False,3,W4280532631
5110498175,2022,middle,False,5,W4287855064
5110498380,2022,first,False,5,W4287889356
5110510592,2020,first,False,3,W3102046836
5110518840,2019,middle,False,5,W3012133245
5110520522,2022,middle,False,7,W4212850805
5110522492,2022,middle,False,3,W4281262985
5110539185,2018,middle,False,6,W2970391280
5110551419,2020,last,False,6,W3034795928
5110561256,2021,middle,False,4,W3217177475
5110564361,2019,first,False,5,W2986266667
5110573470,2021,first,False,9,W3155335361
5110573982,2019,last,False,5,W2986893290
5110575449,2022,middle,False,8,W4285209827
5110578233,2022,last,False,11,W3198675127
5110579339,2019,last,False,5,W2970682957
5110579398,2022,middle,False,9,W4283796148
5110579844,2021,last,False,2,W4205899033
5110592354,2019,first,False,2,W2970641574
5110615579,2021,middle,False,7,W3170910173
5110623447,2021,middle,False,8,W3200593933
5110628758,2019,middle,False,8,W2970723181
5110629070,2020,middle,False,18,W3109864162
5110643048,2020,first,False,5,W3116977398
5110645828,2019,middle,False,5,W2970449539
5110655916,2022,middle,False,9,W4385573305
5110673811,2020,first,False,6,W3114378680
5110681069,2021,last,False,4,W3122349645
5110699461,2021,middle,False,3,W4210444392
5110711540,2022,middle,False,10,W3202037040
5110722665,2019,last,False,8,W2970501962
5110732539,2020,first,False,5,W2997999674
5110748632,2021,first,False,4,W3177239031
5110756959,2021,last,False,2,W3196633536
5110763152,2020,middle,False,6,W3096297644
5110768736,2021,first,False,2,W3200575125
5110780218,2019,middle,False,5,W2972381305
5110781707,2019,middle,False,15,W2970279348
5110795297,2021,middle,False,5,W3166923557
5110796347,2019,middle,False,6,W2974299639
5110799964,2022,middle,False,10,W4210716706
5110866799,2020,middle,False,8,W3099180151
5110909229,2021,middle,False,4,W3206356080
5110922516,2022,middle,False,5,W4285162225
5110944383,2022,middle,False,3,W4220772304
5110951242,2019,last,False,2,W2965506557
5111048122,2021,last,False,4,W3213168993
5111076409,2020,last,False,3,W3097642048
5111148229,2022,middle,False,7,W4285292339
5111191630,2021,middle,False,4,W4226268614
5111222692,2019,middle,False,5,W2970713124
5111236299,2022,middle,False,6,W4320024200
5111273410,2021,middle,False,5,W3196204467
5111280570,2022,last,False,2,W4320152974
5111311082,2019,middle,False,4,W2971196929
5111364945,2019,middle,False,4,W2981199400
5111373625,2021,last,False,2,W3197159158
5111386159,2022,middle,False,4,W4283380793
5111404777,2020,middle,False,5,W2996848635
5111408590,2020,last,False,2,W3090856691
5111412660,2020,middle,False,6,W3047136615
5111446401,2019,last,False,3,W2981808500
5111452036,2020,middle,False,6,W3119349118
5111452632,2021,middle,False,4,W4200322514
5111465122,2019,last,True,8,W2971120622
5111479164,2022,first,True,1,W4211027888
5111534987,2022,middle,False,7,W4214814349
5111565635,2022,middle,False,7,W4281624287
5111588711,2019,last,False,2,W2986143601
5111609957,2022,middle,False,10,W3212386989
5111626729,2022,middle,False,5,W4385573633
5111635384,2019,last,False,2,W3007961274
5111661897,2021,middle,False,6,W4230636291
5111681115,2021,last,False,3,W3121250149
5111682888,2022,middle,False,9,W4287888021
5111709765,2021,first,False,4,W3215988318
5111739946,2018,last,False,3,W2889581211
5111741697,2022,middle,False,8,W4287890112
5111758092,2022,last,False,2,W4313035969
5111760264,2020,middle,False,3,W3045656322
5111769572,2021,last,False,3,W3171930393
5111792151,2022,last,False,6,W4311197621
5111818593,2022,first,False,6,W4287887529
5111856667,2021,middle,False,6,W3164692279
5111863979,2022,last,False,5,W4385574083
5111889167,2022,middle,False,5,W4385574299
5111895517,2022,last,False,4,W4293824888
5111906642,2022,last,False,4,W4285244397
5111953908,2021,middle,False,5,W3183764363
5111967338,2022,last,False,5,W4328028514
5111991056,2021,middle,False,5,W4226188905
5112007800,2022,middle,False,5,W4312752907
5112027844,2021,middle,False,7,W3215157394
5112028318,2021,last,False,3,W4212936623
5112031654,2022,middle,False,5,W4306752133
5112036093,2021,middle,True,9,W3161106623
5112041541,2021,first,False,3,W3171527489
5112042504,2019,middle,False,6,W2972712416
5112042917,2022,last,False,2,W4296734205
5112054668,2021,middle,False,7,W3154783314
5112109363,2019,middle,False,7,W2970645034
5112109951,2020,last,False,3,W3127337797
5112111855,2022,middle,False,9,W4296025979
5112114826,2022,last,False,7,W4285195959
5112115522,2022,middle,False,10,W4226136917
5112116986,2022,middle,True,6,W4287512390
5112120379,2022,last,False,5,W4312187763
5112122495,2021,middle,False,11,W3207558756
5112125779,2022,last,False,4,W4360765006
5112126721,2021,last,False,4,W4200575386
5112133862,2019,middle,False,3,W2935705121
5112149353,2021,last,False,3,W3184454880
5112182225,2022,first,True,1,W4285102041
5112189992,2021,first,True,5,W3167159170
5112206342,2020,middle,False,4,W3034480528
5112228635,2020,middle,False,4,W3046079573
5112236395,2022,middle,False,5,W4385573947
5112241016,2022,middle,False,7,W4313525438
5112241147,2020,last,False,2,W3094629756
5112241739,2022,last,False,4,W4384347682
5112242537,2019,first,False,3,W2970996870
5112249705,2022,first,False,4,W4385573451
5112252006,2021,middle,False,7,W3212873837
5112253382,2019,middle,False,5,W2966387645
5112259408,2021,middle,False,5,W3213768726
5112283852,2022,middle,False,5,W4312393471
5112302952,2021,middle,False,8,W3214322805
5112306287,2021,middle,False,6,W4205803335
5112309178,2018,last,False,6,W4392656767
5112315093,2019,middle,False,15,W2970279348
5112335036,2021,last,False,5,W3112158532
5112342909,2021,last,False,2,W4200018452
5112355132,2022,last,False,3,W4313270485
5112359845,2019,middle,False,8,W3016357493
5112371264,2021,middle,False,6,W3156095045
5112379210,2022,first,False,7,W4280528906
5112383702,2022,last,False,2,W4316658018
5112403434,2020,first,True,2,W3094629756
5112403836,2022,last,False,4,W4312959286
5112415166,2022,middle,False,5,W4221122204
5112421995,2021,last,False,3,W3161005563
5112447477,2022,middle,False,12,W4285143611
5112448091,2022,middle,False,6,W4312959439
5112456378,2020,middle,False,6,W3103694015
5112473700,2021,middle,False,9,W3174980024
5112483664,2021,last,False,4,W3183860258
5112501010,2020,last,False,3,W3115333065
5112505103,2021,middle,False,6,W3172424021
5112506263,2022,middle,False,7,W4297238584
5112506454,2019,middle,False,4,W2987432247
5112535036,2022,middle,True,5,W4311180795
5112537052,2021,middle,False,6,W3128120479
5112539471,2019,middle,False,5,W2964529779
5112540993,2020,middle,False,8,W3035519138
5112562416,2019,first,False,7,W2970476646
5112574959,2019,middle,False,7,W2951221758
5112582835,2022,first,False,4,W4312283073
5112593580,2020,last,False,6,W3102455836
5112613657,2021,middle,False,6,W3164692279
5112619956,2021,middle,False,4,W3168922484
5112623798,2022,last,True,7,W4283314790
5112650089,2022,middle,False,6,W4308599814
5112689759,2021,first,False,3,W4205757056
5112699548,2022,last,False,2,W4313042654
5112699696,2021,middle,False,7,W4214485011
5112702972,2021,first,False,3,W3211723182
5112713734,2019,middle,False,5,W2963078909
5112719601,2022,last,False,6,W4313306305
5112719871,2022,middle,False,3,W4320801614
5112724341,2022,middle,False,24,W4318603275
5112732426,2021,middle,False,6,W4206565514
5112741673,2022,first,False,3,W4308573806
5112749024,2022,last,False,4,W4312283073
5112774230,2021,middle,False,6,W3175702006
5112828369,2022,last,False,3,W4225383538
5112843832,2021,first,False,2,W3212356022
5112861488,2020,first,False,2,W3114561490
5112861912,2021,middle,False,12,W3208990279
5112862689,2020,last,False,3,W3117445173
5112883084,2022,middle,True,6,W4213457947
5112895446,2022,middle,False,6,W4385300730
5112901755,2021,last,False,3,W3199282899
5112904753,2022,middle,False,3,W3156506295
5112904864,2022,middle,False,7,W4285182954
5112933779,2022,first,False,4,W4312847632
5112970588,2021,middle,False,8,W3208306314
5113017615,2020,middle,False,4,W3097805260
5113027053,2020,last,False,2,W3174936290
5113067629,2022,first,False,5,W4285251400
5113116688,2022,middle,False,7,W4295928017
5113125574,2021,middle,False,5,W4226337077
5113173487,2022,middle,False,5,W4220739579
5113182038,2019,last,False,2,W3007153913
5113213603,2019,middle,False,3,W2900987791
5113226689,2022,middle,False,13,W4312516176
5113272498,2022,last,False,3,W4285261371
5113446883,2022,last,False,2,W4313225250
5113451385,2020,middle,False,7,W3034707327
5113458467,2019,last,False,2,W2965855277
5113462657,2022,middle,False,9,W4287888911
5113467760,2019,last,False,6,W2988167338
5113468033,2021,middle,False,6,W3153263923
5113478221,2021,last,False,2,W3174028105
5113478975,2020,middle,False,4,W3041591073
5113491293,2022,last,False,2,W4309242570
5113495421,2022,last,False,3,W4372056391
5113497996,2021,middle,False,11,W3212947338
5113515054,2020,middle,False,7,W3034731179
5113517476,2019,middle,False,5,W2969282568
5113541520,2020,last,True,2,W3101569935
5113551755,2019,first,False,8,W2971120622
5113562516,2022,middle,False,3,W4287831495
5113566336,2022,middle,False,6,W4327782057
5113578620,2022,middle,False,8,W4286368122
5113587199,2019,last,False,6,W2976057391
5113604020,2020,middle,False,5,W3034295120
5113647192,2022,last,False,4,W4285188282
5113653594,2021,middle,False,3,W3174836139
5113662152,2022,middle,False,8,W4210410782
5113665305,2022,last,False,6,W4282937133
5113667126,2021,last,False,7,W4205477024
5113675850,2021,middle,False,18,W3189296823
5113696329,2022,middle,False,4,W4224916404
5113712910,2019,middle,False,15,W2970279348
5113719560,2022,first,False,6,W4385573432
5113725247,2022,last,False,3,W4308216426
5113730070,2021,middle,False,4,W3184385795
5113740386,2022,last,False,3,W4281737056
5113746899,2022,last,False,5,W4385573755
5113747940,2021,middle,False,6,W3216550917
5113748073,2021,first,False,6,W4200021102
5113748483,2022,middle,False,9,W4385572825
5113749442,2021,middle,False,6,W4210972654
5113755120,2022,last,False,5,W4308497888
5113757183,2022,last,False,4,W4309449460
5113763478,2020,first,False,6,W3104055036
5113788602,2022,middle,False,5,W4285269190
5113790103,2021,last,False,3,W4200564627
5113797854,2022,middle,False,8,W4385572901
5113801172,2022,middle,False,8,W4311529505
5113811530,2021,middle,False,6,W3209059054
5113820036,2021,last,False,7,W3151452316
5113823432,2021,first,False,5,W4205401592
5113826375,2022,middle,False,4,W4313007547
5113834306,2020,last,False,3,W3096424111
5113839735,2021,last,False,3,W3171754973
5113852554,2020,middle,False,5,W3105912780
5113865901,2020,middle,False,5,W3011404287
5113879095,2019,first,False,3,W2954727014
5113881053,2022,middle,False,6,W4291908483
5113882685,2022,first,False,4,W4312726048
5113890641,2021,middle,True,3,W3192668928
5113900420,2020,last,True,3,W3086711114
5113916695,2020,middle,False,7,W3102650215
5113920761,2022,middle,False,5,W4385567216
5113922589,2020,middle,False,3,W2994972936
5113931494,2022,middle,False,3,W4313127614
5113957503,2022,first,False,6,W4313188880
5113959532,2022,middle,False,6,W3204428002
5113981388,2021,middle,False,5,W3205479187
5113987537,2021,middle,False,7,W3174821868
5113988374,2019,last,False,5,W2984673553
5114017723,2022,last,False,5,W4308216812
5114017833,2021,first,False,5,W3166422482
5114021276,2022,last,False,4,W4294672427
5114144999,2022,middle,False,11,W4304142431
5114182672,2022,last,True,9,W4293051825
5114202146,2021,middle,False,3,W3188781449
5114218225,2022,middle,False,6,W4285236565
5114230284,2020,last,False,6,W3111488881
5114257332,2021,middle,False,5,W3198313584
5114310289,2022,middle,False,6,W4306316892
5114310443,2022,first,False,2,W4296558946
5114321308,2020,middle,False,5,W3024881870
5114348295,2021,middle,False,7,W3194532951
5114357284,2020,middle,True,15,W3035833355
5114376389,2022,first,False,21,W4310957810
5114377210,2022,middle,False,5,W4284959527
5114377242,2021,middle,False,6,W3163339651
5114377922,2021,first,False,6,W3212552334
5114429788,2021,last,False,6,W3203911409
5114500266,2022,middle,True,4,W4312124100
5114514387,2020,last,False,3,W2998552463
5114549594,2020,middle,False,7,W3035365026
5114549734,2019,middle,False,6,W2972833053
5114549797,2021,first,False,8,W3209024753
5114585468,2021,middle,False,5,W4200502108
5114626582,2021,middle,False,4,W4285325211
5114672877,2022,middle,False,6,W4226371031
5114778025,2021,last,False,3,W3152603491
5114778045,2019,middle,True,8,W2982026428
5114804118,2021,last,False,4,W3188982915
5114858409,2022,first,False,2,W4296339409
5114860906,2021,middle,False,4,W4214597502
5114910293,2019,middle,False,8,W2987914945
5114910830,2022,middle,False,4,W4224924217
5114911190,2021,middle,False,5,W3211624305
5114911316,2021,last,False,4,W3165388099
5114973567,2022,middle,False,6,W4307235828
5115044944,2020,middle,False,4,W3015642076
5115076610,2022,middle,False,8,W4281696987
5115076694,2021,middle,False,4,W3155571973
5115588412,2022,first,False,3,W4296440180
5115590290,2020,first,False,3,W3120720763
5115590373,2022,middle,False,6,W4280559304
5115590504,2021,first,True,4,W3178633887
5115590731,2022,last,False,4,W4385573008
5115591433,2022,last,False,3,W3168477526
5115591918,2022,first,False,3,W4318147828
5115592065,2019,last,False,7,W2972677740
5115592685,2022,middle,False,6,W4226283960
5115592812,2022,middle,False,8,W4313413439
5115595070,2020,last,False,3,W3114026450
5115595184,2022,first,False,4,W4385573355
5115596907,2021,first,False,2,W4226225296
5115597138,2022,middle,False,7,W4312926441
5115597626,2022,middle,False,9,W4385573003
5115598822,2022,middle,False,6,W4307092689
5115601829,2022,middle,False,7,W4292387160
5115602088,2020,last,False,4,W3086124459
5115602129,2021,first,False,4,W3163761993
5115602239,2022,middle,False,7,W4224910062
5115602260,2022,middle,False,4,W4296554086
5115602540,2020,middle,False,6,W3111637384
5115603153,2020,last,False,3,W3015823170
5115653000,2021,first,False,2,W3154117862
5115695396,2022,middle,False,9,W4225001840
5115695468,2020,middle,False,4,W3106584733
5115695501,2021,first,False,6,W3187908937
5115695550,2020,middle,False,6,W3115373593
5115781256,2021,first,False,3,W3176764239
5115855481,2022,middle,True,7,W4295886447
5115883252,2021,middle,False,7,W3177335066
5115883384,2022,first,False,6,W4224330577
5115883486,2021,first,False,7,W3166384340
5116387005,2022,last,False,5,W4281567778
